timestamp_s,frame_idx,count,avg_speed,anomaly_count,predicted_count
0.7215418815612793,0,11,0.0,0,11.0
1.003885269165039,1,10,3.1571586999936456,0,10.0
1.2381048202514648,2,10,3.6164881772055804,1,0.0
1.470308542251587,3,10,0.8111007958053633,0,0.0
1.7327303886413574,4,9,2.1730863810475936,0,3.193423632574481
1.961345911026001,5,9,1.660378553098373,0,0.6601961813612363
2.18684458732605,6,9,1.7597402813688288,0,0.9471159899060151
2.415432929992676,7,10,2.0957127318490856,0,1.7736987207978245
2.656569480895996,8,9,1.6814819786784612,0,4.819321081648257
2.9022693634033203,9,10,4.260219281341493,1,4.8302082273657225
3.1518163681030273,10,10,2.9162783319561654,0,6.5801563050392735
3.3928780555725098,11,10,1.5685075634196866,0,7.717630222888266
3.6439521312713623,12,11,1.37426397059095,0,8.464631855902105
3.9223577976226807,13,9,1.690955071445346,0,9.980132797062746
4.175911903381348,14,11,1.7423870451708507,0,9.191437861073608
4.4019551277160645,15,11,0.5903354221125394,0,10.270391632202418
4.635558843612671,16,9,1.839442828529633,0,11.006728652625348
4.876524448394775,17,10,1.392672407479219,0,10.243363131626689
5.129259824752808,18,9,1.3631907908236938,0,10.260463650712762
5.42609715461731,19,8,1.0436162908242295,0,9.731511497094584
5.743964195251465,20,7,1.181151800192993,0,8.808123319750873
6.024596691131592,21,9,1.6944466219816028,0,7.616033273692527
6.2701075077056885,22,7,0.9241109222946065,0,7.600798928946746
6.557362079620361,23,9,5.463408454795622,2,6.770879733613059
6.8237223625183105,24,8,4.892516808783763,1,6.897690296127267
7.082022666931152,25,9,2.698049503533361,0,6.656802214119156
7.37015438079834,26,8,3.5218732003916577,1,6.800328268777244
7.661380767822266,27,8,0.8355902388896013,0,6.612437421796449
7.946964502334595,28,8,1.7931675818846384,0,6.469972135842452
8.210670948028564,29,7,2.0209147291705594,0,6.368977542082071
8.470660209655762,30,9,2.122835830372679,0,6.024598090667543
8.73989200592041,31,9,1.5353019772010463,0,6.251922282926928
9.006603717803955,32,8,1.2583452870611351,0,6.453999702458845
9.265998840332031,33,9,0.47853984407148725,0,6.403865579160009
9.529983520507812,34,8,2.1065243690014936,0,6.586182999477761
9.792433023452759,35,8,1.973086626577359,0,6.538581159148302
10.064473628997803,36,8,2.0417489198444456,0,6.4996117790405
10.473442554473877,37,9,2.343234146845148,0,6.435594479308772
10.92673659324646,38,9,3.3366446490042527,1,6.573168916408809
11.404463529586792,39,9,0.863692453643474,0,6.707417339624883
11.86735463142395,40,8,2.066783769771805,0,6.845704089092518
12.316463470458984,41,10,3.3617507782950997,1,6.791915469954004
12.809767007827759,42,9,3.986777348604926,1,7.118034951217076
13.317403554916382,43,10,1.963733972547319,0,7.2346030256750815
13.814565420150757,44,12,3.4300869886358916,0,7.529769326504315
14.31857180595398,45,14,0.9252547706500335,0,8.154586229920241
14.857012271881104,46,12,2.08483440604696,0,9.065521166721073
15.413081884384155,47,11,2.1017014915425847,0,9.549474042882515
15.910616874694824,48,11,1.7955672410496732,0,9.817506639319465
16.381804704666138,49,11,2.098672223221118,0,10.054266945091584
16.830375909805298,50,11,1.4091584286090117,0,10.262164380554742
17.319546461105347,51,11,0.3439818927060034,0,10.448391201069743
17.77974247932434,52,9,2.056010455913709,0,10.611726350372908
18.239713668823242,53,11,1.9761526389252773,0,10.476264884510295
18.65048599243164,54,11,2.2901673444600434,0,10.621079381489842
19.090140342712402,55,10,2.1740633147985244,0,10.75183484073203
19.527589321136475,56,10,1.8176066456792268,0,10.742562847957538
20.04049777984619,57,10,0.6216493006382031,0,10.739047789139931
20.520153045654297,58,10,2.865505859055458,0,10.731979301067298
21.022156715393066,59,9,3.233621990335614,0,10.726106412536083
21.512425899505615,60,10,2.1248049434871716,0,10.605359373505776
21.964537858963013,61,9,1.7745263191854808,0,10.713496152107252
22.454704761505127,62,9,2.894481664837092,1,10.656811315686832
22.966169595718384,63,12,1.6790533874888327,1,10.605476212082712
23.418400287628174,64,10,2.1016676992280194,1,10.879289089155474
23.940037727355957,65,11,3.491756597184629,2,10.877805862079011
24.394872665405273,66,10,1.3406335016940578,0,10.974914433617714
24.908770084381104,67,9,1.8769811380437174,0,10.964510997224853
25.453859090805054,68,10,3.9397953442237745,1,10.900892225392333
25.92776846885681,69,10,0.7200779659118308,0,10.888875534356108
26.476686000823975,70,10,2.0490919094426276,0,10.930338228030028
27.006333351135254,71,9,0.9111991412290273,0,10.968993900936551
27.4643337726593,72,10,3.4453371552502317,0,10.900757413366362
28.04885220527649,73,10,2.7245474819508004,0,10.994735832341883
28.592216968536377,74,10,5.250718059735065,3,10.988674408045668
29.096266984939575,75,10,1.5976749559064891,0,11.073029496850221
29.55702781677246,76,9,2.082315527095192,0,11.154501056562477
30.07770586013794,77,11,1.8353386253189805,0,11.051972692933987
30.582946062088013,78,9,2.1392279219534287,0,11.188617719322476
31.095564603805542,79,10,2.8739512810252767,0,11.085696251568203
32.90558886528015,80,11,4.86890204855306,1,11.129502423066251
33.619396448135376,81,11,1.586755708338513,0,11.121776683442693
34.142226696014404,82,10,1.0249976270040306,0,11.191180308388855
34.63208293914795,83,11,2.5834233208726594,0,11.052441000179723
34.89795541763306,84,11,3.056989844844173,0,11.09649711061725
35.16087627410889,85,11,4.231629954216201,1,11.089239973325245
35.420061111450195,86,8,2.3972958781554774,0,11.123681604200879
35.67308163642883,87,8,0.8377615224141202,0,10.843725343770544
35.91703796386719,88,7,1.920086706838195,0,10.58036020233878
36.15330982208252,89,9,5.223218421454019,0,10.248194229844746
36.39687967300415,90,9,2.2366350850133143,0,10.052448593736706
36.64350938796997,91,8,2.822036969171404,0,9.945649927383368
36.88383769989014,92,8,2.7885290697146674,0,9.76582735827828
37.13307070732117,93,8,1.1372711383499876,0,9.55042992291396
37.33249759674072,94,9,2.505924475486152,0,9.383516765320822
37.575491189956665,95,8,4.131139542481805,1,9.249235089914281
37.842421531677246,96,6,10.927766282412447,1,9.040952286442746
38.10195708274841,97,9,2.8412218135433287,0,8.692480493120543
38.36894464492798,98,8,3.4112664268371007,0,8.600889104150275
38.6175377368927,99,9,1.039394999763777,0,8.441078848995712
38.87997031211853,100,9,7.892178339062749,1,8.349069948062327
39.117329597473145,101,9,2.927346572860897,0,8.21226886550632
39.347123861312866,102,10,4.1051559849073636,0,8.162329617583648
39.59633731842041,103,11,3.837412152931337,0,8.13083738501738
39.83799171447754,104,10,2.5684889786158327,0,8.206867905159502
40.09402322769165,105,10,0.881194158709232,0,8.304765370062903
40.31909465789795,106,9,2.4541101588609675,0,8.501400981706002
40.55474042892456,107,10,2.3879582669298998,0,8.549311195587084
40.790908336639404,108,9,1.9661322446094587,0,8.620662793609403
41.03368163108826,109,8,1.7593563741616636,0,8.630053939298051
41.292391538619995,110,9,2.508350703910437,0,8.578820088405095
41.571404457092285,111,10,0.8290865448148573,0,8.595209982688724
41.86433386802673,112,11,2.880919595707125,0,8.679393253952817
42.12820339202881,113,11,1.8023070490763264,0,8.733965442916034
42.386903047561646,114,10,1.7843902171888533,0,8.88594728502723
42.72960591316223,115,11,3.793095171603956,0,8.974093060802428
43.00156283378601,116,10,2.7821692668734235,0,9.083397292273395
43.26894927024841,117,11,0.982069016672101,0,9.12723788526234
43.50244188308716,118,11,2.0515866003734393,0,9.240173392874892
43.80050587654114,119,11,3.0377266986647466,1,9.352713408707487
44.07137942314148,120,11,2.097861278185624,0,9.408950921889364
44.30911612510681,121,10,2.5887473469120605,0,9.522261712726467
44.56431818008423,122,10,4.762890701990024,1,9.505470966610694
44.82732701301575,123,11,1.0441719229014663,0,9.48456483067304
45.08326435089111,124,10,2.6991945891976337,0,9.726269626991552
45.310832023620605,125,10,1.7043540406297946,0,9.777316779019886
45.54068398475647,126,9,3.93557774660609,1,9.899167979827311
45.81093955039978,127,9,2.3020258558956197,0,9.88726299618256
46.06598973274231,128,7,2.3649559023602933,0,9.805099733410911
46.32426953315735,129,9,0.6693853004393314,0,9.637455074894167
46.56733798980713,130,10,1.7305614884779028,0,9.62827058223766
46.82531142234802,131,10,5.941528689781217,2,9.70250612798325
47.09017825126648,132,9,3.5349931978055937,0,9.701231472496385
47.32137608528137,133,9,7.741805701941105,1,9.69393449412705
47.562485456466675,134,10,3.7242560970014456,0,9.689396574829283
47.8273663520813,135,12,1.1275828235720395,0,9.775596640382778
48.094868183135986,136,11,2.240919700137666,0,10.046015931659923
48.34001135826111,137,11,1.9024496903659154,0,10.143554152721578
48.60052680969238,138,9,1.688251921868028,0,10.42013598952661
48.85625958442688,139,12,4.2341872488519,1,10.334622733298428
49.11859059333801,140,12,3.4076956331936157,0,10.630508536664532
49.378600120544434,141,12,1.0002360863258795,0,10.98055828684259
49.655970096588135,142,11,1.9651288210369304,0,11.320903970622428
49.93337845802307,143,9,2.7726069746029944,0,11.482158252949166
50.16917061805725,144,10,1.8136495638820556,0,11.496952786783353
50.41542649269104,145,11,4.212277954721634,1,11.61801609742188
50.67697024345398,146,11,2.5292058471996257,0,11.842669800994717
50.93577718734741,147,11,0.9099971150100862,0,11.865371375724575
51.17741799354553,148,11,1.6471448326467382,0,11.876942632849053
51.43285632133484,149,11,1.7254748835009819,0,11.816401384748572
51.689478635787964,150,11,2.0657412810977176,0,11.878643674247966
51.94845104217529,151,12,7.741540482423415,2,11.935825313083091
52.201881647109985,152,11,1.9132728850915266,0,12.018239707572683
52.46782827377319,153,11,0.5931595347991014,0,11.99341609522309
52.72531342506409,154,11,1.7417474174744652,0,11.958926330053421
52.97052311897278,155,11,1.7440261048518948,0,11.981863948357727
53.20246601104736,156,10,2.437510304706564,0,11.930349077247358
53.419018030166626,157,12,3.9342816839746506,1,11.637929863485626
53.670299768447876,158,11,2.997628703696513,1,11.735425679868605
53.92255759239197,159,11,0.9116820326123731,0,11.660941707831377
54.14925146102905,160,9,1.4370160240726677,0,11.642432436950383
54.41012954711914,161,8,2.0511004284572647,0,11.42896233032946
54.90326189994812,162,8,3.6048188062430024,0,11.132714704921337
55.32629871368408,163,9,3.145699323838977,0,10.886650881221584
55.81072211265564,164,9,1.9544045392525085,0,10.81433114790675
56.23110389709473,165,9,0.6814913078170268,0,10.667774118937743
56.70468711853027,166,9,2.488858203414603,0,10.521303798745079
57.15123510360718,167,9,1.9401937664044961,0,10.299034221603563
57.59800863265991,168,9,2.0944487893087107,0,10.147050790337287
58.07016921043396,169,10,2.7033596698670013,0,9.921664668383087
58.499268531799316,170,9,7.458626766374307,1,9.739550292775327
58.98037099838257,171,9,1.0494618566334954,0,9.50651925784034
59.377371072769165,172,8,3.2095567785484502,1,9.353700492812601
59.8636372089386,173,10,1.641278445164345,0,9.153861879771831
60.262776613235474,174,11,2.3500449498802425,0,9.212130399479005
60.7192587852478,175,10,2.0714808426205846,0,9.318657915993196
61.1488196849823,176,8,2.011436329198939,0,9.372983031361638
61.586223125457764,177,9,0.6865041377745701,0,9.121480826342165
62.47733759880066,178,9,2.330826803817653,0,9.038804078107557
62.93980312347412,179,10,3.480388835786591,1,8.992475874228912
63.52277207374573,180,11,3.4815569029172004,0,9.07073061577924
64.02096438407898,181,10,2.160402043193652,0,9.280930789790014
64.43704533576965,182,11,2.4385118390369667,0,9.299950928402145
64.9229621887207,183,12,0.9102727610783028,0,9.436503375018098
65.3194568157196,184,10,2.106714500325943,0,9.748203125959858
65.93441486358643,185,12,2.9371836592305236,0,9.74457098357122
66.34770369529724,186,11,2.3850582706923267,0,9.980008776298444
66.82175660133362,187,10,3.36674260007753,0,10.026405154607321
67.2310791015625,188,10,2.974574061784679,0,9.953582372070514
67.67739176750183,189,11,0.9837286454724592,0,9.772417525496625
68.15752005577087,190,9,2.0457661011441854,0,9.808469702054877
68.61146116256714,191,12,3.0228080782781963,0,9.675530047006653
69.07703566551208,192,10,2.2198662539444567,0,9.869971667865018
69.49797105789185,193,10,2.8167033698282675,1,9.792302398515934
69.97987294197083,194,10,1.844601652558132,0,9.71348919296663
70.37583494186401,195,2,4.555601930232731,0,9.687433036989566
70.85222625732422,196,7,1.9305996748966,0,8.953512869858564
71.24806904792786,197,7,0.8408062978099355,0,8.717706607898094
71.70466566085815,198,7,0.26911243776206956,0,8.494170460555758
72.13693261146545,199,7,1.3138648402207265,0,8.193680600115034
72.57808589935303,200,6,1.2603105274365536,0,8.044913331786665
73.04784178733826,201,7,1.573996342255886,0,7.813510876880411
73.49423050880432,202,6,1.6408221673027021,0,7.695632145063959
73.97178268432617,203,6,1.5504371788690938,0,7.449544135332426
74.37531900405884,204,6,0.5399189814848838,0,7.137812292914882
74.87830758094788,205,6,1.0086817536543349,0,6.870761141181795
75.30834531784058,206,5,1.1043092434383395,0,6.671809830431229
75.84392428398132,207,6,0.6413387431436885,0,6.3818607955456095
76.18618822097778,208,6,1.4242603502125293,0,6.227279440288516
76.4749448299408,209,5,1.1111886654970138,0,6.093582024558392
76.72094869613647,210,5,0.4011450091378328,0,5.894080880047209
76.97831153869629,211,6,1.7655761440496687,0,5.708152127872788
77.21848964691162,212,6,1.0327357507213117,0,5.663089876252178
77.45563316345215,213,5,0.8653494175357483,0,5.584152405845961
77.70486998558044,214,6,2.7318275730697836,1,5.434035901293665
77.94601964950562,215,7,1.8294774604572968,0,5.372010642161628
78.17607879638672,216,7,0.580257422034213,0,5.392664187823236
78.42630648612976,217,7,1.1975040830061656,0,5.3680508147499655
78.68954992294312,218,6,1.6489260373246903,0,5.432631554367065
78.95084285736084,219,7,1.4698719779126792,0,5.387235467976529
79.24967217445374,220,7,3.646778808220978,1,5.413376390746723
79.51600480079651,221,8,1.9493957557398705,1,5.353975508067856
79.79277920722961,222,8,0.4938958015221585,0,5.311808338496958
80.05597472190857,223,7,1.0834030063164362,0,5.269588360250607
80.30005598068237,224,6,1.7424039452443763,0,5.207349093288478
80.55874276161194,225,8,3.0427021227162454,1,5.07456559761534
80.80717039108276,226,7,1.1578676740032499,0,5.083977042696098
81.05640816688538,227,10,4.053579473806538,1,5.02389468413763
81.28435015678406,228,10,0.6091322393701372,0,5.175056559917218
81.51606321334839,229,11,1.9774141245407082,0,5.321366485643287
81.77675890922546,230,9,1.2044505748739525,0,5.581684745524818
82.03455018997192,231,8,0.8632366097498851,0,5.651544967177763
82.27644348144531,232,8,0.8278039109554334,0,5.654847020322604
82.50982642173767,233,9,5.305115017030559,1,5.602570723185252
82.75581240653992,234,10,0.8249555686769241,0,5.728548733132541
83.02108263969421,235,10,2.1219014579999036,0,5.984683819903513
83.26998901367188,236,8,3.8896878645956026,1,6.194259704036833
83.52740216255188,237,8,3.4048830517612303,0,6.1434299250217155
83.77662324905396,238,9,2.085898101023855,0,6.152968953544164
84.03316950798035,239,9,1.1573529839390277,0,6.24160326493557
84.27859377861023,240,10,0.4646828180443345,0,6.397049110135404
84.51787495613098,241,9,1.5233988725502392,0,6.698216849197953
84.76883816719055,242,8,1.6699826384684224,0,6.872645276785919
85.03811192512512,243,8,1.4803907819566748,0,7.045269491095027
85.27836871147156,244,8,1.7623621212036382,0,7.301530881816657
85.51306867599487,245,10,10.26540346634641,1,7.445482002281169
85.76432180404663,246,10,0.7940028189453415,0,7.889760377165054
86.02993559837341,247,8,1.3082935768646788,0,8.290205764464115
86.27481174468994,248,8,1.3722221626449762,0,8.478125658058422
86.50765752792358,249,7,1.0742671676664854,0,8.679495062728094
86.76126170158386,250,7,1.034583153332606,0,8.887070209940484
87.00669550895691,251,8,4.698753593375506,1,8.965694922838736
87.25208306312561,252,8,0.9150385625894226,0,9.359847698863806
87.49140882492065,253,7,2.406415501728723,0,9.62761641498226
87.75076627731323,254,10,5.102347899357878,0,9.828309033234115
88.00682640075684,255,9,1.1809059956836778,0,10.30401022054971
88.25881814956665,256,9,1.3688875703237495,0,10.083630004753019
88.49324774742126,257,9,1.438517147136231,0,10.220294607988444
88.72716784477234,258,9,0.5537062486702682,0,10.35387705759504
88.9729676246643,259,9,1.4428980006894983,0,10.484751840475727
89.22239232063293,260,10,4.66921941282179,1,10.611026894124032
89.45814657211304,261,11,2.0817552844224574,0,10.742489724713542
89.69170928001404,262,12,2.22588574872194,0,11.034390378493157
89.93589329719543,263,11,2.2991906760375107,0,11.336284790040443
90.9480664730072,264,11,0.7314315552935396,0,11.738641600426602
91.19527244567871,265,12,2.3217436390095765,0,11.90159086323168
91.52067112922668,266,11,3.1286767479883566,0,12.175978149568664
91.72932434082031,267,11,2.3279104417998533,0,12.20535542747642
91.95524597167969,268,10,2.352002029746383,0,12.293865751534394
92.17940258979797,269,9,2.194743195054631,0,12.259488341849188
92.40479707717896,270,10,0.7920959791777835,0,12.041690259143902
92.62072086334229,271,12,2.4262049587742207,1,11.92108738256206
92.85868501663208,272,10,1.458740037986536,0,12.070969465070378
93.10101008415222,273,9,1.754565626492168,0,11.999879748060346
93.32742977142334,274,9,3.0146913703960405,0,11.747016322046314
93.57793855667114,275,9,0.9947925098601371,0,11.560350980940868
93.78982496261597,276,9,0.3634715887211687,0,11.427326083230323
94.01094436645508,277,11,2.69281479647654,1,11.294400991427132
94.23880815505981,278,11,2.751085448955937,1,11.3569346549662
94.45170402526855,279,12,7.022226438860387,1,11.34013291896479
94.69490647315979,280,8,1.3229275413426183,0,11.479110758370581
94.94188642501831,281,1,39.56533486770252,1,11.217728348011825
95.18893361091614,282,13,15.044459155084729,0,10.344311944625085
95.42905974388123,283,15,1.5822351152061946,0,10.648187742370983
95.66703796386719,284,16,0.47988562708944416,0,11.064447267404041
95.903489112854,285,14,1.2506792932009945,0,11.488403337464934
96.14252805709839,286,14,1.5438715696153098,0,11.822261180173863
96.36948680877686,287,15,1.9016236324642637,0,12.072950259178384
96.59926581382751,288,16,2.326795570682219,0,12.590845602316145
96.85158729553223,289,15,2.383174691598777,0,13.194771363952983
97.1129219532013,290,17,0.6244184131969805,0,13.757572813461987
97.3715672492981,291,17,2.2291894062631,0,14.369711100930122
97.58080554008484,292,16,1.4060886616333945,0,14.878935317691791
97.8121497631073,293,17,2.8473670403300675,0,15.277799134447072
98.05756759643555,294,17,3.334052973497825,0,15.82087989997957
98.3002781867981,295,16,2.2390840631205418,0,16.408588188513406
98.53934502601624,296,15,0.7901828278425755,0,16.883377622172354
98.8488655090332,297,19,1.7969357480960557,0,17.15506930288035
99.08030104637146,298,16,2.677911212411188,1,17.74623197573591
99.30911636352539,299,17,2.4033628218441345,0,18.089976776413238
99.5199933052063,300,16,1.8334589827923524,0,18.5003373304327
99.76250433921814,301,14,1.9529268688895853,0,18.88267547000504
99.99828267097473,302,14,0.7081199601551239,0,18.99372256593913
100.2372579574585,303,15,3.200177825353048,1,19.02830779133604
100.46794319152832,304,15,1.3256243659241755,0,19.13590650451104
100.71345233917236,305,15,2.2228557514719363,0,19.235740626802787
100.94930148124695,306,15,2.466787917720074,1,19.447850102213685
101.18463850021362,307,16,2.7605295017326106,0,19.6485398470503
101.43049883842468,308,17,0.9251766671353784,0,19.801422769409676
101.68057894706726,309,15,1.604859057131181,0,20.031087899130647
101.91707634925842,310,16,2.479262736910261,1,19.969389697774474
102.20777368545532,311,16,2.062016156369119,0,20.013153237690204
102.52286791801453,312,16,1.9209450858013282,0,20.112748414085793
102.7878143787384,313,15,2.030065614575615,0,20.154710080169124
103.06874680519104,314,15,0.7860097816252275,0,20.00996526292237
103.40710806846619,315,16,2.306649934467014,1,20.088110780301967
103.72128438949585,316,17,2.8231735175493013,1,20.157469282469926
104.03560781478882,317,16,2.0805899342596796,1,20.30407474282282
104.35524606704712,318,16,1.7959011621745726,0,20.322362667823796
104.66046452522278,319,16,1.8753674967361982,0,20.30635025219376
104.97055268287659,320,16,0.6742476249795355,0,20.266884601097246
105.29433465003967,321,16,1.8958357638466596,0,20.286046420948132
105.63273286819458,322,16,2.588887747804623,1,20.368531497142634
105.93543410301208,323,15,1.6657654299328983,0,20.493062734358475
106.2613582611084,324,16,2.5547787671384152,1,20.42351415002716
106.58210945129395,325,17,2.724320829823862,1,20.409335648745625
106.87867999076843,326,17,0.9519538274020908,0,20.5474208708737
107.24815845489502,327,16,2.6229614864761626,1,20.629943765308127
107.98323917388916,328,17,1.8390467232082406,0,20.748487265159596
108.50554132461548,329,17,2.9845603280227295,1,20.75843217890491
109.09353733062744,330,17,2.181381072518773,1,20.68624628792707
109.60164260864258,331,17,2.3070559037880916,1,20.608130142103427
110.15314555168152,332,17,0.851789110430685,0,20.659881989481363
110.59568071365356,333,15,1.7971592452752991,0,20.497565265614167
111.11749291419983,334,13,1.7654540215795984,0,20.019795920447503
111.55352306365967,335,14,1.8149924649583549,0,19.246894785217556
112.1025013923645,336,15,5.154177744779289,2,18.642104399053395
112.59116125106812,337,12,2.3844709803374258,0,18.14575751904444
113.10070395469666,338,12,0.847568023779761,0,17.404429443205
113.54166769981384,339,13,3.3785614372946187,1,16.675362248989515
114.04742312431335,340,13,3.0795915445902997,0,16.165364235981134
114.49977660179138,341,14,2.7189355545379486,0,15.420934182657785
115.0322847366333,342,13,3.0687825580474577,1,14.390955485604266
115.4825530052185,343,13,2.7973926345719224,0,13.971967173873685
116.01160860061646,344,13,0.893186997659406,0,13.680318869179041
116.43635201454163,345,13,2.0140843041330365,0,13.473740836003614
116.95225501060486,346,14,3.3849728941219825,1,13.160518034885966
117.40332436561584,347,15,2.099279847910499,0,12.985152438016176
117.92071199417114,348,16,2.4027800847947933,0,12.973760922528623
118.36323881149292,349,14,2.086838872578782,0,13.13797281875327
118.86355781555176,350,14,0.7373384150325305,0,13.016361355129348
119.3486557006836,351,12,1.9130085740443206,0,13.006576798396797
119.86489152908325,352,14,1.9899440251540503,0,12.786001131195171
120.315349817276,353,15,4.423548194048492,1,12.754007063608586
121.17979693412781,354,15,3.203098183011135,0,12.826632145367043
121.77946949005127,355,12,2.176914378257469,0,12.945182197635306
122.28239846229553,356,13,0.7911435643340146,0,12.708958784800856
122.80901789665222,357,13,1.6349994064416606,0,12.542709928473926
123.30091571807861,358,13,3.1604635877019995,0,12.58266543751953
123.81210517883301,359,13,2.340363323506316,0,12.4890212584225
124.29460310935974,360,13,2.5056342618230083,0,12.454404170329644
124.7851824760437,361,13,5.675424454625251,1,12.3808173448056
125.26898074150085,362,13,0.6884649103911795,0,12.223748261428742
125.75347805023193,363,12,1.6426788595978594,0,12.072200722657271
126.23919248580933,364,13,3.1975607588608206,1,11.876441296693944
126.7097840309143,365,12,2.771513387893687,0,11.786385445432899
127.2131335735321,366,15,2.523751535696058,0,11.60400228892793
127.69098091125488,367,15,1.367281511982319,0,11.707738071499485
128.20003008842468,368,16,0.6194291527463248,0,11.84675290376033
128.6849684715271,369,15,1.9273042038914936,0,12.121016280649169
129.18686842918396,370,5,28.720480717815185,3,12.208353824671946
129.65218043327332,371,12,6.134052281179095,0,11.465056629689556
130.16279697418213,372,12,3.3877402487157693,0,11.360460480577192
130.81903457641602,373,14,1.096097651574567,0,11.242941249091146
131.30182123184204,374,14,2.4674340334315015,0,11.289111183859042
131.82599186897278,375,13,2.449933903390453,0,11.328008429153048
132.31443238258362,376,14,3.407463758042435,0,11.333280138575535
132.8834457397461,377,14,2.889113230046215,0,11.46445114131889
133.3682942390442,378,14,3.2795089540901734,0,11.564762890966296
134.0999641418457,379,14,1.1387764961831048,0,11.637048908157919
134.75535583496094,380,14,1.9253993246010683,0,11.726767633696607
135.36369395256042,381,13,2.9953929463162767,0,11.827693744846604
135.931556224823,382,13,3.1801523862201626,0,11.850315371705646
136.44393944740295,383,13,3.858525270240329,0,11.884675807949991
137.02932357788086,384,14,4.517228804679149,0,11.866746967326968
137.52526950836182,385,15,1.3239440210738547,0,11.999094903185672
138.10112142562866,386,14,2.4164832271547563,0,12.265406467746757
138.61945843696594,387,13,3.3771127502742684,1,12.454843775428422
139.21560382843018,388,13,2.202013346304545,0,12.507036035655007
139.7121651172638,389,14,2.765686399669554,0,12.623201183110174
140.2228820323944,390,13,2.9189163528511513,0,12.831610636136144
140.71725821495056,391,14,1.0640487905555462,0,12.958617725340396
141.2526924610138,392,13,1.5112991382223073,0,13.176806102033959
141.80051708221436,393,13,2.285066032699008,0,13.314542310111994
142.29660606384277,394,13,2.7487741351010757,0,13.359831293369215
142.81376385688782,395,13,2.88652760251246,0,13.308427696018235
143.3039436340332,396,13,2.7284853805318625,0,13.30765726084472
143.7960443496704,397,13,0.958724777940529,0,13.35867742083057
144.29157519340515,398,12,2.3066686677412336,0,13.26477871679821
144.77933597564697,399,12,2.9700209952634085,0,13.087131981662285
145.27137088775635,400,12,3.5005211457256467,1,12.959895772280813
145.76717376708984,401,16,8.533387285435545,2,12.83557507047008
146.31742596626282,402,14,3.089657811963622,0,13.088730195664644
146.83089303970337,403,15,1.092970183397241,0,13.12508619982935
147.30575799942017,404,15,2.19987269106765,0,13.240784395656192
147.79925394058228,405,15,2.585073962307007,0,13.351170445773548
148.33838319778442,406,15,2.4017585406525805,0,13.456472023258574
148.89560723304749,407,15,4.65793136370102,1,13.607487973453242
149.35926389694214,408,15,4.404667586437831,0,13.805922504239199
149.85931301116943,409,16,1.2818782599247591,0,14.053959791050158
150.38328862190247,410,14,3.1346348416415233,0,14.286070457780848
151.01607203483582,411,13,2.9052119603618425,0,14.357152208515092
151.57218098640442,412,16,3.2734347403572985,0,14.241333364359555
152.1437418460846,413,15,3.0219430512713603,0,14.472045052008756
152.70106482505798,414,15,2.5946532306081074,0,14.66895647818733
153.24379920959473,415,15,0.9498576947944695,0,14.861251169479079
153.79109954833984,416,14,2.4715162782054816,0,14.902152507419448
154.32385182380676,417,15,2.4487275682730463,0,14.903100056469684
154.9140226840973,418,14,2.4081236476701995,0,14.987879110512054
155.5225794315338,419,14,2.47423193933149,1,14.986425057994673
156.07963705062866,420,12,2.459390025885929,0,14.978972051491613
156.61098194122314,421,12,0.8559099163372542,0,14.801374296272924
157.15812921524048,422,13,2.4067706263524813,1,14.627554947130664
157.64677786827087,423,13,2.429916752631348,1,14.536947189843684
158.1680600643158,424,13,4.559334352371352,1,14.398139013275987
158.66706728935242,425,10,1.4593273496009738,0,14.307575260243723
159.18055415153503,426,10,1.492905536763388,0,13.920827304571999
159.689608335495,427,10,0.5378152092041698,0,13.691899207978906
160.23428392410278,428,12,4.711233895920691,0,13.475102809734981
160.73570322990417,429,12,2.4099802469279794,0,13.484372842136596
161.27243185043335,430,12,2.42165214303162,0,13.452046489145946
161.80434560775757,431,11,1.5758839911979912,0,12.910826066662013
162.2913408279419,432,11,3.7586794530703966,1,12.633240295799713
162.8004333972931,433,13,1.4914825826897051,0,12.356954667732019
163.3626000881195,434,12,1.7447454298773983,0,12.347734355597932
163.88828682899475,435,11,5.257740532937854,1,12.260598751842632
164.394859790802,436,12,3.963340836977304,1,12.044771930988427
165.0176296234131,437,12,3.0833440777046444,0,11.95958780341593
165.8730046749115,438,12,6.7188815423146435,1,11.863572050216092
166.52718949317932,439,14,0.5939121253882776,0,11.785771252203926
167.0231475830078,440,15,5.072123425808137,1,11.896075951264983
167.5974247455597,441,15,4.553752361035754,0,12.086234926996251
168.1461570262909,442,15,4.725015057671481,0,12.22358545145534
168.70840072631836,443,13,1.8503216906826556,0,12.355546978342634
169.23879742622375,444,14,2.2196650824985684,0,12.31380764474622
169.79900240898132,445,14,0.7141306969008537,0,12.407314645717475
170.35548281669617,446,12,2.6121464609332676,0,12.55178726862286
170.80786633491516,447,15,6.706896854605118,1,12.481380022880638
171.30391550064087,448,14,3.28792236822508,0,12.614836091816823
171.81705904006958,449,15,3.1733413680158367,0,12.659047270255915
172.30329370498657,450,15,2.7288071055238357,0,12.833453051584943
172.79362392425537,451,15,0.9173214771895966,0,12.95422422993706
173.29905557632446,452,13,3.1744329153744992,0,13.118252043495586
173.78269791603088,453,12,3.4752683084752554,0,13.067341449376155
174.27147960662842,454,1,0.7056731390824652,0,12.935850930052348
174.80852246284485,455,11,35.95157774938959,1,11.918486464181585
175.30042028427124,456,11,2.290768651183428,0,11.737713243572575
175.86767148971558,457,11,0.6893732823177158,0,11.55618540639406
176.45399165153503,458,11,3.920920897899731,1,11.376883820476905
177.01690316200256,459,12,2.205399958101409,0,11.153942592990003
177.48596668243408,460,12,4.829353319517853,1,11.022352099703198
178.0275857448578,461,12,2.705977018996082,0,10.882930041439945
178.5554940700531,462,12,3.0546768304333565,0,10.942718188612144
179.16713213920593,463,14,0.7310480162442505,0,10.903871056170878
179.8088526725769,464,12,1.6877433655600569,0,11.080029711005444
180.4558629989624,465,12,1.1713867900806774,0,11.0974216857157
181.1950023174286,466,14,2.1163537020780447,0,11.11573858772892
181.9295370578766,467,13,2.9954402591888685,1,11.312760849257131
182.4879343509674,468,14,3.0339220799968203,1,11.443208509053735
183.2561900615692,469,14,0.8623342153853859,0,11.651790424611532
183.75583791732788,470,12,2.5313747873973793,1,11.932280341199156
184.27668857574463,471,12,2.0839770462277376,0,11.937426168391038
184.77407312393188,472,11,2.103422906804349,0,11.895655454227544
185.27951073646545,473,11,2.695081194216009,0,11.925969647694382
185.8221492767334,474,11,2.8231679560242244,0,11.914266575992649
186.35187315940857,475,11,1.0073591550737167,0,11.911538405703467
186.92031002044678,476,10,1.5247628014135164,0,11.916551917470695
187.42870998382568,477,10,2.468712815006891,1,11.797679620973653
188.0124797821045,478,13,6.3656345865106285,1,11.736986466947423
188.5055878162384,479,14,2.333641004244824,0,11.887187912394996
189.14142751693726,480,13,1.7985799410079115,0,12.11871613389859
189.67153429985046,481,13,0.6646626736758176,0,12.168860863726646
190.23437428474426,482,12,1.5451222905581459,0,12.216352474232
190.77624201774597,483,13,3.122020064837206,1,12.2286506120544
191.26269936561584,484,14,2.261551552802955,0,12.325147074219338
191.87280297279358,485,14,1.6677942725469603,0,12.503279005906382
192.37649655342102,486,12,1.666542569748272,0,12.529779380736137
192.87594771385193,487,13,0.577905859344626,0,12.384597312096806
193.33389019966125,488,14,2.623466457618696,0,12.317059838846426
193.84474921226501,489,13,2.3351372203189813,0,12.42179116983938
194.35809230804443,490,12,1.5386624958733401,0,12.441559823182594
195.27103567123413,491,12,2.757883905808976,1,12.37726758439811
196.1131865978241,492,14,5.784242421116256,1,12.259611849405177
196.65327739715576,493,15,0.5509355118357718,0,12.3094281611996
197.21222949028015,494,12,1.985460427341032,0,12.538574531077458
197.74259114265442,495,12,1.8424729455064937,0,12.460034296238986
198.21709775924683,496,13,2.7551300984654623,1,12.331357626742385
198.820298910141,497,11,3.033472396705411,0,12.33333127333718
199.31064701080322,498,12,2.1713211439638824,0,12.169520344101278
199.9186556339264,499,12,0.7442196938195823,0,12.090345336921636
200.37381720542908,500,12,2.0793661116445867,0,12.11334263232759
200.96640920639038,501,8,1.5414760965567127,0,12.186479037166457
201.3938672542572,502,10,2.7768227384591384,0,11.94222671029722
201.9535255432129,503,11,4.07784984853141,1,11.874780088205352
202.39059329032898,504,11,1.24421147131501,0,11.804971586540539
202.96344566345215,505,12,0.34235354738439167,0,11.78476987818759
203.3946692943573,506,12,2.0841276942584335,0,11.852925193767213
203.991060256958,507,3,23.41791481481116,2,11.827126264488165
204.45183753967285,508,12,2.7982932283980397,0,11.23565713085779
205.00804352760315,509,14,1.698893876199056,0,11.330626188301924
205.4501597881317,510,15,0.5525503186131637,0,11.637219494987438
206.03569865226746,511,18,2.1570165888991704,0,12.021249115655694
206.4932644367218,512,14,2.719069317026695,0,12.640656995814593
207.05039620399475,513,17,2.438831657841221,0,12.847024357506637
207.57265830039978,514,15,2.257031849618142,0,13.236644609039999
208.10336709022522,515,14,2.1192575782635776,0,12.918156867136151
208.590744972229,516,15,0.7174591643723627,0,12.98281640596458
209.16442251205444,517,10,2.0151946169307884,0,13.121448544739842
209.7598376274109,518,12,2.9375022033912677,0,12.859968665101075
210.26172399520874,519,13,1.7660085159101648,0,12.754139717687346
210.8323130607605,520,10,1.4673006439200342,0,12.776362208026885
211.3739321231842,521,12,2.038457024842851,0,12.557909532755138
211.96095371246338,522,13,2.4080078895862753,1,12.501657909905381
212.54417276382446,523,11,0.9626145781301224,0,12.52481097670611
213.11082410812378,524,11,2.0127473734556856,1,12.489875112781775
213.64224791526794,525,11,1.5445449261369413,0,12.355776510678679
214.20124053955078,526,12,1.6006517253896584,0,12.223309669815634
214.74639678001404,527,11,1.3485377374546061,0,12.277899418913073
215.27805614471436,528,13,0.5342759656539021,0,12.20349565153125
215.7718322277069,529,13,2.872792231639852,1,12.347257081314144
216.28915691375732,530,13,3.1168883050885503,1,12.491248346284893
216.89881801605225,531,13,1.6903230897802688,0,12.538163333874104
217.41094589233398,532,15,1.2627995445753195,0,12.581898293349369
217.960364818573,533,12,1.5966080733254076,0,12.735688509985975
218.4319384098053,534,12,0.5647082681016181,0,12.635629997101198
219.03383874893188,535,13,2.8058826455798873,1,12.534876239163465
219.47127103805542,536,10,1.7408219418095996,0,12.511751803352379
220.07073426246643,537,9,3.1163230383129785,1,12.19041834900077
220.55157828330994,538,10,3.8124051266876045,1,11.787300844191162
221.13710641860962,539,11,1.8441889965729152,0,11.618549643865048
221.62057828903198,540,12,0.6248005081398362,0,11.59214628536093
222.21171808242798,541,11,1.6537328626202017,0,11.598530962643114
222.74796843528748,542,12,2.161028741298387,0,11.527615235087145
223.28907799720764,543,11,1.9229303703319258,0,11.49106713824594
223.83101844787598,544,12,3.9056421836468633,1,11.424218280931957
224.36472630500793,545,13,1.5418212291370181,0,11.495759519106041
224.95364952087402,546,13,0.42548139362153764,0,11.652267367580304
225.44565677642822,547,13,2.89190153724693,1,11.710386200321155
226.04996919631958,548,12,3.1347742872985935,1,11.815851234638824
226.53862690925598,549,13,1.18200521636177,0,11.894639657867385
227.12094259262085,550,14,1.0555917380809212,0,12.00663131069708
227.61747908592224,551,15,2.5693584607362014,1,12.149356231383356
228.1803469657898,552,15,0.5693781469020339,0,12.370373240483005
228.72011494636536,553,18,5.141942580579839,1,12.68635881055858
229.28830075263977,554,16,1.6087731121638997,0,13.299217377168794
231.0894865989685,555,17,1.9558550952759,0,13.657296957031125
231.67183923721313,556,17,1.5444072213923532,0,14.047954365247662
232.22405290603638,557,16,1.8085524240382354,0,14.473194210065538
232.73379564285278,558,16,0.6979211733933429,0,14.682075587352971
233.26213788986206,559,15,1.728779584701446,0,14.930496014559127
233.7907178401947,560,17,1.9935003380371652,0,15.077345294862026
234.32741975784302,561,17,1.5596187679650784,0,15.392274389339589
234.85225892066956,562,20,4.541838035497516,1,15.48889026405633
235.36871695518494,563,17,1.5802505794270423,0,15.922410909675362
235.94371342658997,564,17,0.5499072992516791,0,16.129883455285334
236.45416498184204,565,17,2.100392481504744,0,16.31474917353693
237.03453397750854,566,17,1.8739357335882152,0,16.543830904098428
237.5228238105774,567,15,1.5344794512608317,0,16.74831372797856
238.09129333496094,568,16,1.775070348303601,0,16.345686330662872
238.57950282096863,569,15,1.6242774973685656,0,16.43314283791068
239.1488389968872,570,16,0.567113760973095,0,16.53661475814834
239.6776351928711,571,3,29.987632242589505,2,16.764521487521698
240.21873688697815,572,11,9.036699816284775,1,16.073583332621453
240.71038389205933,573,10,3.157110116381352,0,15.874021641279157
241.28311276435852,574,10,1.0896633442971626,0,15.75635241275044
241.7891194820404,575,9,2.0148990031299,0,15.551043907836771
242.30052757263184,576,10,3.722420658604039,0,15.231840315571894
242.82306456565857,577,10,4.4772161675425535,0,15.056050439111129
243.33140516281128,578,10,3.53724728726175,0,14.651456729726577
243.90505003929138,579,10,3.446524366296408,0,14.34924101962847
244.42703080177307,580,10,1.1540484288335828,0,14.096518433957234
245.0014533996582,581,10,1.7019775803435373,0,13.709978847993288
245.47915744781494,582,11,2.3979472796184784,0,13.416753653543193
246.0438506603241,583,11,3.51739612646016,0,13.257596374607742
246.55164003372192,584,10,2.0738208933543656,0,13.007268375154776
247.14605379104614,585,10,4.116515266971865,0,12.679036898671832
247.66451573371887,586,11,1.390223340020643,0,12.353153690852787
248.22145915031433,587,10,3.5707759717771523,0,12.15484493117773
248.73627877235413,588,11,3.6688269712059007,0,11.834405961154134
249.28612685203552,589,10,2.7834143091639545,0,11.687805661753254
249.82830834388733,590,11,2.6880557765207755,0,11.467109654689201
250.3710334300995,591,10,2.0568207120744,0,11.330370247039468
250.93589115142822,592,10,0.6985328639194329,0,11.118097787247944
251.42973256111145,593,10,2.847608857228642,0,11.013280251962051
251.9966058731079,594,11,3.6340789676000607,0,10.768346642730762
252.46229004859924,595,11,2.5864572270852944,0,10.613096705121514
253.0271782875061,596,9,2.2047691076437963,0,10.499099534012448
253.58443188667297,597,8,1.9397315724349822,0,10.084184500080287
254.19378328323364,598,8,0.6923907790717824,0,9.53458563599461
254.69072937965393,599,7,1.349209532304067,0,9.04696557836931
255.2281572818756,600,8,6.420027330995149,1,8.527198468994264
255.76489448547363,601,8,1.4064797821178816,0,8.140492264648294
256.24404978752136,602,10,7.757497877477547,1,7.722397552834224
257.3135554790497,603,8,2.1938785292678022,0,7.384665664203567
257.88319754600525,604,9,0.7361497204562333,0,6.950543395188333
258.47280836105347,605,9,1.923818929423015,0,6.6510935072202955
259.10314869880676,606,8,1.4201304032034499,0,6.399197859252894
259.69903922080994,607,9,4.549129606050497,1,6.0826402248167
260.29843282699585,608,9,1.6999599824696439,0,5.857316957337034
260.8740978240967,609,9,1.8570255659088986,0,5.594470806669364
261.3737328052521,610,9,0.667744406209843,0,5.4117423850105695
261.93575167655945,611,9,1.147225647120781,0,5.27254931063483
262.44320344924927,612,10,2.5582823588190813,0,5.213417669502078
263.1003940105438,613,10,1.8777127372335105,0,5.206411204473056
263.7688047885895,614,10,2.23799852649813,0,5.380920670727704
264.49723863601685,615,10,1.7535065066466398,0,5.453372160276928
265.23354601860046,616,10,0.6472125463062738,0,5.614731899722102
265.930810213089,617,10,1.173628248153181,0,5.808763788201404
266.5477681159973,618,9,1.2853023297415214,0,5.98856931714753
267.19695115089417,619,1,1.2878656643649045,0,6.08610238308745
267.7814450263977,620,4,0.45646208592332954,0,5.461199070965975
268.39440059661865,621,5,4.66747037184414,0,5.2301580478305425
268.9660120010376,622,6,1.430385172237786,0,5.1256626113508545
269.4825897216797,623,6,2.041939196024798,0,5.295412268924231
270.0737190246582,624,5,1.7230403536451062,0,5.32564552721832
270.61357951164246,625,6,2.529096117864267,0,5.302742749670692
271.19409704208374,626,6,1.9712857721978214,0,5.3810764775026385
271.7561128139496,627,7,1.900360290809365,0,5.483705725622016
272.27327585220337,628,7,0.5991677658935474,0,5.601220683075333
272.8461289405823,629,6,1.573504303309538,0,5.771435201477324
273.3249273300171,630,7,3.763880585800067,1,5.840541863320929
273.8261082172394,631,7,2.3893901830533224,0,6.050521696322747
274.30502820014954,632,6,2.4488338135089296,0,5.6670691839075715
274.7942125797272,633,6,1.2230338933981435,0,5.57085361440285
275.312584400177,634,6,0.4685964523382303,0,5.433558741701944
275.8518750667572,635,7,1.7084152023651993,0,5.301816271037822
276.3555200099945,636,7,1.5685810392887563,0,5.215523439293733
276.91260743141174,637,7,1.5167268964910925,0,5.170474131585834
277.3993008136749,638,6,2.215236892618614,0,5.141348428745502
277.9442596435547,639,6,1.3023591374881258,0,5.030340932558644
278.3994641304016,640,6,0.49723017406439196,0,4.9409861384862666
278.9780008792877,641,7,2.378949703678058,0,4.839531641166161
279.4539155960083,642,6,1.9266987686110246,0,4.838980994723045
279.93988013267517,643,5,5.339946454857833,1,4.810490633267541
280.1665005683899,644,6,0.7426428446764516,0,4.753663004738534
280.39076375961304,645,7,1.8871658314793833,0,4.73432301147092
280.61762952804565,646,7,0.5295981680772345,0,4.790316738041625
280.8339776992798,647,7,6.031572875255141,1,4.891200557356633
281.03843235969543,648,7,2.0473462319049207,0,4.9512569003519005
281.255188703537,649,7,1.3127828538183244,0,5.052894824605396
281.466242313385,650,8,1.7282329681499256,0,5.11447481142298
281.700532913208,651,7,1.2277561508090649,0,5.282533495868513
281.9279215335846,652,7,0.46157880874381,0,5.345498161888159
282.1475715637207,653,7,3.9036133985585346,1,5.411948813538682
282.375901222229,654,7,2.6431594339367135,0,5.480266501622488
282.6099214553833,655,6,3.3924083884150895,0,5.595319454198808
282.8368582725525,656,5,2.1560062763705328,0,5.656800790675913
283.056515455246,657,7,5.612637021713274,2,5.578110727152929
283.2766809463501,658,11,1.0262098468286864,0,5.581031049367031
283.50605154037476,659,9,3.1387414040487305,0,5.823514710936333
283.7391424179077,660,7,6.038326347016612,1,5.8936054473517
283.96375703811646,661,10,4.334975021662556,0,5.8862277317958025
284.44095945358276,662,9,4.173283196936561,0,6.038528793887988
284.965101480484,663,8,3.676346915500645,0,6.234665208603115
285.19048166275024,664,8,1.2893090732816896,0,6.297998515142599
285.78920888900757,665,4,2.179006753772928,0,6.393200446667391
286.0514543056488,666,7,4.651289775742769,0,6.254198055657138
286.2668788433075,667,9,4.512904042622513,1,6.269376844962398
286.4782168865204,668,9,4.017101530514777,0,6.473042469090201
286.6945307254791,669,9,4.255937334970087,0,6.6809299190359255
286.90284276008606,670,9,1.5953161747605487,0,6.894622031404094
287.129310131073,671,8,5.400702701688216,0,7.11537831590371
287.33806920051575,672,8,3.041632670612025,0,7.278490563087222
287.56823921203613,673,7,3.4728783021260217,0,7.514135664202406
287.7858603000641,674,7,6.417438882636656,1,7.698405232741291
288.00673818588257,675,8,6.529283290389814,1,7.899789971182852
288.2201166152954,676,8,0.660138089943961,0,8.185265479245043
288.4287281036377,677,6,1.18348887995424,0,8.485859918678695
288.63725066185,678,8,3.410299230963857,0,8.66354964541489
288.85226368904114,679,8,2.1927293243506916,0,8.936574259117222
289.0688166618347,680,9,3.742706948522583,0,8.690526453702748
289.274382352829,681,3,15.980432310567247,1,8.685869146471248
289.47922015190125,682,11,2.599169058565908,0,8.299116494494811
289.6871635913849,683,12,1.737416114292221,0,8.557895340546636
289.8978781700134,684,12,0.5284380844715771,0,8.888005176191626
290.11495089530945,685,12,1.3312977973050522,0,9.143285091162387
290.32675981521606,686,12,1.9583530469738237,0,9.46093750028242
290.5410900115967,687,11,1.4625159012341193,0,9.7739834027552
290.7561414241791,688,13,3.459155234479135,0,10.07795681394532
290.9797143936157,689,11,1.7122739166176664,0,10.543758741119568
291.1972601413727,690,11,0.594877347034268,0,10.768732274075958
291.41250228881836,691,10,2.8788068095134087,1,11.063884259211804
291.6230719089508,692,10,3.0297949711355185,0,11.271983776729613
291.8369801044464,693,10,1.7061119470022137,0,11.398242479378837
292.0592908859253,694,10,1.8480864050690746,0,11.51614059486947
292.2773132324219,695,10,1.2384671203381132,0,11.619943667185254
292.5415847301483,696,11,1.4681937964330745,0,11.803649974018157
292.7362689971924,697,10,1.3658789961449505,0,12.046193809328287
292.9299478530884,698,12,2.871073913397266,1,12.183330729025954
293.14146065711975,699,11,1.5911478433299107,0,12.41952345820981
293.3624060153961,700,11,1.8668438328426449,0,12.546393120845693
293.60178232192993,701,9,1.2917454811426796,0,12.66195490844838
293.80655312538147,702,9,0.4701371691841225,0,12.628695168257394
294.01038217544556,703,12,2.097264817560005,1,12.511684432067256
294.20206475257874,704,10,1.3468929723676424,0,12.59139786382886
294.42823100090027,705,10,1.9508070006579101,0,12.545105886131353
294.6384792327881,706,10,2.0335929268344657,0,12.551363510972664
294.8622314929962,707,9,3.1783298375770777,1,12.554370347968927
295.0695571899414,708,9,1.181730500807565,0,12.449839345373775
295.281014919281,709,9,1.5274566363077764,0,12.341482491791425
295.4892966747284,710,10,2.590029692918255,1,12.226279986038264
295.70813369750977,711,10,1.5594044283157062,0,12.276461337685333
295.9153423309326,712,11,1.8932622283066192,0,12.24469720399857
296.1259775161743,713,10,1.803724533163424,0,12.30135550025284
296.34247970581055,714,10,0.6170386843337399,0,12.252038418260085
296.54063844680786,715,10,4.70451903763537,1,12.188103620572463
296.7404763698578,716,10,2.9155377291728226,0,12.037395703602407
296.94285130500793,717,10,3.640624462803517,1,11.793523346834519
297.1582865715027,718,10,1.9593432560708268,0,11.690747311457862
297.3827266693115,719,10,1.4723220251561646,0,11.903537134979565
297.58085656166077,720,10,0.5171734481307021,0,11.954546724630532
297.77934980392456,721,10,1.7392971141923173,0,11.836486263272853
298.01002192497253,722,10,1.9852787462269434,0,11.969243777741475
298.21086525917053,723,11,2.2563543438347664,0,12.004161938400927
298.41092252731323,724,10,1.6135822871100163,0,12.05119278857007
298.62478137016296,725,9,1.6837785510437489,0,11.988636697385566
298.8950595855713,726,9,0.6191728496425903,0,11.518327232167692
299.099271774292,727,10,2.338847231933991,0,11.244227540197723
299.31255173683167,728,10,2.028239758769737,0,11.220741206628052
299.5309886932373,729,10,2.505087415922988,0,11.194913315534627
299.9783818721771,730,11,2.4967065485028064,0,11.193705498048736
300.4065613746643,731,10,1.767959943077645,0,11.292021283043795
300.97996735572815,732,12,0.6691782258788112,0,11.20405311818402
301.4902911186218,733,12,3.914990076906826,1,11.334973265787742
302.0964653491974,734,11,2.1194996416186145,0,11.38180048838403
302.5751554965973,735,12,2.711890290648938,0,11.263775431680607
303.158180475235,736,11,2.6063679359465057,0,11.359390561779243
303.66262578964233,737,12,2.347530585202916,0,11.293433219228271
304.2471807003021,738,13,0.8314033259818344,0,11.201646011988165
304.79372477531433,739,10,2.3311996621297633,1,11.398345612378176
305.30759954452515,740,10,3.043223063002044,1,11.135430535812798
305.87872862815857,741,12,4.478036197940823,2,10.95422759496251
306.348268032074,742,11,1.8460538862290434,0,10.609297155851166
306.84591603279114,743,10,2.067731310385192,0,10.70581175055926
307.30764412879944,744,11,0.7036436477429935,0,10.72578868243138
307.8214068412781,745,10,3.972095549438327,1,10.890917536892509
308.311466217041,746,10,1.464463592339352,0,10.909606966295428
308.8270173072815,747,12,5.935417528106768,1,10.93206694392051
309.32518577575684,748,10,2.8004830627625306,0,11.16331918672256
309.80042815208435,749,11,3.0485242774312087,0,11.236175549219428
310.24262619018555,750,11,1.01107485151781,0,11.318842732562803
310.72820258140564,751,12,3.11474197361227,1,11.39887282658279
311.26152086257935,752,10,1.0812136982939484,0,11.545827110480252
311.73822259902954,753,10,1.1321413439122463,0,11.429300149943037
312.243709564209,754,10,1.3284949713839056,0,11.320602385635407
312.7716739177704,755,10,1.5123055818156692,0,11.21808949308451
313.350056886673,756,10,0.5614278540343053,0,11.121976746134264
313.9197359085083,757,11,2.6135579792770782,1,11.079548233914904
314.3645610809326,758,10,2.055839815267913,0,11.102136871925225
314.84537982940674,759,10,2.126918268029353,0,11.107456161479764
315.3314211368561,760,11,2.8846174564474896,0,11.069471775773446
315.84046387672424,761,10,2.387997627033885,0,11.1450797003546
316.3337104320526,762,10,0.7963883077640448,0,11.018109476720369
316.8469030857086,763,12,4.957670865860456,1,10.895607008278727
317.31394386291504,764,10,2.9134724805151597,0,11.115624268588963
317.8277404308319,765,10,2.3541144825597664,0,11.036826575888613
318.3051452636719,766,11,3.3409170168908378,0,10.960201311736363
318.8035206794739,767,11,5.036725006492629,2,10.986184517649999
319.30184388160706,768,11,1.8226312721194526,0,10.966731719306136
319.8042953014374,769,10,2.6506363737253595,0,10.944103437943825
320.273366689682,770,10,3.921727499303175,1,10.82309930114709
320.7324285507202,771,10,4.846591751912573,1,10.746331532504247
321.2047975063324,772,9,1.1446789984449115,0,10.672593061642903
321.61092591285706,773,9,1.2153166122085957,0,10.552335582407501
322.0734269618988,774,9,0.4327972730740948,0,10.399588749560033
322.467223405838,775,9,7.094879601341694,1,10.253820026268
323.030809879303,776,9,1.4722609398020485,0,10.11206993290238
323.56224727630615,777,9,0.6917935529006347,0,9.974345497889683
324.15567541122437,778,9,1.1401068112908084,0,9.838474785418397
324.6753423213959,779,8,1.0677185599336745,0,9.70768984167001
325.151540517807,780,9,0.37678637198214493,0,9.496833383451747
325.57056951522827,781,10,5.129996690101388,1,9.380134592974917
326.0422773361206,782,9,2.0513988556931673,0,9.347161934635924
326.45773100852966,783,8,1.6274929556241253,0,9.233563404718872
327.0320384502411,784,8,2.4668579998098803,0,9.076576006186535
327.5948269367218,785,9,2.5527994013653843,0,8.878916895327475
328.13992953300476,786,9,0.9435554465454951,0,8.719600410406208
328.6309087276459,787,9,1.4102387154325005,0,8.562534539992576
329.12294840812683,788,9,2.633326086896268,0,8.452200210478214
329.6172709465027,789,10,3.5624549235010328,0,8.34095179684418
330.10941338539124,790,9,2.074964525153497,0,8.311376903404948
330.5837953090668,791,10,1.6986419317587538,0,8.253029299704256
331.00779914855957,792,10,0.53997605986461,0,8.232289438968245
331.4655954837799,793,8,1.1012456532395032,0,8.314360548918074
331.9175372123718,794,8,2.0978145786332654,0,8.236962852607231
332.3429253101349,795,8,1.1861203097644355,0,8.118447994811739
332.80897974967957,796,8,3.7910180215874236,1,8.054997403330809
333.30101442337036,797,8,3.333743788741417,0,7.945486719991592
333.82848072052,798,9,1.1617708741594701,0,7.891698000436811
334.3292648792267,799,7,3.055235135036991,0,7.984922659010614
334.91901874542236,800,8,1.7508104944029836,0,7.756552937793764
335.4154658317566,801,8,2.1425859308894806,0,7.626576520888008
335.94679141044617,802,9,2.9065740996345197,1,7.603290413375667
336.3747434616089,803,9,3.6462639573752793,1,7.630619037229323
336.9187753200531,804,9,0.596500735546799,0,7.597693808366259
337.31619215011597,805,10,1.729857706989963,0,7.634317517403929
337.7747814655304,806,10,1.87383358970421,0,7.698700328301754
338.18814063072205,807,10,1.2762834063169184,0,7.766511698596023
338.6346809864044,808,10,1.1927816780528007,0,7.93424880823698
339.10318875312805,809,9,0.7019903445839056,0,8.000045910234252
339.4986357688904,810,9,0.23891799227161695,0,8.041145389936418
339.908842086792,811,10,1.2122310081799623,0,8.084496110830987
340.237868309021,812,11,0.9069972609219118,0,8.269122250932032
340.54399394989014,813,11,1.2019017317678702,0,8.432683196554407
340.91082668304443,814,11,1.5097240975601627,0,8.587662179694352
342.17390990257263,815,11,1.1319679724737433,0,8.705505594247468
342.76761054992676,816,11,0.4150848574483467,0,8.863278708248684
343.2119789123535,817,12,0.8975523183660172,0,9.024921190639516
343.72266125679016,818,11,1.3501083150513196,0,9.320459107977067
344.2240493297577,819,12,4.852748641817467,1,9.475291896135118
344.75496339797974,820,11,1.2495180837866764,0,9.713371072193707
345.2687408924103,821,11,0.9725055509575511,0,9.91540674740203
345.81046748161316,822,11,0.41043363805834204,0,10.064337158143635
346.29540848731995,823,11,0.793569664128453,0,10.209509361905068
346.85238552093506,824,11,0.6921349652739252,0,10.461379766500267
347.36216402053833,825,10,0.815247252009385,0,10.60673783608327
347.91510105133057,826,11,1.4584001967721172,0,10.665369642337497
348.412517786026,827,11,1.0047749830030226,0,10.860348445048073
348.9580898284912,828,11,0.38154201537261273,0,11.057677067932314
349.46701431274414,829,12,1.2641768286171948,0,11.251448962407387
349.99245953559875,830,11,1.1401235251237798,0,11.478869417266413
350.46298360824585,831,3,8.509708360745764,1,11.60945888371786
350.9851620197296,832,11,2.7597199314940832,0,11.055516071616674
351.44039273262024,833,11,0.7948184712584047,0,11.147597951512399
351.9891777038574,834,12,0.2626590168803759,0,11.242981882009502
352.50009989738464,835,12,1.3995428403862467,0,11.41613628110624
353.0654892921448,836,12,1.4973245971493485,0,11.587853733155956
353.55466175079346,837,12,1.5733611446016604,0,11.744581493515032
354.07415437698364,838,13,2.259559074951531,0,11.896638317966826
354.575208902359,839,11,1.6822774711719954,0,12.124011261164004
355.0855851173401,840,14,0.5980836769150359,0,12.119452258316269
355.6584949493408,841,14,2.0194832966523673,1,12.42318621874049
356.15286803245544,842,14,1.733488166959306,0,12.758268351065254
356.63126826286316,843,12,1.0384853609000113,0,13.028458236333194
357.11153078079224,844,12,1.2217725653208513,0,13.065400716323396
357.644996881485,845,13,1.721627254721011,0,13.100624899849869
358.1717782020569,846,14,0.5444078144279794,0,13.261093725716243
358.6302983760834,847,12,0.9327434409260046,0,13.485754307706998
359.08834743499756,848,12,0.9559612483226472,0,13.530273034178933
359.5620791912079,849,12,1.0574742271304876,0,13.571203215827275
360.05067253112793,850,12,1.356494670328172,0,13.65809705583436
360.5344521999359,851,12,1.6710441419664528,1,13.690055845065672
361.0459976196289,852,13,0.5967030095464791,0,13.76986516367164
361.4813961982727,853,14,1.5791206422578252,0,13.916400829197883
361.9918763637543,854,13,1.338742534592569,0,14.0514486996425
362.44122338294983,855,13,1.3188264579718314,0,14.081942277740957
362.98345398902893,856,14,1.4360597949905929,1,14.117409626684797
363.43495059013367,857,13,1.606197757467775,0,14.209018054742025
363.91843914985657,858,13,0.5775647499971234,0,14.211765846255389
364.36319303512573,859,13,1.0253509553970894,0,14.248026878723905
364.81943011283875,860,13,1.7015682901185238,0,14.17877385060391
365.2858226299286,861,12,1.7005286849423615,1,14.148560950804665
365.7089858055115,862,12,1.3055175526721132,1,14.022609542507894
366.18223810195923,863,12,1.881563737576076,1,13.945261248094454
366.5967433452606,864,12,0.6993410232086021,0,13.855346992404009
367.06421661376953,865,12,1.2844954336348662,0,13.766632523948097
367.4664647579193,866,12,1.1269829632025807,0,13.714251615664882
367.932336807251,867,12,0.982549171460687,0,13.665778435620538
368.41782903671265,868,11,1.4057154034158525,0,13.615369604281145
368.9166371822357,869,11,1.163899546026966,0,13.482935074599666
369.3731188774109,870,12,0.4268423969266241,0,13.293089264745502
369.87818813323975,871,12,1.4294952804557297,0,13.180275949755499
370.3521361351013,872,13,2.2611876761380785,2,13.10872418641358
370.91571593284607,873,12,1.9793307845728425,1,13.170582866265926
371.36318826675415,874,13,1.8165762038246749,1,13.140798670675903
371.85369539260864,875,12,1.681719438944521,1,13.192724893794946
372.3601977825165,876,12,0.6270046924052022,0,13.157454771616086
372.79364371299744,877,12,1.0098619947965948,0,13.114682759721383
373.2418758869171,878,13,1.3018684958835742,0,13.124017499556773
373.67141366004944,879,12,1.1483770868584027,0,13.1604848441586
374.1619486808777,880,12,1.2594067900640007,0,13.168713822759344
374.64089035987854,881,12,1.1295253972614931,0,13.122586059234072
375.1589958667755,882,12,0.396180922001152,0,13.075826438034314
375.64240193367004,883,11,0.9773282287182713,0,13.023932792593222
376.1113500595093,884,11,0.9315015677839202,0,12.886368305717571
376.5953164100647,885,11,1.1418991069029034,0,12.748676388606123
377.11060309410095,886,12,1.2401046656307844,0,12.556669243627283
377.5690324306488,887,12,2.0651508296701007,1,12.496641719940166
378.0924537181854,888,12,0.7330685548761284,0,12.435341422553652
378.54856538772583,889,12,1.0809953990047816,0,12.37009344905665
379.0684585571289,890,13,1.038588876058055,0,12.357505267338457
379.55590415000916,891,13,1.1359490291151855,0,12.373845382845067
380.0933401584625,892,13,1.3393521051515134,0,11.94783992481278
380.5667722225189,893,12,0.8797716172362693,0,11.935632606252696
381.0759930610657,894,13,0.3114662987598847,0,11.832767601589685
381.51432251930237,895,11,1.1137113981487274,0,11.869308950767625
382.03445315361023,896,11,0.9083820796230263,0,11.731714976107735
382.4953079223633,897,10,1.2757211238092487,1,11.59837435490361
383.0059051513672,898,12,1.5724695177998602,1,11.380389713756585
383.5133476257324,899,10,1.3549708838535421,0,11.391495752549282
384.02809882164,900,13,0.48093180093392496,0,11.125224052491866
384.4813599586487,901,13,0.8302229305662557,0,11.283951630652481
384.99503993988037,902,13,0.9906432197270448,0,11.441278482833036
385.4438796043396,903,13,0.9279021715685722,0,11.603413786175183
385.9797830581665,904,12,0.9346928785507559,0,11.657552271276806
386.4345142841339,905,12,1.5160359980143356,1,11.62677141277854
387.0107204914093,906,13,0.5664523676078063,0,11.645754732777636
387.49499917030334,907,14,1.5454664642433933,1,11.808775981678613
388.08413791656494,908,12,1.693125104627674,1,11.951766290075888
388.5497958660126,909,11,1.6277397958271973,1,11.920362755513528
389.1108055114746,910,13,2.8163932066088395,2,11.801282061241691
389.662073135376,911,12,1.8488449376669893,0,11.857621326456426
390.1794891357422,912,12,0.6422922343410913,0,11.825868510573653
390.6500651836395,913,14,2.4853450020346974,1,11.848027318010981
391.165652513504,914,12,1.2009589731031767,0,12.09669763933227
391.62033772468567,915,12,2.3506041600607213,1,12.119588338011281
392.11829471588135,916,13,2.480208259461555,1,12.144387049228307
392.5977268218994,917,12,2.061401315204141,1,12.30794945747401
393.0991995334625,918,12,0.7315234631833263,0,12.336224960253329
393.518550157547,919,11,2.525404443380758,1,12.365523736734442
394.0722155570984,920,12,1.341686253533335,0,12.314228587383443
394.55839705467224,921,9,1.71181516255354,0,12.351042902918955
395.11463046073914,922,11,3.1889347686653116,1,12.08614524834569
395.61168932914734,923,11,1.6859140251821099,0,11.996809529494735
396.15168046951294,924,11,0.5950518094980924,0,11.909928325698187
396.6039762496948,925,9,1.2421260997532475,0,11.825867452506563
397.1538326740265,926,11,2.4026048820663544,0,11.575051156673418
397.636043548584,927,10,1.5960001132838104,0,11.50078119330457
398.16893768310547,928,10,2.462307884603796,1,11.343544870576372
398.6357991695404,929,10,2.1388871586934526,0,11.141191563628484
399.1474847793579,930,10,0.7475932968871136,0,10.940516523269473
399.6060371398926,931,10,1.826236029742297,0,10.796505629912406
400.07216811180115,932,11,2.2271254118183466,0,10.657445942119733
400.2869505882263,933,8,2.748489660985742,0,10.671284243972142
400.51830530166626,934,9,1.9022691158670368,0,10.39648684804898
400.74591612815857,935,9,1.1081145185128392,0,10.264292572682418
400.97225308418274,936,10,0.5504371732683114,0,10.094788573223372
401.4286286830902,937,10,1.25992184721847,0,9.990849245653564
402.0106728076935,938,11,1.0793889476558152,0,9.879479185044978
402.51845622062683,939,11,1.1304695443911499,0,9.90446397677519
403.02559304237366,940,12,1.5418812961074626,0,9.884556086049606
403.51502299308777,941,12,2.253978183497144,0,9.9468186283468
404.0440397262573,942,13,0.826384346021837,0,10.006914578005052
404.5679066181183,943,11,1.7198544734132954,0,10.148575480232783
405.0838837623596,944,12,1.433068571863112,0,10.079305564967576
405.47539377212524,945,11,1.8462595286967902,1,10.09879190924482
405.9413380622864,946,11,1.5425206644875853,0,10.02967081808541
406.3415324687958,947,12,1.3082741949297956,0,10.01724343257149
406.75203227996826,948,12,0.4595763841618888,0,10.085016641285733
407.1351001262665,949,12,1.2206740546663868,0,10.154300461521949
407.53831362724304,950,11,1.3347689394356324,0,10.221099256784548
407.9375674724579,951,11,2.2265557150023474,1,10.26099473713305
408.32926535606384,952,11,1.4235758711494673,0,10.305566489067747
408.7347571849823,953,13,2.769930969457593,2,10.353605739845523
409.1353511810303,954,13,0.566866604457419,0,10.511145341653553
409.5391776561737,955,13,1.3608410965646567,0,10.71905457335874
409.94012570381165,956,13,1.7149680951186719,0,10.822407064549669
410.33478832244873,957,13,3.2785955967423566,2,10.921752838139595
410.7286846637726,958,12,1.9156813484833013,0,10.963175826747806
411.1217725276947,959,13,2.3509099760447847,0,11.02619742192892
411.5706694126129,960,13,0.8628985401002908,0,11.059143858275926
412.0479471683502,961,13,1.6660550617664907,0,11.247931693922759
412.48540329933167,962,13,1.1192024467605526,0,11.441061481282379
412.9235076904297,963,13,1.608377989727464,0,11.636777726454575
413.3353750705719,964,14,1.8370505064854579,1,11.835229430343286
414.58701610565186,965,14,2.0932903099088014,0,12.082329665428803
415.01172828674316,966,14,0.769076630233803,0,12.320212641032704
415.48370718955994,967,14,2.4481178005664503,1,12.613863759847263
415.89869594573975,968,13,2.154099740272861,1,12.961795871785021
416.3066656589508,969,14,2.275635548502905,0,13.102002918001954
416.7158532142639,970,12,1.5147429660414309,0,13.269154389195894
417.14083218574524,971,12,1.4719184701001347,0,13.37089382958736
417.5973963737488,972,13,0.5247206109787954,0,13.419473050525244
418.0816044807434,973,13,1.4054306479130192,0,13.557297066270944
418.58453702926636,974,14,1.8031089158731048,0,13.809713883836274
419.0707039833069,975,13,1.3885873849804382,0,14.035476300571062
419.54343914985657,976,13,1.6565545983599497,0,14.166800764378792
420.05121970176697,977,10,1.3873561176164981,0,14.356858163165448
420.6003439426422,978,11,0.4877990287052876,0,14.227861021248472
421.043673992157,979,11,1.639765397077376,0,14.175334572073574
421.5290746688843,980,10,1.4145818656028204,0,14.074747759382369
421.9809136390686,981,10,1.438113778448758,0,13.935773311889406
422.4020857810974,982,2,25.336426712678275,1,13.630437432730144
422.85735630989075,983,7,10.263477557431088,1,12.733022528002069
423.2479989528656,984,7,1.6135089387748107,0,12.299546842006794
423.67498993873596,985,7,1.446636040649798,0,11.88298733508629
424.07902789115906,986,7,0.4586979747208047,0,11.373035023652466
424.4908707141876,987,7,1.0719052302651335,0,10.980209737260598
424.988477230072,988,6,1.241239601553797,0,10.54618495247226
425.47787737846375,989,6,0.9657535604834888,0,10.03493837606754
425.9501760005951,990,6,2.177213038270913,0,9.536179141613466
426.45026111602783,991,7,3.380132272755062,0,9.04781140509946
426.92072105407715,992,7,1.1557896754984847,0,8.660277542935518
427.3711085319519,993,7,1.8461029863398395,0,8.335720081934973
427.8129916191101,994,6,0.7005132988500286,0,7.869208768966274
428.26587176322937,995,6,2.115195857254609,0,7.366443223946064
428.6692433357239,996,6,2.230588068543344,0,6.875951520031833
429.12456727027893,997,5,0.9340814385289717,0,6.4286168421971865
429.5701355934143,998,5,0.3429459743617221,0,5.908355592147316
430.02028369903564,999,5,0.6086843493817398,0,5.455430100248961
430.47451543807983,1000,6,7.46855684864825,1,5.0168439982454345
430.9737856388092,1001,7,6.225318321761365,1,4.716541088891887
431.46647214889526,1002,6,2.858706936043638,0,4.517489531237658
431.933961391449,1003,6,2.9258736977573214,0,4.3080028717344305
432.37225437164307,1004,6,1.1570128738827714,0,4.02301485736885
432.83587551116943,1005,7,4.509802499379588,1,3.794668616041406
433.2837743759155,1006,5,2.04226384561218,0,3.6168089917628947
433.75391483306885,1007,5,0.36751692449770557,0,3.2740785222156887
434.2344055175781,1008,7,4.2542846899808895,1,2.991297026195582
434.7155497074127,1009,8,1.6937121884805428,0,2.8907598653915727
435.22159600257874,1010,8,0.567645188139223,0,2.8751854655094746
435.6947281360626,1011,8,1.5681506671827112,0,2.8287296787709124
436.2156240940094,1012,9,1.2304405214636471,0,2.7709273433557087
436.71528029441833,1013,7,1.2859558001640188,0,2.8119761835635018
437.2282991409302,1014,9,2.7048676681538257,0,2.7896434882374024
437.69962310791016,1015,8,0.9246834232062,0,2.9652951396677736
438.1742522716522,1016,8,0.30751995748171246,0,3.0628576705096293
438.6063537597656,1017,9,1.096292249853871,0,3.1838546888196504
439.0613191127777,1018,8,0.5994413614400966,0,3.390676382983031
439.49885535240173,1019,8,0.8645896886501551,0,3.4707579384580356
439.95644450187683,1020,8,1.0359493174812755,0,3.6067720436966937
440.4446084499359,1021,8,1.0140186561207858,0,3.7463410745350245
440.9138083457947,1022,8,0.3666014323961655,0,3.904522326652881
441.35294222831726,1023,8,1.282722176898115,0,4.082250031477315
441.742413520813,1024,9,14.119839034676236,1,4.281993164652192
442.13539481163025,1025,9,1.290870622055635,0,4.630087866727067
442.52370858192444,1026,11,2.9244143869137833,0,4.98415559208604
443.3360753059387,1027,10,1.093082416182409,0,5.44773229416144
443.8314564228058,1028,10,0.4013247826433253,0,5.901623992417541
444.4066159725189,1029,10,1.7972808646234475,0,6.304128091935539
444.9125928878784,1030,11,3.291419706913492,0,6.7790737458211865
445.39379954338074,1031,8,0.6413749559856513,0,7.244020764304683
445.8598153591156,1032,9,0.9231990768007319,0,7.449709122729171
446.3916583061218,1033,10,1.0846868543031871,0,7.804203850047406
446.8485128879547,1034,11,0.80947629497635,0,8.25483262035912
447.342896938324,1035,10,1.6251882714196613,0,8.8505013055348
447.8099114894867,1036,11,2.0244684995421665,0,9.307841839418792
448.2531452178955,1037,11,2.0208235995311936,0,9.852829105551173
448.7258851528168,1038,8,0.7123782118925893,0,10.241033928721016
449.1868317127228,1039,8,1.8338568655152825,0,10.415521351825696
449.5752372741699,1040,8,0.574518751690775,0,10.585340171340725
449.9810960292816,1041,9,0.9983034620799727,0,10.711177946480163
450.3860242366791,1042,11,2.1372449932210458,0,10.925033457169576
450.78892183303833,1043,9,1.2082592937525034,0,10.899711256325752
451.20718026161194,1044,3,12.89706664393585,0,10.94713386647912
451.62585496902466,1045,13,8.715678255573772,0,10.498634948160039
452.04754161834717,1046,13,2.286675514180841,0,10.882592000237281
452.47130727767944,1047,12,1.4037856656547438,0,11.253520101556376
452.9126651287079,1048,14,0.4318756886975813,0,11.533474679929355
453.3885896205902,1049,11,1.5916484907639272,0,11.920290753249702
453.8565237522125,1050,10,1.1654781133277943,0,12.043636164518631
454.3757076263428,1051,11,4.004230042523017,1,12.084197056536723
454.91793489456177,1052,11,3.630256076447435,1,12.25273785483165
455.35665583610535,1053,12,2.1432363782827366,0,12.390450156434696
455.80693221092224,1054,13,0.5974679526377903,0,12.604807559079802
456.21905636787415,1055,13,1.7888926930699407,0,12.830844511167726
456.6533668041229,1056,13,4.824002804587291,1,13.046595890225035
457.09268140792847,1057,12,1.4342930961482583,0,13.249079021798892
457.5273714065552,1058,12,0.8824705089020404,0,13.30138104842284
458.00522804260254,1059,12,0.9797829245774607,0,13.348258327682458
458.48748207092285,1060,12,0.4814073915907905,0,13.379759980236486
458.9517834186554,1061,12,1.7844473109280377,0,13.443922359776693
459.42001152038574,1062,13,2.198211560297958,0,13.54802389405343
459.926340341568,1063,11,1.4284054868293115,0,13.678300786918186
460.40487480163574,1064,11,1.6257643961491453,0,13.619543100459367
460.89472126960754,1065,13,2.768524505478667,0,13.550810222985177
461.36043548583984,1066,14,0.7573668600192193,0,13.685901722091586
461.8294768333435,1067,14,1.7990961168228141,0,13.783679401165514
462.27356815338135,1068,13,1.7748583559389912,0,13.855590365288421
462.7855885028839,1069,14,3.214839130322201,1,13.94479399020507
463.39658880233765,1070,13,1.966047797150865,0,14.178198267849481
463.9360384941101,1071,11,1.7068062975440752,0,14.29632065428747
464.4787998199463,1072,11,0.5648894078702019,0,14.22908121932241
464.9606592655182,1073,12,2.065393922851251,0,14.195035131825335
465.4140682220459,1074,12,1.464508782217941,0,14.127285765908567
465.86987590789795,1075,12,1.7540589397545916,0,14.157993544030163
466.26010608673096,1076,12,1.2894457708574896,0,14.11606249463567
466.6802930831909,1077,12,0.8663836659407738,0,14.072614924449809
467.0866799354553,1078,12,0.32885397588918336,0,14.073229648780782
467.4343333244324,1079,13,1.455339335691251,0,14.005339377384452
467.8309426307678,1080,13,1.7655604839464576,0,14.02331266125153
468.16298174858093,1081,11,1.5744107209471494,0,14.020960158221662
468.58060574531555,1082,13,3.351398299180482,2,13.858458421779908
468.9662446975708,1083,13,3.8923977273882593,1,13.849535506519913
469.290176153183,1084,13,0.596226426639916,0,13.821981619722784
469.7540531158447,1085,12,1.2528090720854226,0,13.857396196342222
470.2084758281708,1086,15,2.119472060884946,1,13.801095890745884
470.6655185222626,1087,15,1.089559098973485,0,14.092408532472156
471.0951704978943,1088,14,1.4424799089462432,0,14.313933092581003
471.55908727645874,1089,15,2.0386448946074203,0,14.447879025704673
472.03076219558716,1090,16,0.7001055573671549,0,14.655359736904934
472.894202709198,1091,16,1.4211443275235542,0,15.055006550839153
473.3529131412506,1092,14,1.3678034674086312,0,15.213451679815336
473.85342502593994,1093,13,1.2066306180836555,0,15.242581189532558
474.3251242637634,1094,15,1.8696678613737725,0,15.221526891236607
474.77444672584534,1095,16,1.7703653069964858,0,15.415346381311338
475.23038482666016,1096,16,0.6096329973984159,0,15.632605307580803
475.6865129470825,1097,16,1.1768349460306204,0,15.888285028585173
476.14442467689514,1098,16,1.6396601876803216,1,16.13218981807698
476.62339067459106,1099,17,1.5634542755994563,1,16.20990857013105
477.09955954551697,1100,17,1.6806454231011376,0,16.353992862602297
477.7026324272156,1101,16,2.3585001486849237,1,16.50171467840434
478.2355077266693,1102,18,0.5936989855851321,0,16.580389618975317
478.7333664894104,1103,14,1.3144533714314623,0,16.916589391248323
479.1941339969635,1104,14,1.6784300333263247,0,16.7735960761663
479.6504304409027,1105,15,2.262260531187698,1,16.29603577934828
480.13505268096924,1106,16,1.4662047224159456,0,16.425905225002495
480.5646479129791,1107,17,2.201797545468704,1,16.628650881401967
481.0214285850525,1108,4,21.05653884521472,3,16.861248269163283
481.46918749809265,1109,6,8.009927164756608,1,16.07382094087012
481.9182529449463,1110,6,3.7398518545640074,0,15.322495342946596
482.45717453956604,1111,6,2.4679367067908866,0,14.538653650803678
482.88135600090027,1112,6,0.7432411067933934,0,13.807052816936139
483.3568410873413,1113,6,2.2628095533682653,0,13.094482708228492
483.8507471084595,1114,7,2.1875206018397106,0,12.447308118135982
484.3418810367584,1115,7,1.7541313664356113,0,11.952507107070442
484.8339431285858,1116,7,1.9413143519036926,0,11.471143336669897
485.321781873703,1117,7,2.343118527108195,0,11.003625187557184
485.7995550632477,1118,7,0.8146141122831518,0,10.496973309526616
486.2901725769043,1119,4,1.8709210640537248,0,10.000460456294668
486.7656304836273,1120,5,3.105328097020174,0,9.260396849698978
487.2776930332184,1121,7,2.2642311649155586,0,8.619588398288641
487.77129220962524,1122,5,2.6138238922099566,0,8.17001920429449
488.2863962650299,1123,6,3.3375173217590013,0,7.609504297600807
488.7717192173004,1124,6,1.188736539133316,0,7.054313708325296
489.2702565193176,1125,6,1.1208522424401284,0,6.509133477016803
489.7362291812897,1126,6,2.1461483618064454,0,6.093825859557711
490.23005843162537,1127,7,1.6516995970582145,0,5.741194437741342
490.6949393749237,1128,8,3.3229883861434844,0,5.502845543615365
491.18856978416443,1129,7,2.018320639230974,0,5.304396253010651
491.69657588005066,1130,7,0.7408315566658628,0,5.0821380669334815
492.1906337738037,1131,7,2.169180617898079,0,4.832969433696945
492.65300464630127,1132,6,1.5817183392228888,0,4.508726197279145
493.1436834335327,1133,7,2.2955102735133686,0,4.103810912922796
493.67994499206543,1134,5,2.5477948038768337,0,3.8330445619345994
494.2237141132355,1135,4,0.9131115874506608,0,3.4025340804529662
494.7737376689911,1136,4,0.33015138542517913,0,2.9026663803657584
495.3417241573334,1137,5,5.994110353218688,1,2.4141450877640125
495.86655616760254,1138,4,1.4622423969175793,0,2.049616521773345
496.35387229919434,1139,4,0.9081590171946986,0,1.6317077968891454
496.83390617370605,1140,4,5.2755030943819285,1,1.2838198308661504
497.3386673927307,1141,4,1.3062233214840258,0,0.9439118630045868
497.8217794895172,1142,4,0.40946424534272186,0,0.5271854088153987
498.3032486438751,1143,6,7.010214587667477,1,0.229190867831079
498.7948009967804,1144,6,2.1591742915170897,0,0.11277921144113634
499.29941606521606,1145,5,1.541655855825794,0,0.0
499.79945039749146,1146,4,3.6931371602587544,0,0.0
500.2928864955902,1147,4,4.432779506135509,0,0.0
500.78002738952637,1148,4,1.5804735508401064,0,0.0
501.2712140083313,1149,4,2.6224617393970298,0,0.0
501.7313530445099,1150,4,1.1528685861362231,0,0.0
502.24897837638855,1151,5,1.3205890636611368,0,0.0
502.74870109558105,1152,6,4.361132654459054,1,0.0
503.2265934944153,1153,6,1.0077841754909813,0,0.0
503.7200894355774,1154,6,0.3417438874052724,0,0.0
504.2274446487427,1155,6,3.8152412772367845,1,0.0
504.6907241344452,1156,5,3.8171594085934,0,0.15814099673494297
505.16143012046814,1157,5,3.3921401919758813,0,0.38498913460196604
505.63505244255066,1158,7,2.2107976069043835,0,0.6328966666736449
506.1109263896942,1159,7,1.5985329456730284,0,1.0690617279814774
507.1154863834381,1160,7,0.4383863451913943,0,1.4324131785534462
507.76418709754944,1161,6,0.7968461171171963,0,1.9561895019537303
508.27872705459595,1162,6,1.1294372555769268,0,2.396779306392972
508.76486468315125,1163,7,1.8235107688273908,0,2.96418041851193
509.2614676952362,1164,7,1.5081883156685698,0,3.426898792433178
509.74413990974426,1165,5,0.7211009429310402,0,3.9014270534484936
510.21700382232666,1166,5,0.24846451192074942,0,4.266175833630648
510.6796386241913,1167,6,3.246194662380845,1,4.699364729950293
511.13270354270935,1168,6,1.0463878879031658,0,5.288775737660883
511.63062596321106,1169,5,0.5070381828474022,0,5.23301073539414
512.1200814247131,1170,8,4.6412295364168665,1,5.1910941088095655
512.6213865280151,1171,6,2.651136218179347,0,5.402626432238192
513.1056413650513,1172,6,0.9246181926381624,0,5.441760241785224
513.6123414039612,1173,6,1.9265111812992761,0,5.480307912348015
514.0709781646729,1174,6,2.7218176277348696,0,5.51919806434983
514.5243697166443,1175,7,2.19035584134157,0,5.6083831354365365
515.0552592277527,1176,1,19.475711455570945,1,5.781532803208884
515.5071964263916,1177,8,6.964113237880542,0,5.45984690366674
515.9576017856598,1178,9,1.1987962063518487,0,5.727502155782523
516.407773733139,1179,10,1.4076410362199596,0,6.072687400205837
516.8675842285156,1180,10,0.3908448322815504,0,6.342182854758747
517.3397870063782,1181,11,2.244870112929199,0,6.6481218877026915
517.7936239242554,1182,11,1.4034087069810284,0,7.122695239042567
518.2558274269104,1183,11,1.1118923682023605,0,7.4872963894316555
518.7208750247955,1184,11,1.3292698845819217,0,7.88841100635652
519.1638216972351,1185,11,1.5931708811248861,0,8.27608864854853
519.6062824726105,1186,11,0.579196840340307,0,8.652006215123535
520.0466079711914,1187,11,1.4035327753360003,0,9.016794470122406
520.5503387451172,1188,11,1.4281605513804818,0,9.430588806977454
521.0423874855042,1189,11,1.7714623330610588,0,9.887483348598778
521.4790184497833,1190,10,0.8437343954433018,0,10.278957992604802
521.9720149040222,1191,11,1.9031759801462842,0,10.594151083857383
522.4808397293091,1192,11,0.5380480636006773,0,10.988110823726387
522.9688236713409,1193,11,1.8960957443969249,1,11.320379365427172
523.4632754325867,1194,10,1.1074551976692868,0,11.69714645580666
523.9490764141083,1195,10,0.9835559555835709,0,11.879428150222509
524.4547920227051,1196,10,1.0306247282068028,0,12.003567758763197
524.9319231510162,1197,10,1.1649470683046081,0,12.10611197750221
525.4096386432648,1198,10,0.42625829816876276,0,12.246454641274639
525.8880426883698,1199,10,1.0386793105049454,0,12.324148571845797
526.3761057853699,1200,10,1.3413320827008324,0,12.3913573941269
526.8363041877747,1201,10,1.399083017552866,0,12.43832660039503
527.3240067958832,1202,10,1.1696137130075055,0,12.479342488989332
527.8019940853119,1203,11,3.4473917315986955,1,12.504484835444629
528.2964639663696,1204,11,0.44229137398520696,0,12.707164755213924
528.7761943340302,1205,10,1.2614935481277245,0,12.89556492063143
529.2542281150818,1206,10,1.479405555819419,0,12.938036860491977
529.7364535331726,1207,10,1.1303846788955823,0,12.917266370522782
530.2218437194824,1208,10,0.7314652847467474,0,12.88326438542687
530.7168102264404,1209,10,1.078445036354487,0,12.83730715477492
531.2221462726593,1210,10,0.38235946542026567,0,12.778899261616331
531.704115152359,1211,10,1.4263213962322954,1,12.70021916177815
532.2146277427673,1212,10,1.1416976388714968,0,12.667131780143464
532.7049913406372,1213,10,4.269265019951162,1,12.671337561237266
533.1270711421967,1214,10,1.632697582501959,0,12.65212194884586
533.5250363349915,1215,10,0.7324393799540178,0,12.62052658644393
533.927633523941,1216,11,0.21672965151549947,0,12.582788617823226
534.3309502601624,1217,11,1.4484487484900348,0,12.566016052539723
534.7406740188599,1218,10,1.802793633757345,0,12.538167698518293
535.1458687782288,1219,10,2.1604874085319765,1,12.524920049678272
535.5312712192535,1220,10,1.2332670345177452,0,12.502910370296348
535.9480857849121,1221,10,1.9273059295082884,0,12.475203925335208
536.440313577652,1222,10,0.708278092598105,0,12.400830132535518
536.9182045459747,1223,10,3.2759326151708588,1,12.313359054940577
537.322521686554,1224,12,1.8333299390458924,0,12.256604400025566
537.7468411922455,1225,13,1.1050611374589854,0,12.359840298239035
538.2770838737488,1226,13,1.0645605229996162,0,12.446031218298671
538.7453045845032,1227,13,0.8510422828492891,0,12.503905326767992
539.213751077652,1228,13,0.2982979097524947,0,12.596054966917634
539.6178584098816,1229,12,0.7649487551006087,0,12.662874709216624
540.0207102298737,1230,10,1.101115565985941,0,12.580332377320516
540.7948491573334,1231,10,1.509828007604508,0,12.52566812540367
541.332043170929,1232,11,1.5987394242190323,0,12.31872007685945
541.7426588535309,1233,12,2.3345422409966448,1,12.170994752364777
542.1974985599518,1234,12,0.4122284833114735,0,12.10235166930147
542.6412098407745,1235,12,0.875567677000941,0,12.019157751321714
543.0796105861664,1236,12,1.3854714475261714,0,11.97533762938475
543.5168948173523,1237,11,1.1211160906970905,0,11.603763633403855
543.9551038742065,1238,10,1.1784802983503337,0,11.49438634522916
544.4074914455414,1239,10,1.162198756359397,0,11.348532735975128
544.8544409275055,1240,10,0.42162131004347425,0,11.253257100411764
545.3281669616699,1241,11,1.1910556554036034,0,11.158712309475337
545.7688264846802,1242,10,1.6991322878247326,1,11.199681418862339
546.2143256664276,1243,11,1.6226326840621452,0,11.157685075935808
546.661731004715,1244,11,1.4102504772176243,1,11.201338085021645
547.1051661968231,1245,11,1.6995252287038136,1,11.245007292354172
547.5307056903839,1246,11,0.6167541315217354,0,11.288373778974378
547.98091173172,1247,2,3.3944539925311537,0,11.332877431960977
548.4195854663849,1248,13,2.331973605715315,0,10.630084697971288
548.866762638092,1249,13,1.2373884196555844,0,10.860314194107694
549.3044316768646,1250,12,1.6562888721584792,0,11.086252152719641
549.7582771778107,1251,14,0.5261269137954138,0,11.171369923777226
550.2110197544098,1252,11,1.060905076035507,0,11.472928019207735
550.6645736694336,1253,12,2.2181672205273495,1,11.518429397634378
551.1250841617584,1254,12,1.4141229752281208,0,11.647827447974432
551.5598464012146,1255,12,1.1446199612870958,0,11.719560796108055
552.0197088718414,1256,13,1.95104566268235,1,11.788123833098776
552.4895596504211,1257,13,0.5344792662893344,0,11.936472656001275
552.9225144386292,1258,14,0.800782015281302,0,12.076015985380664
553.340015411377,1259,13,1.2478593622185008,0,12.291373072553359
553.787517786026,1260,12,1.2837708836221753,0,12.416010618940557
554.2643852233887,1261,13,1.4273893104489332,0,12.452397093705503
554.7225148677826,1262,12,0.8669719972927669,0,12.566654295770924
555.1991586685181,1263,12,0.3066194100938884,0,12.591371095671015
555.7087016105652,1264,15,5.687283037121754,2,12.668275182290067
556.202755689621,1265,11,1.8474524630974898,0,12.996380207379673
556.6208748817444,1266,13,1.3936752963258066,0,12.913221312916548
557.036057472229,1267,14,2.270050905172444,0,12.997939738650103
557.4300937652588,1268,14,1.1964023508159916,0,13.158121469795105
557.8891184329987,1269,14,0.4363059847935994,0,13.315219024072874
558.357429265976,1270,13,1.2893245682668004,0,13.464024884888701
558.76802277565,1271,12,1.5463788304460808,0,13.51281940638831
559.1933104991913,1272,13,1.5878964166340686,0,13.472622331952827
559.60950756073,1273,13,1.4217096865352268,0,13.510909204398224
560.028487443924,1274,12,1.5014945514931084,0,13.542846509142969
560.4427061080933,1275,13,0.548932610612588,0,13.484874307091495
560.8954195976257,1276,9,1.417257127302757,0,13.509815730084327
561.3573813438416,1277,14,2.9296539096144896,0,13.249209703792829
561.817001581192,1278,14,2.067933296973718,0,13.408470906547997
562.3049330711365,1279,13,1.564437674645344,0,13.510805709148528
562.7376124858856,1280,12,1.6718418198031175,0,13.515322718684644
563.2087531089783,1281,12,0.8045127071541195,0,13.432645037538336
563.6651456356049,1282,11,1.2501040790869422,0,13.343290918559365
564.1320629119873,1283,9,1.0577768629923172,0,13.16518384126471
564.5894849300385,1284,9,1.076357568690755,0,12.814112113237217
565.0402419567108,1285,9,1.2190874816327024,0,12.57358784285085
565.4768164157867,1286,8,1.697088520450721,0,12.39444883432074
565.9483642578125,1287,8,0.623427644562478,0,12.14005436230518
566.4723875522614,1288,9,4.715912201688868,2,11.896585001570541
567.0200717449188,1289,9,3.639451741539155,1,11.747833695788445
567.4661955833435,1290,8,1.5127919517339767,0,11.550078419334056
567.9289517402649,1291,8,1.4162265781437717,0,11.160038966200492
568.3796064853668,1292,9,3.171509316621067,1,10.77790375055018
568.8632578849792,1293,9,0.6424857092829894,0,10.541593033345418
569.2802581787109,1294,7,1.3885110782645227,0,10.367513901873355
569.6852765083313,1295,8,1.2641105905538874,0,10.030219981511408
570.096883058548,1296,9,8.21469742567622,1,9.791977206448564
570.5273332595825,1297,9,1.3649960486612331,0,9.647761157442666
570.9925005435944,1298,8,1.7407447503755606,0,9.45401296980284
571.4604804515839,1299,10,1.3935743499177173,0,9.125436136129665
571.9361479282379,1300,10,1.5122091675752674,0,8.97111708833279
572.3577604293823,1301,8,1.2863305100848215,0,8.823399451897714
572.754168510437,1302,9,1.8386012420918059,0,8.56325137880215
573.1635251045227,1303,9,1.650461383617972,0,8.340457302607803
573.5492787361145,1304,11,1.9817438463697108,0,8.176996296778839
574.0465984344482,1305,12,2.680517640268666,1,8.168234680295498
574.4699647426605,1306,11,1.53166759538235,0,8.255795293844159
574.9643578529358,1307,11,1.306479006738552,0,8.245387913505581
575.4060480594635,1308,11,1.8405422495591937,0,7.762916920661226
575.8115360736847,1309,11,1.8465434538174494,0,7.8537035420424814
576.2081351280212,1310,12,1.2014720306461995,0,7.948950084472358
576.6270594596863,1311,12,0.39073143602932375,0,8.073502354094643
577.090226650238,1312,10,1.2271133422342355,0,8.296951626093048
577.5414347648621,1313,10,1.3934103982846728,0,8.200505800539446
577.9526438713074,1314,12,3.6131283423284932,1,8.165922857153305
578.3632757663727,1315,13,1.35765693275122,0,8.302299713316373
578.7749364376068,1316,11,1.728197538077377,0,8.520439249693453
579.194385766983,1317,11,0.6178871295006595,0,8.621460267535895
579.6240203380585,1318,12,1.5757299859867075,0,8.725496490203852
580.1058351993561,1319,10,1.562628541224735,0,8.964697831109035
580.5460770130157,1320,10,2.1833493296398387,0,8.99468499956221
580.9945213794708,1321,11,2.363693379619231,0,8.977068869957847
581.4273936748505,1322,11,2.8531337370622407,1,9.103317718910198
581.8986892700195,1323,12,1.064740264593096,0,9.17713148513176
582.3045032024384,1324,11,2.0526884966948113,0,9.34358949190566
582.703147649765,1325,9,1.9091437713902215,0,9.586025174257514
583.0806384086609,1326,10,1.6775150566523862,0,9.458745365302548
583.4659819602966,1327,11,3.8284225868162785,1,9.52407766977285
583.9324398040771,1328,12,1.855465742245261,0,9.727246162438007
584.4084153175354,1329,12,0.6374390680023101,0,10.022782046242138
584.8469896316528,1330,11,2.278156882007476,0,10.326211107227678
585.239423751831,1331,12,2.6336928925447483,0,10.497600518501295
585.6245865821838,1332,13,2.232775961006557,0,10.702880325620345
586.0133707523346,1333,13,1.1744252829490593,0,11.044592002119323
586.4574983119965,1334,12,1.5454464012927276,0,11.38930578300381
586.9022381305695,1335,12,0.5488418341873113,0,11.599447846280519
587.3462092876434,1336,13,2.0871260460284575,1,11.866720268823173
587.7526545524597,1337,14,1.6303308037443796,0,11.997828840991545
588.2021706104279,1338,13,1.8428452763274457,0,12.48388853353675
588.6789021492004,1339,12,1.449667792620362,0,12.893132450489205
589.1703772544861,1340,12,1.8266693157789728,0,13.169115347437142
589.5682818889618,1341,13,0.6235395756773247,0,13.37923555995134
589.9642143249512,1342,13,2.0898338317476184,1,13.673867676062088
590.3565077781677,1343,13,1.8895208338360758,0,13.910156113884
590.7401804924011,1344,13,1.4658581113703533,0,14.029155631402773
591.2277920246124,1345,13,1.2158837252460306,0,14.15926855828252
591.630699634552,1346,12,1.9684968029128493,0,14.26312389040811
592.0176513195038,1347,12,0.7039765679520928,0,14.214498553259574
592.5097925662994,1348,13,1.6932848971163121,1,14.176221484698516
592.9343905448914,1349,12,1.640751895922948,0,14.254612093878947
593.4331328868866,1350,12,1.1866491641984185,0,14.25023148660506
593.8679668903351,1351,12,1.0197212679282899,0,14.16979828426274
594.260835647583,1352,12,1.2363990734110133,0,14.0727729669008
594.7638506889343,1353,13,0.44999111906657,0,14.039870110991657
595.1719787120819,1354,12,1.1655593223440979,0,14.069306263984771
595.6074275970459,1355,13,4.171594762140647,1,13.897501392991146
596.1113922595978,1356,10,1.8779012343564623,0,13.864273218515194
596.496025800705,1357,12,4.560404290007017,2,13.59770266613613
596.974992275238,1358,9,2.081922564947265,0,13.51450199232584
597.4735429286957,1359,9,0.5597718317550708,0,13.107877950947717
597.948413848877,1360,10,2.2575723663988065,0,12.804828037901572
598.3454592227936,1361,12,3.2290328927354364,1,12.58585818348051
598.7422878742218,1362,11,1.2196720082754884,0,12.433259366247409
599.2212584018707,1363,13,1.9580730632645638,0,12.243546285713796
599.6502928733826,1364,13,6.561133198903575,1,12.220779211429353
600.1355032920837,1365,14,0.627110265977177,0,12.300972001359192
600.5272784233093,1366,12,1.4925370639026316,0,12.515561606903752
601.0199043750763,1367,13,1.614906720399889,0,12.499811913083658
601.4885346889496,1368,13,2.2726315456449075,0,12.567651412004848
601.8900549411774,1369,13,1.9389994058517421,0,12.627746679560872
602.3378899097443,1370,15,4.857690117593644,1,12.685061358517935
602.8302707672119,1371,15,0.7682238380377595,0,12.96893688145233
603.2824971675873,1372,15,1.4008145783152623,0,13.243973372948421
603.7510569095612,1373,15,1.5989156158766298,0,13.402930171360985
604.2333867549896,1374,13,2.2202466239019913,0,13.551154262752796
604.6351180076599,1375,14,1.7499155800141057,0,13.615164764452373
605.1278085708618,1376,15,1.5816459382129406,0,13.826399856257723
605.6257512569427,1377,15,0.7885620261302382,0,14.014053072094512
606.1340887546539,1378,15,2.7982099929463273,0,14.193426294239046
606.6279752254486,1379,17,1.9320896381780022,1,14.416809814529337
607.0439927577972,1380,17,1.5781447070840848,0,14.690269182003952
607.9822883605957,1381,17,2.1396326128837266,0,15.01184829168293
608.4351255893707,1382,16,2.0080834335605475,0,15.313766157034095
608.872430562973,1383,16,0.7499452681164238,0,15.504711804989526
609.3293528556824,1384,16,2.1879385125779844,1,15.739068873169131
609.7616209983826,1385,15,1.9791968488857707,0,15.90403320596728
610.153776884079,1386,15,1.8807053497127113,0,15.853276906839028
610.5765964984894,1387,15,1.8846534177713403,0,15.849433470263406
611.0691840648651,1388,13,2.5032455958305397,1,15.89891944041348
611.4777777194977,1389,14,0.9314272510990006,0,15.804120238623895
611.97034907341,1390,13,1.801709322725696,1,15.807770301870875
612.4227156639099,1391,13,2.1761537589979327,0,15.661224982796107
612.8896505832672,1392,15,3.5256363191628077,1,15.566332829373778
613.3266472816467,1393,14,1.7012983639302413,0,15.692641012456981
613.7744698524475,1394,15,3.253186080576676,1,15.729652948699034
614.2477295398712,1395,16,1.1672121361726324,0,15.801246042302836
614.7142479419708,1396,17,1.6234752562021189,0,15.950738076239134
615.1860656738281,1397,2,19.27269690665836,2,16.229249258101163
615.6302943229675,1398,4,7.222728225240225,0,15.262745328567682
616.1178891658783,1399,4,2.01927355314683,0,14.452214957733023
616.600423336029,1400,4,1.010534915864687,0,13.610716871669078
617.1119186878204,1401,7,0.3498010156159102,0,12.789554957181842
617.5787672996521,1402,6,1.0846025530618375,0,12.295402979462448
618.0618987083435,1403,6,1.3640773626813505,0,11.731212094150266
618.5203640460968,1404,6,1.4364892877964432,0,11.185844006224407
618.9477961063385,1405,6,0.8091865580905091,0,10.661516630284602
619.3794605731964,1406,6,1.4264679871940902,0,10.156970371110702
619.8340814113617,1407,7,0.5501072276651416,0,9.616235476151218
620.3354995250702,1408,6,0.6642736467862193,0,9.16643862790616
620.7477159500122,1409,5,1.6309211346790093,0,8.71116155445695
621.1702218055725,1410,5,1.784018541646467,0,8.136803421691951
621.612583398819,1411,6,3.4808977239189383,1,7.577700829113667
622.0747926235199,1412,5,1.0730113482419847,0,7.1135987570807515
622.5544636249542,1413,6,0.32192044403995007,0,6.573882319145213
623.0246951580048,1414,7,3.306483322802254,0,6.188303725814109
623.4962375164032,1415,5,2.324962470897919,0,5.84812765419116
623.9559893608093,1416,4,0.4826165407823024,0,5.407550360495918
624.4137306213379,1417,4,0.9204416944518149,0,4.748221756217589
624.8509464263916,1418,4,0.5356104029185179,0,4.2108753125297085
625.3383040428162,1419,4,0.19538825503355606,0,3.517081939480704
625.8021626472473,1420,4,0.4945031851467856,0,2.845144760046594
626.3155918121338,1421,5,1.4419634569346558,0,2.2152027776458
626.8757112026215,1422,4,0.7163637345525176,0,1.7617904178948152
627.4027700424194,1423,4,0.6082895457030203,0,1.1999601162319777
627.8514001369476,1424,5,1.9630579700122175,0,0.8006872492646266
628.3145036697388,1425,6,0.26561663775985894,0,0.4971816747169555
628.8030798435211,1426,6,0.9458060578589566,0,0.3374966743778032
629.2605199813843,1427,4,1.069250605362675,0,0.10222397608123401
629.7112820148468,1428,5,2.580214021641281,0,0.0
630.1821534633636,1429,6,1.4758316135282217,0,0.0
630.6325509548187,1430,5,0.7616323399933372,0,0.0
631.1205310821533,1431,6,0.2836936618947825,0,0.0
631.5854885578156,1432,6,1.69833805353689,0,0.0
632.0438129901886,1433,5,2.2365911788894466,0,0.0
632.5028319358826,1434,5,2.50634151193325,0,0.0
632.9545104503632,1435,5,1.0014737016750197,0,0.0
633.3899114131927,1436,6,1.2501749164371716,0,0.0
633.821346282959,1437,6,0.33246401368488643,0,0.0
634.2679750919342,1438,5,1.434478258638979,0,0.0
634.7121551036835,1439,5,1.0793669936695671,0,0.0
635.1598868370056,1440,6,1.1864664763675186,0,0.0
635.6058840751648,1441,6,0.6137840959480467,0,0.0033694569900717397
636.052357673645,1442,7,0.9228944110419309,0,0.34362055344004716
636.4946758747101,1443,7,0.3003665363285165,0,0.7394928385946855
636.9429287910461,1444,6,1.0214785965322837,0,1.1512025100250298
637.3557236194611,1445,6,1.135974244220791,0,1.5088369176718004
637.7350084781647,1446,6,1.3298911023864781,0,1.842047656683775
638.1245105266571,1447,7,1.1256603021405627,0,2.1871586488649655
638.5546312332153,1448,6,0.5922717629769537,0,2.62122566355535
638.9876432418823,1449,6,0.2095463892526385,0,2.8861985078504375
639.4131813049316,1450,7,1.4998319773027486,0,3.2207390902448196
639.8241140842438,1451,5,0.9640259515415139,0,3.6040787772857215
640.2171039581299,1452,5,1.0737332047553083,0,3.8397452128368457
640.5911645889282,1453,6,1.3796675750953455,0,4.1977871659075845
641.0229725837708,1454,6,0.8696375740617922,0,4.60122971313708
641.4742352962494,1455,5,0.3817352558143456,0,5.07714952781221
641.9085726737976,1456,5,0.7942499720596825,0,5.549090611539849
642.3991560935974,1457,6,2.04437302782923,1,6.10391638060808
642.9379570484161,1458,7,0.64298261332048,0,5.9772093107535
643.5220713615417,1459,5,0.6253845249742794,0,6.030195105207351
644.1426165103912,1460,6,0.8731354769357688,0,5.9089694466009925
644.6611478328705,1461,6,0.2603493593661856,0,5.865981625646832
645.0795826911926,1462,6,0.7760389125868848,0,5.9806478111669374
645.6183314323425,1463,6,1.267742148759464,0,6.045796096072074
646.1914932727814,1464,7,1.2471972746187652,0,6.112175142770383
646.6621150970459,1465,7,0.566878068652595,0,6.262588801361861
647.2425429821014,1466,6,0.906786073488216,0,6.415377497692241
647.7399456501007,1467,6,0.34658528977665554,0,6.475095705319291
648.246762752533,1468,6,0.6302637157084525,0,6.590940270700187
648.7366325855255,1469,6,0.8403136458401783,0,6.6518361526209375
649.2290933132172,1470,6,1.0106466775560843,0,6.65735480477386
649.740650177002,1471,6,1.0332649454603258,0,6.661543184906225
650.2179253101349,1472,5,1.1442339291418304,0,6.717217368106493
650.7018005847931,1473,5,0.4485666478610411,0,6.628777892224505
651.2052557468414,1474,5,0.8930035919859889,0,6.597112490129657
651.6954598426819,1475,5,0.8485493996184713,0,6.62239901495731
652.2115485668182,1476,5,0.7913529869984158,0,6.542430716369456
652.7054665088654,1477,7,0.9280487098167183,0,6.405659225533469
653.0889065265656,1478,7,1.0910369934063466,0,6.439434382363597
653.4766676425934,1479,7,0.39896803397763025,0,6.466354798864732
653.8820338249207,1480,5,1.027749247292316,0,6.487233806538857
654.2727127075195,1481,5,1.0109282540679905,0,6.329171360402318
654.6640813350677,1482,5,1.8324467862807423,1,6.22471507378437
655.0669162273407,1483,5,1.7135473037215532,0,6.06971737365515
655.5220379829407,1484,5,1.3297753059655282,0,5.915183788951514
655.9653944969177,1485,6,1.2288611536227345,1,5.810791804941353
656.4027888774872,1486,6,0.9265368566017055,0,5.842259724107025
656.9618315696716,1487,7,1.9271264032773334,1,5.8742005883540545
657.4346306324005,1488,8,0.7360109693785134,0,5.886365111038215
657.9004111289978,1489,8,0.8170133000884761,0,6.027596672990427
658.3401153087616,1490,8,1.450550178828334,1,6.212932227765455
658.8256211280823,1491,8,0.43294002126235975,0,6.342327912006343
659.2865552902222,1492,8,0.6737444452093289,0,6.515708106583613
659.7657506465912,1493,8,0.6835451070944994,0,6.684629267849456
660.2545731067657,1494,7,1.3376029463995311,1,6.798135810868043
660.7419090270996,1495,8,1.142869278259718,0,6.821093812231478
661.1888461112976,1496,8,0.8098177555273449,0,6.92170164020807
661.6366062164307,1497,8,0.3176371804804762,0,7.066054366298815
662.1460177898407,1498,8,0.7612178434945337,0,7.208611675576211
662.6425654888153,1499,8,1.4510421137417862,1,7.295112241687971
663.1337563991547,1500,7,0.8738180607699354,0,7.3745708579293705
663.6265044212341,1501,9,1.1587694565915283,0,7.414798759306624
664.1131455898285,1502,8,0.8277275950140147,0,7.619849014280682
664.5269944667816,1503,8,0.30502067846775377,0,7.780245855753449
664.9416680335999,1504,9,1.5330190530882033,1,7.937574359793118
665.3580369949341,1505,9,1.2349302289815667,0,8.123967387498226
665.7571160793304,1506,9,1.5575357345775438,0,8.301646579665857
666.2201795578003,1507,9,1.6583616246400148,1,8.479068732008386
666.7037827968597,1508,9,1.2209280275554146,0,8.704522510679084
667.0889315605164,1509,9,0.4388938427664605,0,8.863512610801195
667.5016705989838,1510,8,1.2616280871147432,0,9.019510811015394
667.8961131572723,1511,8,1.312782383761558,0,9.138248819693686
668.2922711372375,1512,8,1.2338770524171854,0,9.152534248266562
668.6908984184265,1513,8,0.8415394710316157,0,9.16185467133674
669.0814299583435,1514,8,1.3564802070705224,0,9.218025916360602
669.5504474639893,1515,8,0.5002003500147978,0,9.281339397850488
669.9914677143097,1516,9,1.2353123453041486,1,9.282830960523867
670.4460897445679,1517,8,1.0021145178175268,0,9.360134764436722
670.8873567581177,1518,8,1.3678844308750084,0,9.400843711571568
671.3183262348175,1519,7,1.1861305252450083,0,9.49072019936871
671.7164900302887,1520,6,1.2019370127544158,0,9.381798217266052
672.1122310161591,1521,6,0.44004745082578534,0,9.240613147143975
672.5755305290222,1522,6,2.616594249300976,1,9.10697665264128
673.0310969352722,1523,6,1.240196288635572,0,8.971011327595527
673.4666175842285,1524,5,1.645031309866613,0,8.830984550329283
673.8380692005157,1525,5,1.6028546475784158,0,8.656221098371248
674.231148481369,1526,6,1.5370229232383563,0,8.489264360635225
674.6236338615417,1527,6,0.42548698507734395,0,8.353958603748822
675.0094649791718,1528,5,0.7699462351482198,0,8.218420376211057
675.408887386322,1529,6,2.1949442123721936,1,8.002539736267675
675.8042879104614,1530,8,1.800223299352287,1,7.869841605397902
676.4921450614929,1531,8,1.1250976932591348,0,7.913583574730115
676.9414563179016,1532,8,0.6679124245317167,0,7.940702553029535
677.3880422115326,1533,8,0.25915792587168,0,7.90830423051607
677.8389239311218,1534,8,0.6585995077108007,0,7.868929949145723
678.279618024826,1535,8,0.5336525679059007,0,7.822224172135266
678.7350707054138,1536,8,0.7623327520849636,0,7.769052153181377
679.1795527935028,1537,8,1.080481738894981,0,7.70894814201626
679.6165735721588,1538,8,0.8312588241819225,0,7.749759350216925
680.0856001377106,1539,8,0.30728682555414916,0,7.789098659496732
680.5155975818634,1540,8,0.6761551902957208,0,7.825299691302764
680.9590218067169,1541,9,3.351740266151765,1,7.7497934901162715
681.3930830955505,1542,8,2.8474858743243443,1,7.751179683232049
681.8327615261078,1543,8,2.1204725673136036,0,7.657329235023225
682.2784428596497,1544,8,2.2190046267697476,0,7.555215828871562
682.7239832878113,1545,9,0.701882872386694,0,7.445314330385906
683.1131403446198,1546,9,1.8155622800295983,1,7.470129733799514
683.5252797603607,1547,1,8.109347413453458,1,7.486983227692042
683.9162666797638,1548,10,3.3612144755523827,0,6.873877056631123
684.3159861564636,1549,10,2.6980639660942196,1,7.0945112057948165
684.7138197422028,1550,9,2.078027359968851,0,7.310061124736244
685.1280233860016,1551,9,0.6162797546142049,0,7.435880945600321
685.5368144512177,1552,9,1.8818766331366197,0,7.55959000809581
685.9179363250732,1553,9,1.8749881345446522,0,7.68113603885926
686.3249154090881,1554,8,2.652969709183851,0,7.799979988026585
686.7344279289246,1555,7,2.2421608086793055,0,7.777388992607268
687.1463119983673,1556,7,2.6809948305735634,0,7.723449493677753
687.5390667915344,1557,10,1.3829419172536346,0,7.671855765376346
687.9357986450195,1558,9,2.291213275953448,0,7.8741318561200195
688.3322613239288,1559,10,2.3683061540079464,0,7.98787069595644
688.7288258075714,1560,10,3.1043615563132776,0,8.18271543139052
689.2015969753265,1561,10,1.8452465687118131,0,8.320635422705875
689.7208633422852,1562,8,1.905810509498206,0,8.562787070471238
690.1553955078125,1563,8,0.6916716514916355,0,8.577025913694037
690.5895318984985,1564,7,1.3970409934747408,0,8.591291681391056
691.0098714828491,1565,8,2.7358529228877404,1,8.57417138249583
691.4619450569153,1566,7,1.318363022814679,0,8.648303665726033
691.8607234954834,1567,8,2.1243747367308363,0,8.637454076336336
692.2518737316132,1568,10,2.0655446522781187,0,8.715639860789349
692.6321265697479,1569,11,0.5136522310585593,0,8.963801551728857
693.0294306278229,1570,9,1.1979236953664125,0,9.294749505964887
693.4363157749176,1571,11,3.0563555886502267,1,9.39966761496197
693.8454036712646,1572,10,2.0467846606029134,1,9.671099952988179
694.234060049057,1573,8,1.5466666318522342,0,9.850106642551836
694.6319744586945,1574,9,4.603264809623228,1,9.858555853373232
695.0836200714111,1575,9,1.084507706397552,0,9.957683733149764
695.4802844524384,1576,9,1.7558185540417548,0,10.047850469019679
695.9169566631317,1577,9,5.24554132481026,2,10.195616823462032
696.3691387176514,1578,10,3.704414473460598,1,10.290547952240033
696.8276672363281,1579,11,2.531913075506184,1,10.468735287286947
697.3077352046967,1580,10,2.623710752394479,0,10.67582528312272
697.7494962215424,1581,10,0.951080449184406,0,10.727288706221927
698.1884224414825,1582,9,2.9685239810650335,1,10.768813882230788
698.622320652008,1583,8,1.7039274353981346,0,10.713497032336633
699.0485467910767,1584,10,7.668979061714824,2,10.56325282542224
699.4559261798859,1585,8,2.0164921784616525,0,10.522614909637838
699.9171137809753,1586,8,1.9815114139115875,0,10.303326353576082
700.3662331104279,1587,8,0.76161454201013,0,10.129936904096063
700.8006927967072,1588,8,1.5411313211958204,0,9.949116873481586
701.2262816429138,1589,8,1.6780355641093614,0,9.704491536467287
701.6410777568817,1590,8,2.1582764368975194,0,9.508500678808655
702.0792384147644,1591,8,1.4907718528719551,0,9.42389746048184
702.5512282848358,1592,7,1.3093922019909234,0,9.339606329440773
702.9800386428833,1593,7,0.4994253561247942,0,9.165064424517592
703.4333283901215,1594,7,1.176465439051195,0,8.993547280229302
703.8865060806274,1595,8,2.3916212938318036,0,8.82385677564557
704.3387022018433,1596,8,1.2437347318158465,0,8.744365722722808
704.7757380008698,1597,9,14.848566731947907,1,8.66470969021816
705.2506678104401,1598,9,2.9424806661730876,0,8.673699311128875
705.7247111797333,1599,9,1.0797645377695146,0,8.680360624789959
706.2038419246674,1600,9,2.5097058967113637,0,8.684814595898176
706.5960388183594,1601,9,3.1013982577511157,0,8.686615385327283
707.013445854187,1602,10,5.448358061433902,1,8.741331351891844
707.4047751426697,1603,10,4.733631797754029,0,8.828598044106272
707.8956048488617,1604,10,6.095594486918246,0,8.911658295945132
708.4041156768799,1605,10,2.2253807496597044,0,8.990631923539604
708.878347158432,1606,9,2.2953087842928146,0,9.119054636019323
709.3860101699829,1607,10,4.625411224261895,0,9.157162706032361
709.8809177875519,1608,10,3.2741917518428307,0,8.847436040341915
710.3347640037537,1609,9,1.1906904723710976,0,9.007919496699103
710.8101363182068,1610,9,3.319594032167114,0,9.078807257539292
711.3223938941956,1611,9,0.7597421663751882,0,9.097792487964412
711.7855355739594,1612,10,2.664101563235249,0,9.116030752810591
712.2498333454132,1613,10,2.250876760400668,0,9.223306454691002
712.7252445220947,1614,9,1.9104416751253135,0,9.327995199363027
713.219349861145,1615,10,2.9821703287764274,0,9.28691806344472
713.6770730018616,1616,9,2.471222710220835,0,9.277638732440353
714.1255972385406,1617,9,0.8835696855599161,0,9.172651000653
714.5182869434357,1618,9,2.2854860265558634,0,9.22520956733515
714.9246609210968,1619,9,1.85533813306084,0,9.226100838365277
715.3226113319397,1620,9,1.9301415136780486,0,9.280526660641852
715.7379205226898,1621,9,2.0637321125072017,0,9.337310000719285
716.2145986557007,1622,9,2.6155374081461114,0,9.397150463829744
716.6461765766144,1623,9,0.9283630469277085,0,9.351945186138467
717.0646810531616,1624,9,2.714116533540576,0,9.304714765262968
717.4714784622192,1625,9,2.445597779680055,0,9.203703720597284
717.8482236862183,1626,9,2.441396467843056,0,9.150816656930331
718.2430891990662,1627,8,2.835422119590286,1,9.045468208607266
718.6661818027496,1628,9,2.806404962174291,0,8.90390148521332
719.1045391559601,1629,10,0.908627954633165,0,8.948772954100182
719.5632426738739,1630,10,3.0156814671865084,1,9.131107718325822
720.0592062473297,1631,11,2.4143174012840123,0,9.212734264822135
720.590056180954,1632,11,2.275917796392169,1,9.482338815238379
721.0399363040924,1633,11,1.839963680159656,0,9.6991160888355
721.546044588089,1634,10,2.6709288770099384,1,9.810072636696486
722.0196847915649,1635,11,0.9293811614170789,0,9.881643171707978
722.4823389053345,1636,11,1.4277817818601415,0,10.0355684203174
722.9740452766418,1637,9,1.8199506147733768,0,10.186667394637848
723.4626059532166,1638,9,4.294109574789962,2,10.16215243831412
723.9520435333252,1639,9,2.02055238276235,0,10.191293545913052
724.442590713501,1640,9,3.250406851961191,1,10.276463158956581
724.916179895401,1641,9,1.1920929181018014,0,10.310561697475187
725.3683853149414,1642,9,3.199389199688536,1,10.345402240667987
725.8362305164337,1643,10,2.1674818852677786,0,10.329918722346264
726.3177647590637,1644,9,2.912098880607698,0,10.347702921991853
726.7829110622406,1645,10,1.4407006047904778,0,10.381156210028742
727.2553956508636,1646,10,2.4929565346615252,1,10.395979645974379
727.777101278305,1647,10,0.877795273207297,0,10.40921637593339
728.2604098320007,1648,10,1.8202634480902464,0,10.414905933656641
728.7237439155579,1649,10,2.2572874643732255,0,10.414621090658343
729.16539478302,1650,10,1.2855350308426385,0,10.408508633514863
730.2815072536469,1651,10,1.7428636233116837,0,10.436273328807388
730.7216873168945,1652,10,2.10711753626126,0,10.416062570645991
731.1726727485657,1653,11,0.8203088351521213,0,10.336886780482889
731.568249464035,1654,10,2.248788691681034,0,10.339728845223917
731.9693720340729,1655,10,2.3388875107223144,1,10.2451583313213
732.4478373527527,1656,10,1.8544702602208625,0,10.202581994708927
732.8848576545715,1657,9,1.8058200633508688,0,10.154529772274364
733.2712435722351,1658,10,5.096139525551054,1,10.06775157217537
733.6612663269043,1659,10,1.201437377542074,0,10.069274089922024
734.0497212409973,1660,10,1.6104117979831543,0,10.068775107899853
734.4447543621063,1661,10,4.816220224630643,1,10.066473442773873
734.8311185836792,1662,11,1.88335175189791,0,10.061983837735916
735.2231066226959,1663,11,2.4840153007472856,0,10.191134074814048
735.6236834526062,1664,11,3.5060109433061855,1,10.317683564860463
736.0940580368042,1665,12,1.4907197858734755,0,10.443921090151552
736.5487267971039,1666,10,2.4830984451843365,0,10.649909780339687
737.0007829666138,1667,9,1.4471372502688533,0,10.633867822287396
737.449296951294,1668,3,11.920408238509284,1,10.584435627158985
737.9432218074799,1669,6,4.668902892870991,0,10.042930087706264
738.4078817367554,1670,7,1.7072645471822994,0,9.71140154829461
739.0203306674957,1671,7,1.488431346023553,0,9.468931898629078
739.6564977169037,1672,8,0.42493436565488957,0,9.226132894433958
740.1218054294586,1673,8,2.171027279928094,0,9.125100739328579
740.6241157054901,1674,7,1.8010810490624314,0,9.028259012232603
741.1025836467743,1675,7,1.2562580488364243,0,8.799490600386015
741.5571458339691,1676,7,0.9847496829985364,0,8.628824750407734
741.9968836307526,1677,9,1.2305043793150705,0,8.415476021876849
742.4226710796356,1678,9,0.28281068008635746,0,8.377369525366781
742.8762955665588,1679,7,0.7043518812156241,0,8.337490179470734
743.3127765655518,1680,6,1.1631971284327534,0,8.131272164719547
743.7340865135193,1681,6,0.7091382655403402,0,7.848040187983457
744.2381999492645,1682,7,3.9836735129131537,1,7.565808857187122
744.6630916595459,1683,7,0.5033631552827746,0,7.380255620707629
745.1027119159698,1684,7,0.17415148050058998,0,7.198006266975355
745.5424587726593,1685,6,0.3610794585530461,0,7.019927177345409
745.9901678562164,1686,7,3.473588174332548,1,6.762443325921609
746.4318907260895,1687,7,1.725744183024002,0,6.593196783665505
746.8345584869385,1688,7,0.7701855340317542,0,6.379646631292829
747.2720112800598,1689,7,0.8289387817150277,0,6.214606235450816
747.7083287239075,1690,7,0.3059597758923249,0,6.105906037794739
748.1544411182404,1691,5,1.3192135316416223,0,6.001677702678947
748.5582003593445,1692,8,1.441679532885959,0,5.800287291534559
748.957946062088,1693,7,0.9967960720938132,0,5.8572001357697445
749.3786313533783,1694,8,1.6967407929261777,0,5.835360249971174
749.8197994232178,1695,8,0.905441069699799,0,5.847353725293928
750.2558648586273,1696,8,0.3331258599858519,0,5.917870052001419
750.7079222202301,1697,8,1.002121279726133,0,5.993274346198717
751.1668121814728,1698,8,0.5678820505956892,0,5.967973383368275
751.593953371048,1699,6,0.37277274887155315,0,5.9494381767513715
752.023041009903,1700,6,0.5811152023622187,0,5.768905260806989
752.4794564247131,1701,8,1.3038101148147667,0,5.59047147593445
752.8709094524384,1702,7,0.3585872858553418,0,5.592096165980919
753.2633948326111,1703,6,0.8138882204925512,0,5.512552080736128
753.6689319610596,1704,6,0.9199505039546928,0,5.407117103708714
754.0639276504517,1705,5,0.5661879493691747,0,5.257390828103652
754.4499926567078,1706,5,0.9855503296400123,0,5.087822733045229
754.8850455284119,1707,6,1.1285289843534716,0,4.920384314411876
755.2984097003937,1708,6,0.3001971826911559,0,4.849423753092168
755.6862473487854,1709,6,0.5958128700694043,0,4.791602794701532
756.0791642665863,1710,7,1.13247142270964,0,4.741182823736494
756.5295326709747,1711,7,0.7206409232529056,0,4.77101453719105
756.9564349651337,1712,7,0.5112575439230987,0,4.818343157468462
757.3461363315582,1713,9,1.6033541859452511,0,4.878211376195608
757.7336885929108,1714,9,0.3329856533448197,0,5.159257735116199
758.1382188796997,1715,8,0.42975105738376507,0,5.389067673521964
758.5554695129395,1716,7,0.5205021628454926,0,5.538126768015815
759.0052053928375,1717,9,1.0321039229004714,0,5.607287507654817
759.4432210922241,1718,9,0.6650660273857805,0,5.796266182891145
759.8985846042633,1719,8,0.9219892098779418,0,6.038374692306668
760.347822189331,1720,8,0.34230740035562285,0,6.203591882428796
760.7715880870819,1721,8,0.7312149313243462,0,6.377096319953786
761.1808383464813,1722,8,1.0288773975412988,1,6.557407907604301
761.5689001083374,1723,8,0.8273585064098515,1,6.799953961424464
761.9569320678711,1724,8,0.5992010269006476,0,7.051314200563921
762.36616563797,1725,8,0.8012958826367027,1,7.3121337175739525
762.7469952106476,1726,8,0.2876747288234679,0,7.638342407636285
763.1503348350525,1727,8,0.5233593669750302,0,7.86368544697973
763.5819354057312,1728,8,0.4407691545950416,0,8.040452216380121
764.0185742378235,1729,8,0.3757639065838568,0,7.87616458477078
764.4546144008636,1730,7,0.44018657270926004,0,7.871258307439991
764.9116485118866,1731,8,1.462071780082666,2,7.8353137750045505
765.341058254242,1732,8,0.3678924313138244,0,7.8826994864022915
765.7784240245819,1733,9,0.6246019813074548,0,7.984488709437322
766.3596403598785,1734,7,0.6944941411418325,0,8.179339242446481
766.8596680164337,1735,7,0.8216683210965009,0,8.137751466542095
767.2656538486481,1736,8,0.9928701960838058,0,8.090880280288928
767.7622950077057,1737,8,0.4906413907194982,0,8.135896603600138
768.2561650276184,1738,8,0.18259643597035555,0,8.292874826154673
768.7583608627319,1739,7,0.6497446168585361,0,8.453497032905496
769.246987581253,1740,7,0.7855311602219198,0,8.410864189623446
769.7288839817047,1741,6,0.6004757729092186,0,8.309523345682003
770.2557284832001,1742,8,0.8567279405671,0,8.11677100176459
770.7470307350159,1743,7,0.6119154974508078,0,8.160139951385638
771.199286699295,1744,7,0.22411091603557284,0,8.10799268504283
771.7028172016144,1745,8,0.5366562352422157,0,8.058032248059906
772.1799104213715,1746,8,0.7835124210802362,0,8.041077660502694
772.6653873920441,1747,8,0.8410932351108349,0,8.076270076294442
773.1697814464569,1748,7,0.9779281859885199,1,8.109472959549457
773.6045293807983,1749,8,0.795157950606942,0,8.04609002882723
774.0477390289307,1750,8,0.26433703617899007,0,8.074614154306047
774.4974458217621,1751,8,0.47097752832335865,0,8.100801747945791
774.9275705814362,1752,7,0.6397976209451333,0,8.01409363391331
775.3535225391388,1753,7,1.152096513730831,1,7.9956349165098874
775.7981441020966,1754,7,1.061889798600501,1,7.926040898432005
776.233024597168,1755,7,0.8905548160180793,0,7.911052763062125
776.6153998374939,1756,7,0.3349346988030327,0,7.897140295795742
777.0106031894684,1757,7,0.8219139335268713,0,7.886209288359094
777.4272215366364,1758,7,0.914686120677792,0,7.87824871614443
777.8468253612518,1759,6,0.9119692595059379,0,7.872577168638209
778.2684922218323,1760,7,0.9999077194948223,0,7.679743930744122
778.7110550403595,1761,7,0.5303194636805089,0,7.574422361300617
779.1783277988434,1762,8,0.2118012498806824,0,7.570741766653299
779.6027863025665,1763,8,0.7477054126233844,0,7.602699358017408
780.0328738689423,1764,8,0.7510102619077211,0,7.580921907269735
780.4521062374115,1765,8,0.7122218877601855,0,7.5547461304902015
780.8817460536957,1766,8,0.843185448870413,1,7.4729422228988645
781.3282058238983,1767,8,0.7447599706039134,0,7.384246920504087
781.7674281597137,1768,8,0.269205574973167,0,7.340648930544642
782.186158657074,1769,8,1.0292243839844426,0,7.292977100111065
782.5815880298615,1770,8,0.7368138974541036,0,7.241154624896449
782.9846215248108,1771,8,0.44141858362258773,0,7.235757045267089
783.3813328742981,1772,8,0.7628163424550019,0,7.228270192450481
783.7931900024414,1773,8,0.5615884093009434,0,7.217962833541556
784.1869034767151,1774,8,0.19605382840336352,0,7.307773743290561
784.5853562355042,1775,8,0.4840359857259701,0,7.399367953403159
784.9693009853363,1776,8,0.7381883063082002,0,7.441744339545883
785.4136984348297,1777,6,0.8404932622657167,0,7.431468142946301
785.8060505390167,1778,8,0.9950103897252873,1,7.360714598938163
786.1961362361908,1779,8,1.078324613578784,0,7.458766557480637
786.5953752994537,1780,8,0.4004851171242025,0,7.507156749451583
787.0565671920776,1781,9,1.0058585926749737,0,7.555243477556417
787.4768154621124,1782,9,0.6848502875943686,0,7.684966000905332
787.8572542667389,1783,9,0.9636397188015483,1,7.812593907685591
788.2501928806305,1784,9,0.5615759335976759,0,7.938127933870229
788.6409201622009,1785,9,0.957594224752418,1,8.061803080411789
789.0321781635284,1786,10,0.35261088392895856,0,8.18376522015411
789.4602143764496,1787,8,0.7455434631180723,0,8.38631977627686
789.8991897106171,1788,8,0.4916677804303523,0,8.424631769857857
790.3080461025238,1789,8,0.3381436020137985,0,8.462311385351004
790.7030544281006,1790,9,0.2697551224670404,0,8.499974611053293
791.0989186763763,1791,8,0.8233701384122784,1,8.564209715425896
791.5068161487579,1792,8,0.32288492456875284,0,8.598941731180425
791.9034764766693,1793,7,0.5924591843046497,0,8.633802379382459
792.3678057193756,1794,7,0.6758936536461061,0,8.647456995396638
792.8536243438721,1795,7,0.6609148430830266,0,8.550819470804374
793.3302369117737,1796,7,0.6738971019610464,0,8.45122233251831
793.7311408519745,1797,7,0.6728769987240119,0,8.4050324400297
794.1259150505066,1798,7,0.24643487826615235,0,8.360696225138664
794.5407423973083,1799,8,0.7954030274011276,1,8.319220521931847
794.9347019195557,1800,8,0.4761516827963387,0,8.306267081870825
795.3709435462952,1801,8,0.6982557098474396,0,8.292184266708478
796.1397352218628,1802,9,0.7559585373955088,0,8.22578460324747
796.6515665054321,1803,8,0.9250522893447742,0,8.352390973386218
797.0979177951813,1804,8,0.3489851482737504,0,8.326059577702267
797.538498878479,1805,7,0.9752154688355372,1,8.297010411572455
797.9853317737579,1806,7,0.8941263798030286,1,8.234086400446268
798.4136395454407,1807,7,0.780604438036507,0,8.172938233212152
798.8728222846985,1808,7,0.8951287037874571,0,8.114792720400505
799.3074250221252,1809,7,1.0051681191234179,0,8.001184656549189
799.7602376937866,1810,7,0.37430537285441196,0,7.945157475871754
800.2380874156952,1811,7,0.7625391640404025,0,7.891742685882765
800.6878914833069,1812,7,1.558652594300336,1,7.840318151993943
801.1371109485626,1813,9,1.4841795876260182,1,7.7351749181045895
801.572240114212,1814,9,0.903124393341253,0,7.810234777182994
802.0389342308044,1815,7,1.1273450813982924,0,7.880391803674847
802.4836506843567,1816,8,0.36797486267365687,0,7.76641337945491
802.9155452251434,1817,8,1.4781037584660692,1,7.742451316686528
803.3395171165466,1818,7,2.5877010486177037,2,7.716285851432385
803.8109991550446,1819,7,2.4604371757864305,1,7.598737695290199
804.2571482658386,1820,8,2.4879332509602716,1,7.4267962759956845
804.7056159973145,1821,7,1.818286965399971,1,7.3970984250354235
805.1472570896149,1822,7,0.6201913734485395,0,7.277120232216383
805.5891382694244,1823,8,2.2369877661321484,1,7.212484028476226
806.0455040931702,1824,8,1.7493555209477738,1,7.238155939410667
806.5856325626373,1825,8,2.2628108343512117,1,7.261212634184169
807.0450024604797,1826,8,2.4404780494379446,1,7.287251814085728
807.5121803283691,1827,8,2.353129876891131,1,7.312972572891127
807.9863331317902,1828,8,0.8461628300940622,0,7.338495419551091
808.4416296482086,1829,7,1.8822405879744493,0,7.364487144781517
808.870078086853,1830,7,1.773651629480899,0,7.303068720466452
809.3225593566895,1831,7,2.0285914757435024,1,7.243725696863553
809.8419060707092,1832,8,2.3337943990812753,1,7.184895521457172
810.4259788990021,1833,7,2.5075543417259016,1,7.2142710166710415
811.0530564785004,1834,7,0.9290500043310094,0,7.1543408209264925
811.5488686561584,1835,8,1.8141126256385711,1,7.101117870245986
812.0726461410522,1836,7,3.1802555740133136,1,7.139116797323041
812.5011096000671,1837,6,2.5548007012822764,0,7.09064757780261
812.9001717567444,1838,7,3.782611558382162,1,6.852631798481312
813.3148281574249,1839,7,2.1453350975041916,0,6.809472998816275
813.7181012630463,1840,8,0.7930783549920838,0,6.7692215565027425
814.1346113681793,1841,7,2.1023219233810027,0,6.816733589532916
814.5315508842468,1842,6,2.4584127393728403,0,6.83001242524594
814.9652280807495,1843,6,2.942020257629834,0,6.760665154703261
815.3810279369354,1844,6,2.2719338682685684,0,6.69922986189232
815.8216037750244,1845,6,1.8829879352603813,0,6.6436620581665835
816.2486243247986,1846,6,0.6535457168564138,0,6.595630291562166
816.6622738838196,1847,6,1.9143514354133846,0,6.606383868353014
817.0908415317535,1848,8,3.774481006953272,0,6.522704646993063
817.5387480258942,1849,6,0.9054858589235487,0,6.608445515752351
817.9804952144623,1850,8,4.565603799177305,1,6.528653955348609
818.4112858772278,1851,8,1.957419239332136,0,6.670681952203289
818.8522841930389,1852,8,0.6912213723840213,0,6.76252911352346
819.272337436676,1853,7,0.7201858808106829,0,6.854818013236976
819.6616377830505,1854,8,3.820596926795106,1,6.8130074693335025
820.0460779666901,1855,7,1.979690895799274,0,6.853020796277118
820.4705059528351,1856,7,2.485665080124564,0,6.808008978592429
820.9025394916534,1857,8,2.109006193571315,0,6.762709249919737
821.317095041275,1858,8,0.6630929607977198,0,6.798834908557751
821.7605633735657,1859,6,0.7079242818275182,0,6.831344659043644
822.1918399333954,1860,6,6.310580201873194,1,6.752080091806274
822.6373879909515,1861,6,1.1005564205568874,0,6.676550058764665
823.0894589424133,1862,6,3.925933616884318,1,6.604944911060034
823.5359673500061,1863,7,2.598420694857013,0,6.590966989142174
823.9921033382416,1864,7,0.8911232423710345,0,6.612801398793589
824.4293563365936,1865,5,1.2327049767998113,0,6.637694349898066
824.871652841568,1866,6,1.275383401793691,0,6.446539456052854
825.3093469142914,1867,5,1.292427204036203,0,6.342139941938385
825.7050540447235,1868,7,5.710546926603313,1,6.158925654507797
826.6246602535248,1869,7,4.363305094107423,0,6.117949998341956
827.0674648284912,1870,8,1.5469043672589673,0,6.104727631010711
827.4737877845764,1871,8,2.5397239185847345,0,6.179674142161268
827.8554062843323,1872,6,1.4385207090832832,0,6.252691649205019
828.2548182010651,1873,6,2.75964369138038,0,6.1508085878325005
828.667409658432,1874,7,2.132130135879342,0,6.159860573150262
829.0983581542969,1875,6,4.6486341044226895,1,6.259663570696304
829.5363023281097,1876,6,1.6902244406091165,0,6.169795246960959
829.9927031993866,1877,7,2.947797871809446,0,6.135966841909266
830.4436416625977,1878,8,1.106605532203039,0,6.191926204753905
830.9036602973938,1879,7,1.2883392346357194,0,6.279838765207302
831.3928272724152,1880,7,0.9247573101479473,0,6.27959455124979
831.8740644454956,1881,7,1.3589625357098938,0,6.335588605801629
832.3728637695312,1882,7,0.4797476347635615,0,6.337987921619806
832.8463561534882,1883,8,1.436606993167229,0,6.34145951487114
833.3310506343842,1884,8,1.957760521898153,0,6.4879117363962635
833.7792394161224,1885,1,2.8341554280206864,0,6.636003125612202
834.2122066020966,1886,9,0.11560944761894452,0,6.1758388491961504
834.6196944713593,1887,8,1.7620630973773248,0,6.427702787235333
835.0192983150482,1888,8,3.648201605552791,0,6.589387625519452
835.4019734859467,1889,10,0.9595387122188171,0,6.749942322340526
835.8157982826233,1890,10,3.6324358375639982,0,7.024774301837663
836.2576842308044,1891,9,2.4763861717798528,0,7.292301345485356
836.7409808635712,1892,11,2.082160618446185,0,7.468964302508663
837.1409802436829,1893,11,3.4946827671435403,1,7.865050123584886
837.5906479358673,1894,13,2.2065218908895523,0,8.19939679652768
838.0563957691193,1895,13,0.7084455248258826,0,8.694945711057947
838.5110387802124,1896,13,2.123673529225413,0,9.228197875757985
838.9446804523468,1897,13,1.9071648695940266,0,9.69243899412632
839.3911273479462,1898,12,2.6289615459813125,0,10.090493872540506
839.8509342670441,1899,12,2.947934319414608,0,10.441252757367735
840.3256711959839,1900,10,4.05854068407796,0,10.782808662379864
840.7632832527161,1901,10,1.4746273626088668,0,10.989062089980251
841.2327134609222,1902,10,2.133090351241589,0,11.143867398001674
841.6822099685669,1903,8,2.1080463097024302,0,11.23562506383783
842.1410551071167,1904,10,3.1416115783797216,0,11.149994485082715
842.5649569034576,1905,11,1.9096095073810138,0,11.223754779023608
843.016453742981,1906,10,2.736180289590476,1,11.378265101163464
843.4825341701508,1907,10,1.0290543967943138,0,11.439325016779037
844.0000877380371,1908,9,3.443131100619038,1,11.500401717946346
844.5352704524994,1909,10,3.976576628527181,0,11.575649932839127
845.0066559314728,1910,10,2.041327876502022,0,11.614124484586029
845.503579378128,1911,4,1.9320673097688998,0,11.754596287385311
846.0136797428131,1912,9,7.365034398131438,2,11.374473683354466
846.5392892360687,1913,9,1.4029512710783554,0,11.436626428082803
847.006528377533,1914,5,2.9554894872464477,0,11.431724984073384
847.4583132266998,1915,8,10.731875539824399,2,11.127303365761534
847.9440190792084,1916,7,3.3247950610034964,0,11.043251340916584
848.3987820148468,1917,8,4.7363010879085765,0,10.865556289468728
848.8749055862427,1918,10,7.050066186955467,1,10.832744284760466
849.3352222442627,1919,11,2.2693357087111625,0,10.971345375815432
849.8166768550873,1920,9,4.579126394419231,0,11.085738174326224
850.336074590683,1921,9,3.4157634371195593,0,11.020202003780454
850.8156154155731,1922,7,2.2918586792451188,0,10.94098214039353
851.2481377124786,1923,7,3.3939079484698427,0,10.675029693793945
851.6976487636566,1924,8,2.701961992543349,0,10.465603413932811
852.200600862503,1925,9,1.0167100932270492,0,10.348982717794087
852.6683385372162,1926,10,5.659770155640928,1,10.203236668258924
853.3063716888428,1927,9,3.867489871844588,0,10.20385372616456
853.9183871746063,1928,9,3.1726512581549433,0,10.046109635772673
854.4844846725464,1929,8,2.895786872092868,0,9.984525958629064
855.4226307868958,1930,8,4.259821452318437,0,9.848624862712981
856.0619955062866,1931,8,1.0533810735728448,0,9.739740731093754
856.5635523796082,1932,6,3.117708147649504,0,9.62339750477912
857.0414123535156,1933,7,2.4952582627949194,0,9.212997366111278
857.5276205539703,1934,6,2.102197791319005,0,8.902159478308942
857.9985880851746,1935,7,3.1678127509635083,0,8.556693815675455
858.4749591350555,1936,8,3.7811349643879657,0,8.256295459840075
858.9395298957825,1937,9,0.6764435725312624,0,8.048818049002904
859.4191303253174,1938,9,2.811704140302619,0,7.98194976263521
859.8998277187347,1939,8,1.022601700006376,0,7.963965906719352
860.401709318161,1940,9,6.815946972140952,1,7.802499568272438
860.8864116668701,1941,10,15.114920588599812,1,7.7300630621052875
861.3804931640625,1942,12,8.419448477424096,2,7.741355277915822
861.789843082428,1943,12,1.7678941599499332,0,7.925090433880584
862.2247104644775,1944,10,3.4781090967136494,0,8.142215371463116
862.6798210144043,1945,9,4.674753093089416,0,8.176167665090553
863.0933873653412,1946,1,12.989567855204973,0,7.7812971438504945
863.5313866138458,1947,10,4.800435674784274,0,7.094673160968824
863.9800117015839,1948,11,1.264917914574538,0,7.128164164813455
864.4100697040558,1949,10,1.6839612219344318,0,7.2393784139893285
864.7986278533936,1950,10,0.5266650399262308,0,7.359910931700227
865.1875598430634,1951,10,2.179905060515025,0,7.476788676391365
865.5805661678314,1952,9,1.7213964764590937,0,7.5421803061133375
865.9927005767822,1953,9,2.1270415583488265,0,7.618606948252506
866.4293169975281,1954,10,4.381631178589332,0,7.6960109658798075
866.8755850791931,1955,9,2.6151022134800774,0,7.951328842327939
867.3464953899384,1956,9,0.8677435176302575,0,8.132961369583754
867.8580141067505,1957,9,1.8789131429314267,0,8.322617410386105
868.4048404693604,1958,9,2.0068916072614074,0,8.522746332442594
868.8798320293427,1959,10,2.2556184528355945,0,8.685831411626722
869.2988729476929,1960,10,1.6140537706231386,0,8.935453482204029
869.749481678009,1961,9,1.5560233719411707,0,9.090067500497462
870.1966547966003,1962,9,0.5748981584982877,0,9.166073306837696
870.6155879497528,1963,9,1.752234895939401,0,9.243949851223071
871.023606300354,1964,9,1.3571544986294517,0,9.22394771275942
871.4224400520325,1965,10,2.0618562738452972,0,9.302171830198281
871.816210269928,1966,9,2.2662129750378237,0,9.511847257259191
872.2190039157867,1967,10,1.4673085406354864,0,9.596606296223012
872.6272249221802,1968,11,0.6346819234331786,0,9.762543814266486
873.0629992485046,1969,11,1.8051094569606563,0,9.95742930567539
873.5162832736969,1970,11,1.3170352957543374,0,10.201774079060193
873.9428091049194,1971,11,1.0478601510385077,0,10.444497275100616
874.4025340080261,1972,11,1.1970306943999294,0,10.377698832709882
874.8741672039032,1973,11,1.4051894445273783,0,10.556677043008378
875.3206050395966,1974,11,0.49812017916653417,0,10.730500797855058
875.7718327045441,1975,11,1.2144097958200806,0,10.689996539430297
876.2081928253174,1976,11,1.0750211872140951,0,10.793808441992908
876.6504995822906,1977,10,1.5813169659441704,0,10.838271354805741
877.1031138896942,1978,12,2.5792693155029967,1,10.848960983769956
877.5532748699188,1979,12,1.7704063871716402,0,11.125781870628202
877.9824774265289,1980,12,0.5987559118434159,0,11.455179723622678
878.4250383377075,1981,10,1.6244625128831682,0,11.676146533053483
878.8670568466187,1982,9,1.7693404219308175,0,11.729318380164614
879.3317186832428,1983,10,2.9213190273715757,1,11.588158626270982
879.7953758239746,1984,10,1.6073237888575744,0,11.52169096334076
880.2922580242157,1985,9,1.666175318461284,0,11.50830608860413
880.7553536891937,1986,10,0.6084500083567128,0,11.460069500010093
881.2347671985626,1987,9,1.3627852803306932,0,11.557407608609267
881.7278823852539,1988,8,1.6179331576506495,1,11.509720922198284
882.2374830245972,1989,11,1.9990758523435073,0,11.3743635938106
882.7380754947662,1990,11,1.1898409549590059,0,11.437064665271464
883.2120537757874,1991,11,1.2263758096643957,0,11.486757167960107
883.7116496562958,1992,11,0.4813856446490657,0,11.530734692699639
884.2249801158905,1993,11,2.17857888064712,1,11.45503704761812
884.728175163269,1994,10,1.2579965391725287,0,11.421943214195736
885.2238743305206,1995,11,2.910759156091009,1,11.233010954170155
885.695963382721,1996,9,1.5088370592552327,0,11.177742482264001
886.4403443336487,1997,10,2.3685561077609534,1,11.007206475318647
886.9303073883057,1998,10,0.5745847810334097,0,10.961472522106568
887.5002191066742,1999,10,1.8656718425725287,0,10.917487278557886
887.9925158023834,2000,10,2.2591227096437128,1,10.81040306270394
888.4815559387207,2001,10,2.156004803569565,0,10.755191500212113
888.928808927536,2002,9,1.7552411165712989,0,10.751457577445922
889.44593334198,2003,9,2.0009139986264852,0,10.768477265345968
889.9400320053101,2004,9,0.4368962426841423,0,10.79118999047613
890.3880839347839,2005,9,1.652192921953686,0,10.710638552511657
890.8606040477753,2006,9,1.6004241994906148,0,10.581415895201225
891.3178799152374,2007,10,5.110214593580873,1,10.029440624308027
891.7940208911896,2008,8,1.6866987140269918,0,10.029263428836273
892.2885000705719,2009,8,1.0558474288193922,0,9.905356385571729
892.7822985649109,2010,9,0.381950749979772,0,9.736840536398569
893.2344572544098,2011,7,0.6761644116874126,0,9.662208178242782
893.7079524993896,2012,9,8.487115654859984,1,9.416162064499527
894.2031314373016,2013,10,1.6377634715629301,0,9.299498133441553
894.7050304412842,2014,18,0.0,0,9.269752755979994
895.1925072669983,2015,16,0.0,0,9.983489428794456
895.6839673519135,2016,15,2.4780569290782126,0,10.44996719011681
896.1897840499878,2017,15,2.9905085097365847,0,10.812390764211468
896.6781988143921,2018,16,0.8821804821161416,0,11.15927228944648
897.1851236820221,2019,16,2.1070510785371344,0,11.577488288298035
897.6777927875519,2020,18,5.021343520559075,1,12.027338153879356
898.1027028560638,2021,17,2.4578327860440146,0,12.625153471302909
898.5573663711548,2022,16,2.134360239465733,0,13.06597384711229
899.0058701038361,2023,15,2.0157495911013896,0,13.400189807862475
899.446519613266,2024,16,0.6096285932161248,0,13.631757243527773
899.9363689422607,2025,15,2.746795582009328,1,13.939013339582928
900.3453063964844,2026,15,2.206110630128527,0,14.184544882588256
900.7632925510406,2027,15,2.2418303916242226,0,14.370258125867238
901.2063524723053,2028,13,6.066176249810663,1,14.596362396104269
901.64723777771,2029,16,2.4226296858879746,0,14.698263524950875
902.0812537670135,2030,16,0.629243527806838,0,15.038851074277346
902.5420098304749,2031,16,3.300586322548633,0,15.373207927673633
902.9435515403748,2032,17,2.128705280252574,0,15.685326353421516
903.3413739204407,2033,17,1.9929111049126467,0,16.065512484622218
903.7571156024933,2034,19,3.005389295518131,1,16.43620246379467
904.2087650299072,2035,20,2.446020311900992,0,16.962482112591175
904.6900353431702,2036,20,0.7441104744652789,0,17.56089638107312
905.1766963005066,2037,18,2.456175245921397,0,18.145141889164847
905.6676647663116,2038,18,2.2177328737969284,0,18.50405973842362
906.1952860355377,2039,16,1.71251043069453,0,18.962034121453428
906.6790568828583,2040,17,2.695298283241519,1,19.233240159205195
907.1533215045929,2041,16,1.8772671720503729,0,19.57631479405603
907.6009509563446,2042,17,0.6696017262048555,0,19.715486713519113
908.0495321750641,2043,18,5.438219371020656,1,19.872543148886564
908.4869801998138,2044,18,3.2725569856541794,1,20.14345890195534
908.9455559253693,2045,19,2.1345493664863415,0,20.406805234857302
909.3877403736115,2046,19,2.1099261839736743,0,20.674914109734345
909.7920999526978,2047,19,1.808246906854144,0,20.961616246089875
910.1919090747833,2048,19,0.6244894321381641,0,21.175305833553068
910.6108465194702,2049,20,2.4011392492792223,0,21.32260221172959
911.0329356193542,2050,18,2.0733288777388656,0,21.689903698029354
911.4770572185516,2051,18,1.9792355666500325,0,21.88653828726808
911.9092533588409,2052,17,2.087896701365617,0,22.0643763440018
912.3679218292236,2053,17,2.179076736488345,0,22.157434264771553
912.798009634018,2054,18,0.742604525865261,0,22.223982280000484
913.2740972042084,2055,20,3.2599356987662267,2,22.323013630477647
913.7096271514893,2056,20,3.4380542673747474,2,22.6049685108718
914.4347276687622,2057,17,3.5306945698172085,0,22.87837149790289
915.1783111095428,2058,18,4.389932382264761,1,22.91525766538041
915.6127934455872,2059,19,3.084984736932537,0,22.877953152107693
916.1331269741058,2060,20,0.9764357629827461,0,22.942012304391028
916.5922265052795,2061,19,2.0742487845588675,0,23.044757110909643
917.0224633216858,2062,19,2.660898886604345,1,23.02565471284413
917.5074791908264,2063,19,2.2509891463290277,0,22.952914483205973
918.0261147022247,2064,19,2.412503788530212,0,22.866933832256336
918.5088057518005,2065,17,2.190776443846877,0,22.74170249127019
918.9927673339844,2066,17,0.8027185111864552,0,22.41843166294217
919.482186794281,2067,18,3.047703233115619,2,22.077565350473378
919.9505336284637,2068,18,2.603472059995743,1,21.85424161656894
920.4651122093201,2069,18,2.2510369719504104,0,21.514150532154304
920.947512626648,2070,19,3.0932339809663447,1,21.14150209365951
921.4333457946777,2071,18,2.6936119944559747,0,20.88986489514835
921.9004392623901,2072,19,0.9228479069903818,0,20.414868784487254
922.4135885238647,2073,4,27.76639457564947,3,20.120163658174846
922.8573343753815,2074,14,11.123568382743613,1,18.53931080729712
923.3173940181732,2075,15,3.396858513847743,0,18.288447860366702
923.7815139293671,2076,14,2.8261171689673756,0,18.02772848636208
924.2592484951019,2077,14,0.9003433085170495,0,17.631585211347993
924.728221654892,2078,13,1.9406485057927467,0,17.23988731749875
925.1869177818298,2079,14,1.5232412249257279,0,16.819909130376743
925.6707422733307,2080,14,2.011899298456924,0,16.495163469891235
926.1700241565704,2081,11,1.3832746078929044,0,16.27983880509648
926.7373516559601,2082,13,2.277529879491051,0,15.761067268780977
927.2721002101898,2083,13,0.7202659605163622,0,15.376505260650575
927.7467262744904,2084,13,2.3312062334629173,0,14.952613132900268
928.2256689071655,2085,13,1.996853098804785,0,14.587521177108087
928.7152881622314,2086,14,2.4735128358418685,0,14.179460150410833
929.1976828575134,2087,13,3.241244914393321,0,13.863947871138322
929.6481375694275,2088,12,2.3781777208527037,0,13.47146068624886
930.1329455375671,2089,12,0.8331146083611098,0,12.892236684515439
930.5964648723602,2090,11,3.394845117279934,1,12.475858017406466
931.0663542747498,2091,12,2.5649446042957127,0,11.984124902474207
931.5254905223846,2092,11,2.6399380450731265,0,11.592790594807724
931.9710474014282,2093,13,4.720599536488746,2,11.181042368032394
932.413904428482,2094,11,3.161106374615084,1,10.9500291952356
932.8599874973297,2095,11,0.964183438983159,0,10.661964517359195
933.3093745708466,2096,10,1.545233011016442,0,10.441867987018895
933.7610149383545,2097,11,2.1586966542321218,0,10.158427104701673
934.2208976745605,2098,11,1.7782669076816158,0,9.875171591018898
934.6936209201813,2099,11,1.9190247702388834,0,9.603885370465889
935.1852390766144,2100,12,3.5085532376094015,1,9.242082628542448
935.648833990097,2101,12,0.7870628370037921,0,9.034340168670155
936.1134352684021,2102,11,1.7655435226430582,0,8.786730925471261
936.5719385147095,2103,10,2.1620301555989596,0,8.517694827710159
937.041341304779,2104,11,4.126608536361952,1,8.225814704672302
937.5050210952759,2105,12,3.4332503115664577,0,8.03438994545644
937.9569170475006,2106,10,3.141769623871336,0,7.994410876348127
938.4366626739502,2107,10,1.1440560063495462,0,7.794958312301617
938.9008169174194,2108,10,1.5987112456674977,0,7.619447719365439
939.351892709732,2109,11,5.548286502103403,1,7.4664552965364805
939.8247225284576,2110,11,2.3302129314399203,0,7.457401977641382
940.2879168987274,2111,11,2.0972679509917542,0,7.36602287600806
940.7422020435333,2112,11,2.067296443031716,0,7.292065994553866
941.2181770801544,2113,12,0.7722506259413742,0,7.170899299455812
941.6673369407654,2114,11,1.2471424608013837,0,7.153864329404428
942.1369473934174,2115,10,2.0835258114723088,0,7.11065204748536
943.1814343929291,2116,10,2.5511861254569874,0,6.916568404178918
943.7791426181793,2117,10,2.4318209503594437,0,6.922636666118308
944.3724527359009,2118,9,2.7667489783429993,0,6.792962482155929
944.9480173587799,2119,9,0.9872914932983309,0,6.662156623299836
945.4039587974548,2120,9,1.9450572283609908,0,6.648414737071846
945.8620312213898,2121,9,3.003948750821554,0,6.710170869664296
946.3619735240936,2122,9,5.465531631093618,1,6.727778838735276
946.8709423542023,2123,10,3.5807196152121676,0,6.765474248536577
947.3665368556976,2124,9,2.45659434436423,0,6.917862741325621
947.8108551502228,2125,9,0.8719899653711476,0,7.01539059509409
948.2465236186981,2126,10,1.7742413602469527,0,7.0274008396477825
948.684558391571,2127,11,2.284819856934283,0,7.140736120556312
949.1229984760284,2128,11,1.6698189086702948,0,7.404894423934877
949.5568811893463,2129,10,1.7315660891656908,0,7.681153483171812
949.9910664558411,2130,10,2.1307798507996747,0,7.883749924015348
950.4260976314545,2131,10,0.704338665184205,0,8.152375480851532
950.8517270088196,2132,3,23.77680707325098,2,8.387000141977808
951.2773985862732,2133,8,0.463998700630458,0,8.106686252775773
951.7020797729492,2134,8,0.7786642587386704,0,7.509834572730824
952.1374216079712,2135,8,0.8858565054040973,0,7.413510766221634
952.5896112918854,2136,10,0.2922227407461509,0,7.377733341731869
953.0333194732666,2137,8,1.2353848952081972,0,7.470576229446635
953.4659383296967,2138,9,1.6364585109020875,0,7.41024806607237
953.8902566432953,2139,8,0.9434225241122158,0,7.393944013721892
954.3189449310303,2140,8,1.8410610229774231,0,7.354735920828745
954.7734375,2141,9,1.9569514803492316,0,7.323912125487993
955.2007060050964,2142,9,0.46965443554470704,0,7.238196138568782
955.6367597579956,2143,8,0.7535676265789584,0,7.257053662148337
956.0756630897522,2144,7,1.0287373229044692,0,7.203764921371743
956.5043005943298,2145,8,0.8880321945673014,0,7.082569638340772
956.9373006820679,2146,8,1.0395893510779346,0,7.053132846346671
957.3755483627319,2147,9,1.010108135664317,0,7.083458608236356
957.8060348033905,2148,9,0.277104997181152,0,7.15710864372349
958.2410624027252,2149,9,0.7312672799602314,0,7.188021345287552
958.6755828857422,2150,9,1.142117175332988,0,7.225226745856702
959.1142349243164,2151,9,0.9478527436132255,0,7.217640803141904
959.5422248840332,2152,8,0.6975227000349287,0,7.265951781124883
959.9755523204803,2153,8,1.3733305790012456,0,7.189850200800038
960.4035105705261,2154,8,0.5008400934672468,0,7.222121498514738
960.8522322177887,2155,8,0.680164978132926,0,7.160375802716999
961.300571680069,2156,8,0.927647104120138,0,7.104766274810913
961.7357075214386,2157,8,0.8960162881144822,0,7.005011825953943
962.1705150604248,2158,7,1.0249447435799541,0,6.960933710662161
962.6024994850159,2159,8,1.108679830929885,0,6.843634481035821
963.0435700416565,2160,8,0.36219192131287076,0,6.813227350060657
963.4845278263092,2161,8,1.1151817706288936,0,6.8427129157660005
963.9359350204468,2162,8,1.1579833824150145,0,6.880494626807575
964.3743646144867,2163,9,0.9963122603007557,0,6.875883330521887
964.8028185367584,2164,10,0.7752381157861216,0,6.905885654426157
965.2309284210205,2165,10,1.924841579955856,2,7.07369139970487
965.6720054149628,2166,10,0.6855296477405681,0,7.29873328261786
966.1169776916504,2167,9,0.7228760073763506,0,7.419803065992554
966.55175948143,2168,9,0.7032026132303879,0,7.46123184077085
966.9827811717987,2169,10,1.2083806600115448,0,7.505661840339968
967.4189281463623,2170,11,0.9332019510317816,0,7.691659372968871
967.8612384796143,2171,10,1.1302346901600115,1,7.964817619411853
968.3051209449768,2172,10,0.4056338714349199,0,8.158415930854709
968.7272529602051,2173,11,1.0496226959211605,1,8.358166707396403
969.1795830726624,2174,9,0.7732840374156048,0,8.705041908672303
969.6263427734375,2175,10,1.0213053369072513,0,8.832017012595665
970.0501828193665,2176,9,0.984746343948972,0,8.991102197355488
970.4760730266571,2177,10,0.8515604628572712,0,9.062894622092589
970.8508179187775,2178,10,0.31281548859613,0,9.220692660414695
971.2514193058014,2179,11,0.8244098065034092,0,9.321930231061762
971.6571669578552,2180,9,0.9806950393679109,0,9.504951438865902
972.0693302154541,2181,10,0.9546986965014292,0,9.51477158343275
973.5475738048553,2182,11,1.80470221061774,2,9.647635006421936
973.9841475486755,2183,10,1.1086348463371833,0,9.83727593838345
974.3647744655609,2184,10,0.38254655485258027,0,9.980989233008366
974.770898103714,2185,8,1.275939597356079,1,10.066624047945808
975.1670138835907,2186,9,1.0322051439436624,1,9.966820036710814
975.5632565021515,2187,9,1.6674550900375338,1,10.016698107507203
975.9683191776276,2188,8,1.7541905603566463,1,10.123848573261839
976.3821997642517,2189,8,0.774132829930826,0,10.146659689809304
976.776209115982,2190,9,0.27808365906843524,0,10.121023171644424
977.1879904270172,2191,11,1.7005627668888985,1,10.189230593117927
977.5876667499542,2192,12,1.6498383741524456,1,10.43155568920686
978.0214545726776,2193,12,2.4503616733607623,2,10.385983411667375
978.4272379875183,2194,12,1.1295359569374401,0,10.583883930595476
978.8320128917694,2195,12,1.3913378800367675,0,10.771349188336828
979.2257699966431,2196,13,0.4584009315631043,0,10.947664706921117
979.6295309066772,2197,13,1.353299284212028,0,11.30392969269161
980.0914447307587,2198,4,25.32226132786505,3,11.553935215358308
980.5305397510529,2199,13,8.95776221743126,0,11.085558732914762
981.0238544940948,2200,13,3.5579089738116014,0,11.338966575961251
981.4297320842743,2201,14,3.7774355928788683,0,11.571603350612705
981.9080746173859,2202,15,1.2630550917481407,0,11.937435417118678
982.299592256546,2203,14,3.106396830313494,0,12.36414292342127
982.6961390972137,2204,11,3.6296024288166997,0,12.6399398986903
983.098869562149,2205,13,4.892379249966144,1,12.600926267618775
983.4963669776917,2206,11,2.623411757453192,0,12.77086634809558
983.9586811065674,2207,13,2.7692223483265073,0,12.774875741166397
984.3873860836029,2208,13,0.7733694911276187,0,12.984235898968478
984.7901659011841,2209,14,3.6807526947787963,1,13.180481011808666
985.3079860210419,2210,14,2.613183867156751,0,13.471222191924824
985.8009810447693,2211,14,5.808285582647678,1,13.747380629057488
986.3139414787292,2212,15,2.986769727433979,0,14.016948496624678
986.8297367095947,2213,14,2.8544062264207937,0,14.30748068429989
987.307487487793,2214,14,0.9841535752579145,0,14.48936218833282
987.7998774051666,2215,14,2.54345899336327,0,14.660519085243777
988.3153164386749,2216,13,2.4200488154538298,0,14.822286170504299
988.7646615505219,2217,13,7.288996148291224,1,14.868675070098789
989.2143957614899,2218,14,3.533356422492129,0,14.903799230237894
989.6484544277191,2219,14,2.4609206491540982,0,14.955968051932956
990.1567831039429,2220,14,0.8603236424588738,0,15.062094531118419
990.601410150528,2221,13,2.7788980362452085,0,15.139851242671966
990.9978785514832,2222,14,4.256143739785187,0,15.108275121384366
991.3897957801819,2223,15,3.682784707317436,0,15.151320668752334
991.7754156589508,2224,14,3.1013063363837006,0,15.318793978045392
992.1829373836517,2225,15,3.67967186367716,0,15.447154110097046
992.5801475048065,2226,15,1.1062244140230204,0,15.64894092311269
992.9795801639557,2227,13,2.3881191939616806,0,15.84039281230119
993.4800207614899,2228,12,3.708506010242953,0,15.82345748986586
993.9598062038422,2229,11,3.059430329233269,0,15.706789867011565
994.4459493160248,2230,12,3.20970134861261,0,15.55263249832393
994.9603209495544,2231,14,7.915031818812417,1,15.539008229586216
995.4744606018066,2232,14,1.0822985984467453,0,15.636708547816426
995.8642702102661,2233,14,2.936849073143427,0,15.699298069657772
996.2757411003113,2234,13,3.969213527393682,0,15.81369553918077
996.727468252182,2235,13,2.6785328738298033,0,15.734393067166593
997.1772420406342,2236,12,2.5067654893393,0,15.700328191352895
997.588568687439,2237,12,6.028217396233664,1,15.511438770544174
997.9905278682709,2238,13,1.7076134793281428,0,15.370966231332943
998.3958430290222,2239,12,2.988358477662694,0,15.313220423766268
998.8023517131805,2240,14,3.656749325821607,0,15.221673015217164
999.2066307067871,2241,14,1.982307234369752,0,15.184207168040928
999.6087739467621,2242,15,2.6966441891163817,0,15.192145731901434
1000.0452930927277,2243,14,2.760703603341859,0,15.326695971365353
1000.436624288559,2244,14,0.9812362165480691,0,15.309473040382358
1000.8216557502747,2245,11,1.8544341519221843,0,15.283852902300737
1001.2376368045807,2246,13,4.890949535896287,1,14.902876859708172
1001.6265578269958,2247,13,3.9558464353294087,1,14.731060036360503
1002.0202915668488,2248,15,2.8099474742728314,0,14.552376031812216
1002.429370880127,2249,16,3.719294536359774,1,14.479865077256704
1002.8997576236725,2250,16,0.9853526900870958,0,14.478384866697589
1003.3962423801422,2251,15,1.7451773294996338,0,14.511749812365586
1003.8874862194061,2252,16,2.5316524667923352,0,14.550477044897363
1004.394784450531,2253,16,2.2246302989100726,0,14.717987662509813
1004.8969390392303,2254,15,3.1446478131261886,0,14.876877697011835
1005.3778073787689,2255,15,3.6880646912389197,0,14.940530532026045
1005.874832868576,2256,15,1.332760589043431,0,14.998472012797038
1006.3664317131042,2257,14,1.9408006483134959,0,15.103715434496422
1006.8682720661163,2258,15,3.6944226936629603,0,15.119261694641196
1007.3698513507843,2259,14,3.2691781407259173,1,14.719542703368624
1007.8589556217194,2260,15,4.22742831088925,1,14.70336172751474
1008.352945804596,2261,13,2.6885203225192074,0,14.772002577413346
1008.8542282581329,2262,13,0.9801069532579131,0,14.716530921949378
1009.3385858535767,2263,13,2.149174830145883,0,14.717227471271272
1009.8480839729309,2264,15,6.739254270693308,2,14.668483906787543
1010.3007111549377,2265,15,2.8660368241130842,0,14.627687529976491
1010.7568249702454,2266,15,2.54951993402823,0,14.689806335087141
1011.2034578323364,2267,14,2.2532394731162513,0,14.633837996712174
1011.6259531974792,2268,14,0.7716292233929377,0,14.592305424137052
1012.0726099014282,2269,14,1.6181482739912423,0,14.54966063055052
1012.518223285675,2270,15,3.4172417042143244,0,14.561126017724934
1012.9704413414001,2271,16,5.2474069055834285,1,14.660035056727345
1013.3731627464294,2272,15,3.250658354927576,0,14.841307077270095
1013.805267572403,2273,16,3.919668645800386,0,14.986021459152205
1014.1976222991943,2274,16,1.113427951812547,0,15.158909378336986
1014.5876383781433,2275,16,2.817686093303565,0,15.325455811274907
1014.9849441051483,2276,16,4.188664660136317,0,15.486415174470032
1015.3691418170929,2277,15,2.6920774450636933,0,15.587438688565143
1015.7577412128448,2278,16,5.952621082991391,1,15.597497907099125
1016.1622343063354,2279,13,3.472548930174491,0,15.740658188914225
1016.5537462234497,2280,13,1.189591123858311,0,15.627909754898894
1016.9644770622253,2281,15,3.3213853995122644,0,15.519701053822118
1017.3553426265717,2282,14,2.5342482425416,0,15.526963729568223
1017.7441279888153,2283,13,1.984974578335211,0,15.499384774677765
1018.1539437770844,2284,14,4.601178332360022,1,15.44402732855702
1018.5672891139984,2285,15,4.345228643839193,0,15.424415782923589
1018.9636702537537,2286,15,1.2087173423723365,0,15.537821801941433
1019.3521599769592,2287,14,2.0756427070297505,0,15.651482498415163
1019.7453110218048,2288,14,2.2277737081450932,0,15.580345293844601
1020.1374282836914,2289,13,1.9363912459199935,0,15.454822254197936
1020.5962498188019,2290,12,2.3029699071918004,0,15.19574514320766
1021.0215451717377,2291,14,5.040989917952271,1,14.899456282543103
1021.5156672000885,2292,15,1.119680922867321,0,14.871989139840679
1021.9862787723541,2293,14,2.444840895793803,0,14.925033090346616
1022.4490873813629,2294,14,2.0549090934919785,0,14.893230683754169
1022.9384503364563,2295,13,2.078434880006531,0,14.809075130218405
1023.3554077148438,2296,15,6.1666496648343765,2,14.636520627822732
1023.779994726181,2297,17,4.281166429376705,1,14.577962801209992
1024.1833622455597,2298,17,0.892273882079621,0,14.678278864614583
1024.6082828044891,2299,17,4.7970581624281525,1,14.819998824117599
1025.0127131938934,2300,18,5.0345273481929045,1,14.898719937561648
1025.4260618686676,2301,17,1.7882683954680192,0,15.155622006379675
1025.8839540481567,2302,17,2.6804370778369466,0,15.32241175693444
1026.3761432170868,2303,17,2.5755354029679953,0,15.539560229443659
1026.78693151474,2304,17,0.7785848750175851,0,15.69518781927141
1027.1949982643127,2305,17,1.8484054899471036,0,15.844034710447005
1027.599089384079,2306,17,3.549014727878668,0,15.819456067386703
1028.0188438892365,2307,15,2.1776479038021317,0,15.89242142083107
1028.4238579273224,2308,15,3.0431619243559185,0,15.78713033618359
1028.8815295696259,2309,14,3.0043856369726107,0,15.792390722978087
1029.2993886470795,2310,14,1.0839323796747156,0,15.769053563161503
1029.7090547084808,2311,15,3.4321601140133082,1,15.75013986917675
1030.137778520584,2312,16,4.15720293389203,1,15.763802940646116
1030.5639703273773,2313,15,3.0655740623377405,0,15.920385574408613
1031.025196313858,2314,17,4.746128048070567,2,15.994093115140785
1031.4925665855408,2315,16,3.1333290802355984,0,16.18477517424038
1031.9561221599579,2316,16,1.0972354335128307,0,16.284964434928703
1032.4204399585724,2317,16,2.2234150272229742,0,16.382785693166703
1032.8575313091278,2318,14,2.8598667059876295,0,16.417796124994624
1033.307184934616,2319,13,1.6319707910556744,0,16.331054534855333
1033.7545719146729,2320,17,4.370237980487231,2,16.09988504386547
1034.2163984775543,2321,15,2.530691108480179,0,16.280658598186335
1034.7239472866058,2322,16,3.0920706214104174,1,16.168310478947873
1035.1905324459076,2323,16,2.125592056565779,0,16.13647862275173
1035.6592421531677,2324,13,2.673357236602151,0,16.097579430192127
1036.124442100525,2325,14,2.5260410807131493,0,15.895850112688809
1036.581134557724,2326,16,3.0785129049096933,1,15.787789640725723
1037.0872547626495,2327,15,2.5629079509657866,0,15.862722805274231
1037.552622795105,2328,15,0.8867799768639698,0,15.788274277400664
1038.051510810852,2329,14,2.9805559468962715,0,15.712768485976811
1038.6734035015106,2330,15,2.723955865005079,0,15.547472171207527
1039.1864850521088,2331,15,2.897661693175601,0,15.524275320078566
1039.926777601242,2332,15,3.8634447692844205,1,15.560825371851006
1040.4782497882843,2333,16,1.7737259045899978,0,15.539094590952793
1041.0230989456177,2334,16,0.6512222187928963,0,15.666130128238484
1041.4888858795166,2335,16,2.376400544567658,0,15.789528252440721
1042.0569887161255,2336,15,2.4953903676830365,0,15.915139506974054
1042.524875164032,2337,16,2.496452956945984,1,15.942011311360229
1043.0018377304077,2338,15,2.437559633755703,0,16.00985644929108
1043.4750332832336,2339,15,2.414563527036013,0,16.036275911965056
1043.9439752101898,2340,15,0.7650058975030395,0,15.903984320792539
1044.3942997455597,2341,15,1.4950692617705006,0,15.768763499663363
1044.8444962501526,2342,15,3.355044648371779,1,15.737162220375192
1045.2878959178925,2343,15,2.3709845090542174,0,15.653660272605316
1045.7364299297333,2344,16,3.303645732833812,1,15.517202006152182
1046.2130784988403,2345,15,2.597877761216966,0,15.518755135366614
1046.7178175449371,2346,15,0.9111709121458693,0,15.480260784681295
1047.1472952365875,2347,15,1.8049130080945317,0,15.44131761017666
1047.5618267059326,2348,14,1.9681296300874676,0,15.351394455789666
1047.9764230251312,2349,14,2.672553747228955,0,15.174568199580023
1048.369484424591,2350,15,1.9971038336635436,0,14.949135154610694
1048.8126871585846,2351,14,2.4580276202393985,0,14.757380377483543
1049.2385613918304,2352,14,0.7738018053689191,0,14.578397329716402
1049.6717739105225,2353,14,2.1067336014702835,0,14.451541487989338
1050.0724759101868,2354,13,3.8816588276340345,1,14.279815326976973
1050.4726247787476,2355,14,2.5321624573436514,1,14.027722164151925
1050.9030685424805,2356,14,2.3658732111497383,0,13.811373152146885
1051.3262250423431,2357,12,2.109917986723886,0,13.692196242640364
1051.7605319023132,2358,12,0.7769409024486728,0,13.50999567717271
1052.2065093517303,2359,13,1.5479144097641913,0,13.337954258269676
1052.6139554977417,2360,13,2.052409183428589,1,13.261384965617609
1053.0372743606567,2361,12,1.9032965152513266,0,13.24089552794807
1053.4817323684692,2362,13,2.586602937058957,1,13.099626447179176
1053.9405846595764,2363,14,4.105470663561311,2,13.047793760558122
1054.3874542713165,2364,14,1.119238724042023,0,13.085825939492707
1054.840173482895,2365,13,2.4630130636374377,0,13.129751052988965
1055.285548210144,2366,13,2.136018081700535,0,13.100848684851812
1055.7087450027466,2367,13,2.5736698665751714,1,13.082503243187816
1056.14884018898,2368,14,2.7389355405286,1,12.970511894797525
1056.6042313575745,2369,13,2.4282200853679266,0,12.940632806200398
1057.0349566936493,2370,15,0.8933242738529953,0,12.783829882689318
1057.5059747695923,2371,16,1.6656707782508213,0,12.784095623374839
1057.9688875675201,2372,14,2.4263411106082735,1,12.91470223762343
1058.3888249397278,2373,14,2.2431772925111257,0,12.938553175192581
1058.7795052528381,2374,15,3.3635301256696004,1,12.916311723447862
1059.2395746707916,2375,13,2.240453677908665,0,13.075931629516987
1059.6627233028412,2376,14,0.7790726794386773,0,13.029998438491006
1060.06875872612,2377,13,1.7519128962526997,0,13.072532870744084
1060.4863786697388,2378,14,2.605401862892899,0,13.038126871532626
1060.929298877716,2379,13,1.8500630002448744,0,12.980960431390585
1061.4145963191986,2380,13,1.6700217425634785,0,12.78347628347403
1061.861020565033,2381,13,1.716816651033835,0,12.807769203798088
1062.3074493408203,2382,13,0.6198604708252268,0,12.730698050190071
1062.7598962783813,2383,13,1.5905561841552702,0,12.713439190743898
1063.212042093277,2384,14,1.8233513619193737,0,12.703556602765318
1063.6361837387085,2385,13,1.4113471174776901,0,12.616042869873212
1064.0714111328125,2386,14,1.4016021145432278,0,12.49761526466547
1064.5057303905487,2387,15,1.6448883587994756,0,12.57910460128366
1064.9570307731628,2388,15,0.5366368156430512,0,12.691222815605016
1065.4190261363983,2389,14,1.182349149915255,0,12.804098459872762
1065.8711171150208,2390,15,1.291155274748195,0,12.775938154453286
1066.3238127231598,2391,14,1.6556544774348083,0,12.89268732623924
1066.7884600162506,2392,14,2.1997100396158276,2,12.92450240818404
1067.2882928848267,2393,13,2.175280668908677,1,12.958236918257725
1067.7857639789581,2394,13,0.7431947161024629,0,12.966069889735145
1068.2629437446594,2395,11,1.7348550686405813,0,12.982577971534063
1068.7119495868683,2396,12,1.9412944655028375,1,12.833166804496535
1069.199824333191,2397,13,1.7350557388838588,1,12.724434780363623
1069.6459271907806,2398,12,1.3293240399596764,0,12.768922757546044
1070.0915184020996,2399,13,1.60236770577793,0,12.677102548891789
1070.5510363578796,2400,13,0.5721196231383789,0,12.679270855055286
1071.0356192588806,2401,13,2.5022695649344984,1,12.684832961956552
1071.5177655220032,2402,12,1.914883159739635,0,12.695465774855869
1072.0038542747498,2403,12,1.3874282682192867,0,12.622827704577638
1072.475742340088,2404,13,1.7225153453957034,0,12.558126587179466
1072.915088891983,2405,12,1.561540584500907,0,12.644844782394905
1073.3861944675446,2406,12,0.5437526559658684,0,12.594157522775994
1073.8141238689423,2407,12,1.180071104596079,0,12.552367458915668
1074.2750401496887,2408,12,1.6015112508326639,0,12.516076956008071
1074.720934867859,2409,14,2.6768060548856782,1,12.43415450474653
1075.1779386997223,2410,13,1.7750918682717205,0,12.530240484951094
1075.6167001724243,2411,12,1.809149265544442,0,12.593169533100237
1076.0623500347137,2412,12,0.6328856140798563,0,12.520388965423628
1076.5160086154938,2413,14,1.9932911872272943,0,12.452140764738687
1076.9776446819305,2414,13,1.734643074296431,0,12.560381983221617
1077.4180743694305,2415,13,1.3810708766928943,0,12.530093239514258
1077.8946824073792,2416,13,1.5292638016710158,0,12.55141016782904
1078.335298538208,2417,13,1.800210720752202,1,12.576279477338218
1078.7972967624664,2418,13,0.654103159385328,0,12.496360175600508
1079.2485539913177,2419,13,0.9487279966776211,0,12.414756762009532
1079.6955680847168,2420,13,1.0127248039958203,0,12.384300207249694
1080.1399047374725,2421,12,1.505551024944877,0,12.353782524276163
1080.5855333805084,2422,13,2.454943745382446,2,12.185055044322262
1081.042002439499,2423,12,2.651468740642325,2,12.153974323338922
1081.5033943653107,2424,13,1.175233485787664,0,12.09076674253614
1081.9754114151,2425,12,1.6943045208627425,1,12.116479754602004
1082.4324705600739,2426,13,1.9144769660373437,1,12.007713649413873
1082.9699470996857,2427,13,2.8020170203833086,1,11.981268522891384
1083.5030958652496,2428,12,2.0495028441634733,1,11.95548156296654
1084.0532584190369,2429,13,1.1750825639521423,0,11.896418848682089
1084.5667514801025,2430,13,0.32337503887501,0,11.87790454632163
1085.0456011295319,2431,13,2.4391322319641446,1,11.969161452907613
1085.5339357852936,2432,12,1.3763600254597406,0,12.117534830297515
1085.9739730358124,2433,12,1.2192869623532212,0,12.08135254151587
1086.3547956943512,2434,12,1.473154109172476,0,12.052632327219456
1086.747116804123,2435,11,1.8030623197290025,0,12.080351795417755
1087.1340882778168,2436,12,0.6452393700871333,0,11.925066856187662
1087.5251808166504,2437,10,2.3936612557332784,0,11.911295337841523
1087.9542701244354,2438,12,2.309460706738845,0,11.680613516486346
1088.3960547447205,2439,12,2.321003887916789,0,11.675218950889928
1088.8541958332062,2440,14,2.0199410820363353,0,11.620729643075535
1089.3280560970306,2441,14,2.9412436415572003,1,11.734294168227606
1089.7828028202057,2442,15,0.7021619552341326,0,11.84696901762527
1090.231073141098,2443,12,1.2729475040175886,0,12.041010678891404
1090.674162864685,2444,13,2.3145514106961707,1,11.98051091198515
1091.0731027126312,2445,13,1.356875972571407,0,12.059894589348843
1091.5187313556671,2446,12,1.631252826021734,0,12.086452679292655
1091.9794383049011,2447,12,2.0702372629486816,0,12.082395400476102
1092.433669090271,2448,12,0.730397726588006,0,12.136453999404672
1092.8921852111816,2449,12,1.296148182240784,0,12.197612558342701
1093.353909254074,2450,8,2.688311670232576,1,12.212447924244689
1093.8001594543457,2451,9,2.3295754207874935,1,11.952432317917264
1094.536595582962,2452,10,2.4938665134927236,0,11.727283640413738
1095.1661441326141,2453,11,2.6848800755758107,0,11.597654299380437
1095.623853445053,2454,11,0.8256423425781411,0,11.514936575856758
1096.11510181427,2455,9,1.9112552970635885,0,11.435705892330006
1096.543957710266,2456,8,1.62100482244379,0,11.081208478571767
1096.987468957901,2457,10,3.4640913861757316,1,10.700530055172734
1097.41828083992,2458,10,3.132920897178169,1,10.559122006489261
1097.8666427135468,2459,10,2.0938919941418392,0,10.3695990928357
1098.299301147461,2460,10,0.7076372706959894,0,10.240557664802537
1098.748376607895,2461,9,1.5231664700375058,0,10.117105870559627
1099.2042353153229,2462,10,2.2733847540555683,0,9.9149601354288
1099.6418759822845,2463,11,2.082677182264198,0,9.756352766272684
1100.0980727672577,2464,11,3.249493891786221,2,9.685734885151405
1100.5304090976715,2465,9,2.411111915913299,0,9.673366384880566
1100.9734165668488,2466,9,0.862326052234123,0,9.441977676248115
1101.4209244251251,2467,8,1.555325382335917,0,9.217496447411435
1101.8763263225555,2468,9,2.0507739519789685,0,8.914435278674972
1102.3182430267334,2469,7,2.322193003964303,0,8.70696350338008
1102.7626886367798,2470,2,2.1755999891033464,0,8.443584908356343
1103.1675372123718,2471,8,0.5865656567234558,0,7.732349787200491
1103.5549416542053,2472,8,1.576587840363347,0,7.499624843412278
1104.003948688507,2473,7,0.9099139239901352,0,7.262785663652863
1104.4279699325562,2474,7,0.32997117612671023,0,7.062255345658912
1104.8062951564789,2475,7,1.461075207163385,0,6.834849394943404
1105.2361843585968,2476,7,0.6574603479390653,0,6.608411800765623
1105.6874721050262,2477,7,1.0465725366908785,0,6.39013977916801
1106.1022758483887,2478,8,5.382102605689835,1,6.193325891694258
1106.4964756965637,2479,7,1.0551305538459497,0,6.096185942655609
1106.9844665527344,2480,7,0.3805858381141309,0,5.90410649328544
1107.4046046733856,2481,7,1.1942231447478537,0,5.742311544567997
1107.8052971363068,2482,8,5.510286293866309,1,5.544886051659546
1108.2345058918,2483,8,2.263819810686151,0,5.484711222521412
1108.6398057937622,2484,8,2.039897069319763,0,5.388093956190858
1109.0304040908813,2485,8,1.6060516825032607,0,5.356386242281019
1109.548035621643,2486,8,0.5450082387493151,0,5.24852617033315
1110.0506930351257,2487,8,1.3207267318508582,0,5.209516727929611
1110.4718573093414,2488,8,2.1679402574946223,0,5.206005213701019
1110.8587729930878,2489,8,1.9276831558252185,0,5.169502464327195
1111.2675392627716,2490,7,1.2706506106939375,0,5.189627462079102
1111.6554353237152,2491,8,2.2634064767910473,0,5.143673237780206
1112.0467584133148,2492,8,0.5053325002656808,0,5.191191881075952
1112.4936678409576,2493,7,0.6549885982979627,0,5.183840907822912
1112.9334514141083,2494,7,0.48886790516617723,0,5.1055728252889025
1113.3348858356476,2495,7,1.716061789235084,0,5.046503001989095
1113.774292230606,2496,7,0.8072781736328228,0,4.935096792282479
1114.3094782829285,2497,7,0.7264910403909093,0,4.862536007689016
1114.787715435028,2498,8,0.2642673560454248,0,4.707229521805516
1115.1918315887451,2499,8,1.0149169188258758,0,4.769479641898727
1115.688151359558,2500,7,1.2635928069642064,0,4.819156496670132
1116.0865166187286,2501,7,1.4243203289048962,0,4.929398168891709
1116.537226676941,2502,7,1.1865385287601504,0,5.044639165993004
1116.9640340805054,2503,8,2.4989197769351965,0,5.238161162610226
1117.433322429657,2504,8,0.49348076920724754,0,5.361200139955287
1117.8632798194885,2505,8,0.7869681494053788,0,5.5585954459807
1118.2538964748383,2506,7,1.3884732761236274,0,5.774760030192908
1118.6361072063446,2507,7,1.2034838407790858,0,5.862263101843467
1119.0422224998474,2508,7,1.2272864250791349,0,5.958050633928281
1119.5287182331085,2509,7,1.0413871869821965,0,6.057005761217482
1119.9272344112396,2510,7,0.3760528684630203,0,6.179928352274899
1120.370150566101,2511,8,1.4668236438468538,0,6.081096431471266
1120.8016166687012,2512,8,1.2818783374185065,0,6.128363510200359
1121.1990122795105,2513,8,0.8429157523213421,0,6.240148319731034
1121.7129890918732,2514,8,0.7598753427248979,0,6.401578339265029
1122.1995034217834,2515,8,1.1019342076150527,0,6.575299100402461
1122.6039831638336,2516,9,0.4085171160039559,0,6.651942654446415
1123.0370931625366,2517,9,1.4867332776216042,1,6.759533043910437
1123.555293083191,2518,8,1.434475595739913,0,6.971046340991684
1124.0336756706238,2519,8,2.3378263767183265,1,7.10233895078089
1124.5278015136719,2520,7,1.4737132656525678,0,7.238611291871216
1124.988985300064,2521,8,1.650876858936806,1,7.29353391076517
1125.7649235725403,2522,9,0.4845567459906754,0,7.382064053023594
1126.3237640857697,2523,8,0.7019166475315516,0,7.6283047170695495
1126.7909953594208,2524,8,1.0868845348507432,0,7.84287232404719
1127.2754209041595,2525,8,1.461761884757824,1,8.062687812078483
1127.7383325099945,2526,7,0.9133866250828413,0,8.17521842579767
1128.2162997722626,2527,7,1.0852999556126617,0,8.198625821770623
1128.7027459144592,2528,8,0.4031379378309459,0,8.171025172721464
1129.1816008090973,2529,8,1.369952093198853,0,8.29088126108686
1129.6468396186829,2530,7,1.408514564866817,0,8.30184049004724
1130.117057800293,2531,7,1.6298763475215432,0,7.949344717051444
1130.5795078277588,2532,7,1.1358384758223594,0,7.912838861593103
1130.9998571872711,2533,7,1.2703754713967963,0,7.8784784589376695
1131.5159294605255,2534,9,0.45351836550664415,0,7.7946186141964935
1132.03479886055,2535,7,1.572626291881643,0,7.888811351282463
1132.496859550476,2536,9,2.75880028037854,1,7.799357614216955
1132.9663770198822,2537,8,1.9203762239583748,0,7.888009138761762
1133.4541454315186,2538,1,0.41384442565202884,0,7.88337322348255
1133.9320204257965,2539,5,0.14716215685409353,0,7.312200388457988
1134.4241216182709,2540,7,2.083830183401235,0,7.059494888003037
1134.848799943924,2541,7,1.4606124380806085,0,6.990676241939525
1135.3656830787659,2542,7,0.40971054459407724,0,6.919779640164222
1135.7452881336212,2543,7,2.7073913077587597,1,6.905750619109767
1136.1200497150421,2544,6,1.2080301717483746,0,6.893940060397867
1136.6149191856384,2545,6,1.5442679049399268,0,6.7951114970502715
1137.1220955848694,2546,6,1.81058499909767,1,6.7004601201335845
1137.5973608493805,2547,7,3.5138957852840527,1,6.611844012890806
1137.985847234726,2548,8,0.5696823708447286,0,6.616874764806894
1138.4189493656158,2549,7,2.591308463819907,1,6.706089322669833
1138.8661794662476,2550,7,2.8383121488322205,0,6.709865677912518
1139.2612578868866,2551,6,2.2221452479530406,0,6.666864307786035
1139.6685190200806,2552,6,2.336402267730856,0,6.590951817131099
1140.1075115203857,2553,6,1.6468341568080531,0,6.5185147376765755
1140.5413551330566,2554,6,0.552169047751017,0,6.40020687957206
1140.9703540802002,2555,6,0.9873433972965708,0,6.284578845852963
1141.4089550971985,2556,5,1.348089422087746,0,6.170480308776689
1141.848226070404,2557,6,2.7518485933036865,1,5.976865310397059
1142.3046479225159,2558,6,1.2471037271216445,0,5.868782095833652
1142.7420706748962,2559,6,1.4300999085952033,0,5.814854586907813
1143.1712934970856,2560,6,0.48936902700318313,0,5.765611312573199
1143.6057479381561,2561,6,1.315262646918215,0,5.670029347254399
1144.0449049472809,2562,6,1.1518502502757018,0,5.5756281760861555
1144.4991822242737,2563,6,2.637495224716945,0,5.481906558447491
1144.953197479248,2564,6,2.7067756165647228,0,5.440897731897493
1145.4011569023132,2565,5,3.020778997856709,0,5.404805128709171
1145.8320679664612,2566,5,1.0955631495667784,0,5.29326567190094
1146.2712416648865,2567,4,1.9824426432467976,0,5.13537925316696
1146.6983070373535,2568,5,2.9435758917336665,0,4.900736877846612
1147.1276214122772,2569,6,2.9896288129124744,0,4.752118659971629
1147.558871269226,2570,6,2.741654389531927,0,4.688279917799349
1148.0059928894043,2571,6,2.7218809448509806,0,4.623387131443991
1148.4335448741913,2572,6,0.9863811631412998,0,4.615737399857295
1148.8385527133942,2573,5,1.2324607548160533,0,4.6146343000306445
1149.2394988536835,2574,5,2.2789404464805525,0,4.536251147976742
1149.680106639862,2575,4,1.7888681579324608,0,4.459681318744714
1150.1096980571747,2576,6,3.523695225108906,1,4.309521008271929
1150.5604362487793,2577,6,2.4697822206624336,0,4.383170470995566
1151.0512733459473,2578,9,0.8486674814634638,0,4.460861182093453
1151.5248358249664,2579,7,1.8813471160281563,0,4.742481380733992
1152.015968799591,2580,7,2.342370722006399,0,4.857686665184218
1152.4983236789703,2581,7,2.3326086470688048,0,4.921521334979872
1153.0039081573486,2582,6,1.6054897240294201,0,5.0426594995447545
1153.4805538654327,2583,7,3.3091906721268214,0,5.142365359797367
1153.986334323883,2584,7,1.0749020922629093,0,5.277889268701188
1154.4623930454254,2585,7,2.0958992383971227,0,5.419339177029585
1154.9551665782928,2586,7,2.4123135216965204,0,5.5634330579095845
1155.4477384090424,2587,7,2.625589108949724,0,5.654679375112252
1155.9269347190857,2588,8,2.076354426708121,0,5.74719948024876
1156.4168074131012,2589,7,1.938252090263503,0,5.984013748643395
1156.8966872692108,2590,7,0.6543961733201829,0,6.133952596971916
1157.391279220581,2591,8,1.4175879964708682,0,6.230062364940176
1157.910254240036,2592,8,1.25038184939148,0,6.414882461464847
1158.4450325965881,2593,9,0.9662327606538593,0,6.598509031839983
1158.9566445350647,2594,8,1.6109862559597268,0,6.869918399413699
1159.4680833816528,2595,9,3.060517274160192,1,7.159966964972206
1159.8672311306,2596,9,0.8297494135369123,0,7.4226818770035194
1160.3138782978058,2597,9,1.139273228763239,0,7.790745617503262
1160.7215967178345,2598,10,3.266525026461347,1,8.097113739431464
1161.1113464832306,2599,10,1.8622691603881043,0,8.103857262574195
1161.985835313797,2600,10,1.5646559007277945,0,8.34751754562167
1162.4936339855194,2601,9,2.4311603251679803,0,8.660326822927232
1162.8929340839386,2602,9,0.8854401578834921,0,8.862069904550083
1163.304090976715,2603,9,1.8357176120174319,0,9.05660645156999
1163.857385635376,2604,8,1.5658418541985264,0,9.263005023650209
1164.3861284255981,2605,8,2.5557037852255298,0,9.318573079229026
1164.8836677074432,2606,9,1.9277035227173622,0,9.364028898872192
1165.4142563343048,2607,9,1.6562608348941168,0,9.496805629284722
1165.8622205257416,2608,9,0.5578578916576247,0,9.662490200538457
1166.3023400306702,2609,9,1.088556657925351,0,9.873971593648434
1166.8126747608185,2610,9,0.9342795132570001,0,10.039984540162607
1167.2772068977356,2611,9,0.667155008006717,0,10.192662320129642
1167.7123973369598,2612,9,0.9845490976642268,0,10.284067574474989
1168.2018008232117,2613,9,1.319373093530725,0,10.378165608656417
1168.619116783142,2614,10,0.48154497313280764,0,10.453114992056953
1169.142249584198,2615,10,3.224649737866507,1,10.625371556305879
1169.700074672699,2616,1,12.983910880855882,1,10.794044315683948
1170.1031823158264,2617,5,8.902969057445771,0,10.103038820665972
1170.5568823814392,2618,5,1.1314645460345039,0,9.831267087157414
1171.0425448417664,2619,5,1.0565083734916854,0,9.568772113195337
1171.4597923755646,2620,6,0.3135084225687439,0,9.302728326593055
1171.9676678180695,2621,7,4.920247620689537,1,9.136180869620745
1172.463487625122,2622,6,0.8818057635567198,0,9.052450947093021
1172.978955745697,2623,6,1.0522028258036336,0,8.884468556458415
1173.4717466831207,2624,7,3.0273189905258544,1,8.714485527771558
1173.9734134674072,2625,6,1.3344772863591934,0,8.629615704780463
1174.4659564495087,2626,6,0.5115222911290124,0,8.407628881947993
1174.8823857307434,2627,6,0.5407752679048691,0,8.180659811193095
1175.2686867713928,2628,8,1.991899174870206,0,7.903767056909452
1175.6610634326935,2629,8,2.72905825346102,1,7.840857835587531
1176.201562166214,2630,7,2.935722936464392,0,7.825239263811255
1176.7351989746094,2631,6,2.696329974091884,0,7.722336935085183
1177.2792704105377,2632,6,0.9243653784875692,0,7.533758337372673
1177.7392191886902,2633,6,1.4840756813481915,0,7.343807043880628
1178.1928913593292,2634,7,4.455956742353821,1,7.102849854883903
1178.6250503063202,2635,7,1.554382866821303,0,6.942394110691541
1179.054622888565,2636,6,1.1461473122634085,0,6.725926033097252
1179.4974415302277,2637,8,6.629977027020039,2,6.52342160379883
1179.9681985378265,2638,8,1.1557416187921676,0,6.482116875976956
1180.4796254634857,2639,7,1.2927339756839984,0,6.590780684268594
1180.9790182113647,2640,6,1.6319644838939928,0,6.515986518634882
1181.46213555336,2641,7,1.5797539760134582,0,6.359396803346414
1181.9484491348267,2642,7,1.5260543530828015,0,6.286848657061
1182.4310891628265,2643,7,1.0594823484801792,0,6.161597319322581
1182.8928272724152,2644,7,0.4214892571399049,0,6.088055823093882
1183.3416681289673,2645,7,1.2728626079592458,0,6.015483382062584
1183.8048322200775,2646,8,3.192832144208443,0,5.9413256646046335
1184.2730123996735,2647,8,2.3247669109538363,0,5.949153913486455
1184.7511031627655,2648,8,2.5746934049990853,0,5.953836331261485
1185.1874849796295,2649,7,1.0500267569090935,0,6.012761889878973
1185.6522979736328,2650,7,0.36587798318287224,0,5.933160015066534
1186.0527396202087,2651,8,2.1716133743465034,0,5.858813749292395
1186.5717914104462,2652,8,1.500650623357474,0,5.9088774936557655
1187.0682933330536,2653,9,1.0080007567024514,0,5.962289376835315
1187.4741966724396,2654,9,1.1018225171418001,0,6.159828655347027
1187.9800939559937,2655,8,0.8836194205483697,0,6.296183072971161
1188.4335825443268,2656,8,0.31043784524894363,0,6.4050641026572634
1188.839724779129,2657,8,1.1249116825191485,0,6.518682805234832
1189.2877221107483,2658,8,0.9789422525102259,0,6.631679939207608
1189.760017633438,2659,8,1.2574553856127693,0,6.800384759128711
1190.2042849063873,2660,9,2.6257290255915695,1,6.97656949764994
1190.658510684967,2661,10,2.9121662253664966,0,7.236675812407137
1191.0926876068115,2662,10,0.9517722847411748,0,7.528882260124423
1191.8887491226196,2663,8,1.0418290048014016,0,7.825386364603778
1192.3812491893768,2664,7,1.3282174004849663,0,7.952934751924047
1192.8103272914886,2665,7,1.4483463915249324,0,7.94080040161472
1193.2377071380615,2666,7,1.4621329388246975,0,7.930874048785874
1193.665113210678,2667,7,1.5826489702041144,0,7.976759501501167
1194.0995552539825,2668,7,0.23931616461746258,0,8.0266981828848
1194.5121643543243,2669,8,2.0744323731912324,0,8.080572771875502
1194.9443144798279,2670,8,2.020327393412748,0,8.223658484706128
1195.3676767349243,2671,8,2.1718229536264078,0,8.367758825448774
1195.7943046092987,2672,8,1.6355773942989174,0,8.514184398012489
1196.2233753204346,2673,7,2.2264808809521535,0,8.66359902310252
1196.6563036441803,2674,8,0.805069202903638,0,8.732951918703804
1197.0705907344818,2675,8,1.601696388556371,0,8.941801393136188
1197.4824380874634,2676,9,2.0671424361387416,0,9.15386438909185
1197.889803647995,2677,10,1.9925409216926202,0,8.981073164371125
1198.3143420219421,2678,11,1.2092227636377169,0,9.082117618464494
1198.7555034160614,2679,12,0.0,0,9.255022208500634
1199.1848902702332,2680,11,0.0,0,9.49509145247346
1199.5736682415009,2681,10,1.9317759916974786,0,9.686892318406578
1199.9929223060608,2682,10,4.257589033381663,2,9.84237342196279
1200.4177765846252,2683,11,1.363494914280476,0,9.939441043629841
1200.862179517746,2684,10,2.191487047865489,1,10.110994534207236
1201.3216359615326,2685,10,2.1396794103211674,0,10.24509564874802
1201.7373759746552,2686,10,2.6787575718729184,0,10.314460528553013
1202.1611618995667,2687,11,4.0595093184665,2,10.376068657520506
1202.5850372314453,2688,10,2.043657556788606,0,10.510468249775244
1203.007976770401,2689,11,0.8543768956847395,0,10.659744069767754
1203.4747157096863,2690,11,2.299828265862898,0,10.894281763054948
1203.9203231334686,2691,11,2.8375283275784704,1,11.065383107170959
1204.3738703727722,2692,11,2.4816351773389527,0,11.174739320056915
1204.8200178146362,2693,11,1.3307017599923092,0,11.271223385801648
1205.2701923847198,2694,11,1.8325688804249731,0,11.35704646155483
1205.7142102718353,2695,11,0.6509940441719076,0,11.484593370625674
1206.1459486484528,2696,11,2.715309892747186,1,11.601743164633803
1206.5729384422302,2697,9,2.0692077910588753,0,11.655117090423204
1207.0064930915833,2698,10,1.9050979140984374,0,11.641974239808604
1207.4553122520447,2699,9,2.0514862414149793,0,11.711982168721732
1207.8980441093445,2700,8,2.13069376596799,0,11.637314535893779
1208.326895236969,2701,8,0.7390355812007892,0,11.416466309766378
1208.7468574047089,2702,10,6.107959269147688,1,11.244001675459543
1209.203932762146,2703,11,3.768255909403605,1,11.240735898011309
1209.6396102905273,2704,9,2.7498130990976164,1,11.311111705143674
1210.077404975891,2705,9,3.858282859058423,1,11.204416798905044
1210.536973953247,2706,11,5.383861424220617,1,11.094885940494592
1210.996840953827,2707,11,1.1146162460785967,0,11.203970460138237
1211.4194955825806,2708,9,3.0574781453887363,0,11.301841542767903
1211.8358166217804,2709,11,2.7379514403923726,0,11.222655340374246
1212.2735750675201,2710,10,2.234744581693137,0,11.25761536776777
1212.7037236690521,2711,11,2.68634807613892,0,11.197505412933381
1213.1863586902618,2712,12,1.986856052102127,0,11.276343206289837
1213.6635911464691,2713,12,0.6513989232181128,0,11.432550094316326
1214.1194880008698,2714,12,1.4657939348695546,0,11.632965927220965
1214.571447610855,2715,11,1.395007982653077,0,11.826843842643683
1215.041754245758,2716,10,1.8414318371053517,0,11.873305103995023
1215.5566248893738,2717,8,1.61586646737134,0,11.830929676042615
1216.0046877861023,2718,9,2.77865810778315,0,11.600020789623997
1216.4573049545288,2719,9,0.6336565466196791,0,11.456391522339288
1216.9143462181091,2720,9,2.505955524175934,0,11.310252243776958
1217.3772614002228,2721,9,2.016927934881474,0,11.218396120935168
1217.8228137493134,2722,9,2.1122038750893886,0,11.181264059138982
1218.2726209163666,2723,9,5.631772897480787,1,11.147025594879125
1218.7160515785217,2724,9,2.530472203541438,0,11.00090336582339
1219.1743824481964,2725,9,0.9243064266050186,0,10.799978961953428
1219.6530780792236,2726,10,3.8842346627447806,1,10.595994876404575
1220.1555314064026,2727,9,1.9473758379483015,0,10.475756438301197
1220.6167933940887,2728,8,1.8324373231040223,0,10.259126596462327
1221.0706181526184,2729,9,2.5186228939219695,0,9.951190472106873
1221.5303313732147,2730,8,5.50946984093705,1,9.783739310767245
1221.955839395523,2731,8,0.9414560605239728,0,9.527944765389297
1222.4110867977142,2732,8,1.478771227854156,0,9.273488461728356
1222.8846831321716,2733,9,3.7148319071238896,1,9.019379393342724
1223.3505685329437,2734,7,3.6045772073926563,1,8.799784557256373
1223.7902145385742,2735,6,1.7180926785002466,0,8.45816117782799
1224.236666917801,2736,6,5.37876756231498,1,8.03362838824846
1224.6949210166931,2737,7,1.379995919583212,0,7.667282691899487
1225.147973537445,2738,7,1.2800539386971137,0,7.448708624614852
1225.5945315361023,2739,7,4.791256561187873,1,7.291617211988211
1226.0708034038544,2740,9,3.0001897913492543,0,7.1934846367609
1226.5412497520447,2741,9,2.5562169235686283,0,7.2267402082391925
1226.9691014289856,2742,7,2.7328148248668263,0,7.216227861716362
1227.3994274139404,2743,7,0.9962344039185745,0,7.03591278769639
1227.8399677276611,2744,8,3.5863088707530584,0,6.914510309596352
1228.2702178955078,2745,7,4.470050662537225,0,6.835958471961391
1228.7263405323029,2746,9,4.77432482980036,1,6.673699270252428
1229.1615085601807,2747,9,3.6308558148313397,0,6.690765654153893
1229.6026566028595,2748,9,2.2410980268687024,0,6.7613856927369795
1230.041488647461,2749,8,0.7745232064997326,0,6.783364079618508
1230.4640862941742,2750,8,1.2235420568376472,0,6.777693367029258
1230.922904253006,2751,8,1.5726249599292248,0,6.773871878100806
1231.400708913803,2752,11,9.2359381143546,1,6.774666291656018
1231.8262774944305,2753,9,2.43785724299809,0,7.0417986194999855
1232.2998492717743,2754,8,1.6350006350347037,0,7.134373929149817
1232.7503752708435,2755,8,0.5709789790784268,0,7.1499970797018335
1233.2173037528992,2756,7,1.6785898506973271,0,7.170826035534503
1233.6577363014221,2757,8,1.3642604252151558,0,7.116818620720736
1234.139919757843,2758,8,1.5884822316890472,0,7.046163371787856
1234.596552848816,2759,9,4.273611731554525,1,7.033474330074995
1235.0689415931702,2760,9,2.696662756204451,0,7.055214514734331
1235.5178124904633,2761,9,0.9338945889326781,0,7.026161109162516
1235.9601514339447,2762,10,9.69312618266849,2,6.99506211458187
1236.411003112793,2763,9,1.969945579996431,0,7.151458962431931
1236.8478548526764,2764,10,1.8655986756290683,0,7.277964541002987
1237.2871384620667,2765,9,3.434842028899998,0,7.385842722537319
1237.7277183532715,2766,7,1.873513354861932,0,7.4067161816578135
1238.1624443531036,2767,8,0.6264196583504866,0,7.3666421725871345
1238.6005277633667,2768,6,1.6785509412350208,0,7.4193793289444585
1239.043152332306,2769,5,3.634390885128475,0,7.203674029238286
1239.4772799015045,2770,5,3.1740167210887065,0,7.018790388262943
1239.9406752586365,2771,8,8.817455697168006,1,6.791162351846765
1240.3764131069183,2772,6,2.4480134476224586,0,6.883351276959047
1240.8232824802399,2773,8,3.2081886736786456,0,6.867594299847369
1241.274810552597,2774,6,1.4100764441855969,0,7.033525051688784
1241.7159075737,2775,10,2.8868613177133273,0,7.04154425175426
1242.1505148410797,2776,10,1.3633271544122867,0,7.3463629110927045
1242.5928387641907,2777,10,1.0568853889139087,0,7.599060524394261
1243.0523557662964,2778,8,0.7361244524547821,0,7.743496557434479
1243.497197151184,2779,8,0.26210130724220787,0,7.769504121671339
1243.9461631774902,2780,8,1.0346669926738434,0,7.79778945637327
1244.3967742919922,2781,10,6.598830595003035,1,7.828434050938085
1244.8684284687042,2782,9,1.6643200965375045,0,8.030262660319702
1245.3146958351135,2783,9,2.61795175211372,0,8.14601915024412
1245.759212732315,2784,9,2.189280195702026,0,8.26190872147959
1246.194811820984,2785,9,0.7977978572966896,0,8.377864784860197
1246.6621334552765,2786,10,7.967169481280623,1,8.494357851238087
1247.0961124897003,2787,7,1.1815060260330066,0,8.74953880316712
1247.5299112796783,2788,7,1.2622751221144144,0,8.69551920172038
1247.9491448402405,2789,6,1.0114711367919913,0,8.591845451064849
1248.396823167801,2790,6,1.0913572751712126,0,8.460949163110659
1248.8237159252167,2791,6,0.4115864231701094,0,8.282599059895102
1249.2639498710632,2792,7,2.6189296850569774,0,8.10934027800271
1249.6989028453827,2793,7,0.7101394671187672,0,8.025001962312174
1250.1273052692413,2794,8,2.2079227572877107,0,7.996817833456303
1250.5868256092072,2795,8,1.3960436682284312,0,7.949978226858192
1251.023090839386,2796,8,2.7546221096042345,0,7.846853077826189
1251.455810546875,2797,9,0.6015802085895469,0,7.739098472772842
1251.878305196762,2798,8,1.5665021680408582,0,7.7650815288477055
1252.3063356876373,2799,5,1.8176170262731535,0,7.70214973165459
1252.7294414043427,2800,5,1.4383337893924428,0,7.384940629495915
1253.1760549545288,2801,7,7.320377370556743,1,7.178997162087207
1253.600733757019,2802,7,2.8579477314300386,0,7.150996404912284
1254.0612852573395,2803,7,0.926390570729137,0,7.018606893424391
1254.5211386680603,2804,6,0.619811038915697,0,6.885643315150702
1254.9552071094513,2805,7,1.5902914883149857,0,6.723507655004795
1255.3931863307953,2806,7,1.5461917850608902,0,6.595716010698325
1255.8448660373688,2807,7,1.1057293370594212,0,6.575026638299661
1256.2877810001373,2808,7,1.6607358330238686,0,6.5596318736672
1256.7205684185028,2809,7,0.612676669152608,0,6.5495778024822755
1257.1762011051178,2810,7,0.8611181201181844,0,6.488087075362799
1257.6378810405731,2811,7,0.769703932683785,0,6.428208062567194
1258.0455160140991,2812,7,0.8186903099016765,0,6.374779511774918
1259.0149199962616,2813,7,0.9934590420484821,0,6.449896639037732
1259.5124461650848,2814,7,1.1686205417957207,0,6.461343952706287
1259.9182143211365,2815,7,0.4199068500406711,0,6.427323946531104
1260.321649312973,2816,7,1.0252690550244823,0,6.395733644780819
1260.7106494903564,2817,6,1.0409013694615554,0,6.312121685062721
1261.1526284217834,2818,7,1.0519824970684912,0,6.192627462399685
1261.6106946468353,2819,7,0.9934337505024619,0,6.164495050919271
1262.0528056621552,2820,7,1.0427110042773902,0,6.194764712868263
1262.5112063884735,2821,7,0.37883189528423605,0,6.228267395579962
1262.946007490158,2822,6,0.7664767724197319,0,6.267822502885949
1263.3842549324036,2823,6,1.0045186849324694,0,6.278839956047136
1263.8554503917694,2824,7,1.137841516039869,0,6.242926834479448
1264.3008360862732,2825,8,0.9351702525515971,0,6.355828161346068
1264.769840478897,2826,7,1.0992241200364823,0,6.50642428468926
1265.2377676963806,2827,7,0.39423530976537374,0,6.465279115862224
1265.6991307735443,2828,8,2.579678881753033,1,6.478345397860515
1266.1830191612244,2829,3,8.859984012115676,1,6.471287019770536
1266.598709821701,2830,13,10.68309621729854,1,5.978537450365167
1267.001844406128,2831,13,2.8936543905045617,0,6.352006166128348
1267.4807500839233,2832,12,3.282567193884918,2,6.860140845828518
1267.9066343307495,2833,14,0.9651893079866337,0,7.166315660449207
1268.5484087467194,2834,13,1.9684299684288942,0,7.733415988793208
1268.9668080806732,2835,12,2.99726373537244,0,8.100518574771916
1269.3545830249786,2836,13,1.9119623861012314,0,8.574320131180087
1269.7520213127136,2837,13,1.8058570928245343,0,9.12374398955886
1270.1674041748047,2838,14,2.244303434756702,0,9.662794521762933
1270.5576431751251,2839,14,0.46278410099659467,0,10.167740928218137
1270.974566936493,2840,14,2.0274652569663147,0,10.65864477937879
1271.3789677619934,2841,14,1.789308686446905,0,11.132021523626946
1271.778695821762,2842,13,1.3245688156691136,0,11.692828645209204
1272.1743533611298,2843,15,3.0808282207762288,1,12.106294954583035
1272.5849123001099,2844,16,2.0697737953455233,0,12.677342855042582
1272.9922454357147,2845,16,0.635066405372026,0,13.31519468489438
1273.41721534729,2846,16,1.774907991391032,1,13.941775125222648
1273.8274855613708,2847,15,1.756071991838018,0,14.59922526035649
1274.2271926403046,2848,16,2.0394582526983602,0,15.004357712483056
1274.6532573699951,2849,17,3.05219990418962,1,15.482923458648372
1275.0505146980286,2850,16,1.9249341463501484,0,15.962433886116116
1275.4676802158356,2851,16,0.7083505981125009,0,16.344765966775185
1275.8698456287384,2852,15,1.3760390766438992,0,16.7008438956924
1276.2851207256317,2853,15,1.5529042877792054,1,17.012689938803874
1276.7300267219543,2854,16,1.7833154654623664,0,17.32078031759721
1277.2118718624115,2855,16,2.2855947267451975,1,17.762262361798093
1277.6508567333221,2856,14,1.8262627719618008,1,18.16838051384525
1278.1319942474365,2857,14,1.3664580513362674,1,18.413687000555797
1278.6150512695312,2858,14,2.0671706441806137,1,18.700137180905358
1279.0911874771118,2859,14,1.9530732814960619,0,18.918869640986486
1279.5808844566345,2860,13,2.2171034380795374,0,18.96616387862673
1280.0527348518372,2861,15,2.396427351567436,1,18.89759853943724
1280.5324907302856,2862,13,1.6391209394312853,0,19.090738600447025
1280.983204126358,2863,13,0.586387441098862,0,19.082090568677472
1281.4464044570923,2864,14,1.8229182626926488,0,19.063590578431672
1281.890249967575,2865,13,1.228756663133226,0,19.04991047258784
1282.366292476654,2866,13,1.4367493596191965,0,19.00155253878438
1282.8176550865173,2867,15,3.229983072388635,1,18.926409450800463
1283.294076681137,2868,14,1.6801565499410571,1,19.018294711703277
1283.7509837150574,2869,14,0.6330270140760577,0,18.995180968867828
1284.226059436798,2870,15,1.1497676417227043,0,18.961608632902767
1284.678873538971,2871,13,1.1623524645345242,0,18.987346377973324
1285.167717218399,2872,13,1.238152730097333,0,18.831407314071214
1285.642071723938,2873,13,1.2490926116149754,0,18.65237281736563
1286.117530822754,2874,13,1.4739061550444532,0,18.447704954824587
1286.5869195461273,2875,13,0.5137435913286513,0,18.224835882982177
1287.0503959655762,2876,12,1.21363700604671,0,17.985927636852068
1287.4943182468414,2877,13,2.5209220742388654,0,17.639683401083346
1287.956806898117,2878,13,1.6268555722484888,0,17.32086585826363
1289.1857409477234,2879,14,2.1886668115146937,0,17.219200385211707
1289.6645336151123,2880,15,9.515782958289474,2,16.981307928580804
1290.2634317874908,2881,16,0.9805920317991269,0,16.8482471909862
1290.7221353054047,2882,14,1.903523523324541,0,16.76159869392353
1291.1893601417542,2883,15,1.8921001380578848,0,16.413148574626717
1291.6671123504639,2884,14,2.8329058454310894,0,16.147185860123784
1292.1197514533997,2885,13,1.1654342422177701,0,15.82546886971403
1292.616706609726,2886,14,2.2949748735732096,0,15.461764403670088
1293.123016834259,2887,13,0.5695174414832971,0,15.129146493446072
1293.6753151416779,2888,13,1.2007517518209438,0,14.695723553449298
1294.148903131485,2889,12,1.1586512027520304,0,14.304181108519266
1294.5915067195892,2890,11,1.357148075042623,0,13.553864968663472
1295.11967420578,2891,12,1.8988180813871818,0,13.230768644747208
1295.5741512775421,2892,12,1.932031996630062,0,13.00823091465341
1296.0381894111633,2893,12,0.575696378145496,0,12.739649689842906
1296.5095398426056,2894,12,1.1210845543934247,0,12.577542475880591
1296.980975151062,2895,13,1.0340350329640797,0,12.373552196138604
1297.441419839859,2896,1,9.589097739112258,0,12.21303998435647
1297.8712100982666,2897,10,16.480475950411105,1,11.067539566800718
1298.3539712429047,2898,10,3.6888204037925103,1,10.729939062909864
1298.7821953296661,2899,9,4.829963682033244,1,10.459658608288038
1299.2147228717804,2900,10,3.867273786992752,0,10.115337053264199
1299.6483399868011,2901,10,1.4869870167717536,0,9.8686609548962
1300.069904088974,2902,9,5.7097479297502405,1,9.634166585688405
1300.4627985954285,2903,11,7.760697398763954,1,9.284431587898268
1300.9152057170868,2904,11,4.131347455021401,0,9.191458698457211
1301.314043045044,2905,10,2.909400974733723,0,9.165210799821466
1301.735966205597,2906,9,5.693979304527279,0,9.061904791304244
1302.1729593276978,2907,9,1.7253969935803324,0,8.88711424409189
1302.65948843956,2908,8,3.6315200880853644,0,8.66771483667543
1303.1381714344025,2909,10,4.78545644587123,0,8.430659082580291
1303.6052076816559,2910,7,3.3503383631286647,0,8.421652166156491
1304.0085594654083,2911,11,6.053451556468027,1,8.152375944680784
