timestamp_s,frame_idx,count,avg_speed,anomaly_count,predicted_count
0.949721097946167,0,12,0.0,0,12.0
1.3968639373779297,1,12,3.9425944929514554e-05,0,12.0
1.5788190364837646,2,11,1.640621966429137,1,12.0
1.7224466800689697,3,12,2.0600986601663616,0,4.683581699074152
1.866884708404541,4,12,1.9623243210152237,0,9.058222942182228
2.004004716873169,5,12,1.5906584434210578,0,10.97137965842111
2.136255979537964,6,12,1.887243290170607,1,11.892789861396672
2.272836685180664,7,12,0.6323920145515688,0,12.354344284167448
2.429989814758301,8,11,1.983000216540189,1,12.587216525861626
2.5822348594665527,9,11,2.017035607648816,1,10.523189427500297
2.723902940750122,10,11,2.310214760389937,1,9.337902915666328
2.865243911743164,11,10,2.296655716374481,1,8.683744001405435
3.0049479007720947,12,11,2.3315546768738082,0,6.902243944307159
3.144223928451538,13,12,0.7946323109159442,0,7.102494952234891
3.3709728717803955,14,11,2.183664889088431,1,8.417544945369565
3.5743186473846436,15,10,1.8203020781926271,0,8.413150059182339
3.730714797973633,16,8,2.1175208768450755,0,7.503287946464946
3.88309383392334,17,8,2.2637205571894827,0,5.161541229249485
4.046881914138794,18,10,2.2552863626288535,0,3.559041322771
4.192007780075073,19,10,0.678445540235572,0,3.932402356393668
4.347205877304077,20,10,1.3375451283286905,0,4.259351402802892
4.517391681671143,21,10,3.7854220985271994,1,4.550994110483899
4.661628723144531,22,10,2.6811059944994935,0,4.856447184442937
4.819398880004883,23,10,1.9058517778954334,0,5.119512798492087
5.00792384147644,24,10,2.0644968754033255,0,5.341458689453136
5.164135932922363,25,11,2.2122749599894607,1,5.587562345796596
5.296579837799072,26,10,1.2128875028642347,0,6.253411603777066
5.43707799911499,27,10,1.8109555241534716,0,6.406899668465876
5.6249840259552,28,10,1.8378892359233927,0,6.521791728698092
5.794979095458984,29,10,1.608937863338067,0,6.651591483553063
5.945101022720337,30,9,2.220803150806775,0,6.788122120276981
6.102816820144653,31,10,0.8025717272946774,0,6.591784439529985
6.244734764099121,32,10,2.4073246180803247,0,6.7492032756838904
6.3879008293151855,33,9,2.1619369500878363,0,6.891537081142376
6.530535936355591,34,9,2.4550758168607603,0,6.7498359975492175
6.712761878967285,35,9,2.3344180629853795,0,6.616792748082965
6.874711036682129,36,9,13.877492718140308,1,6.521339321682807
7.019234895706177,37,9,1.2729339940583637,0,6.455651042703132
7.160869836807251,38,10,2.5593215109487026,0,6.4070407468940935
7.30370569229126,39,10,2.752780181684071,0,6.590892723585093
7.44874382019043,40,10,1.9878661218272662,0,6.7576039442353215
7.6013078689575195,41,8,1.957361393233603,0,6.907490990682765
7.754945993423462,42,9,2.230774351416774,0,6.653563078844847
7.906477928161621,43,10,0.7581793138101511,0,6.622666309948289
8.058965921401978,44,9,1.7218238219524442,0,6.78304814520709
8.206725835800171,45,9,2.1083617002057786,0,6.756418306985152
8.344613790512085,46,11,4.268199361813787,0,6.74061571374446
8.478528022766113,47,10,2.9512853631873015,0,7.062032390660047
8.636813879013062,48,10,3.1817568276655295,0,7.1863302441423595
8.774851083755493,49,11,1.1272807792000459,0,7.309982995153611
8.912419080734253,50,11,2.198426895689032,0,7.57519441638371
9.057691812515259,51,10,2.4550196364689856,0,7.8163405834699144
9.199694633483887,52,11,2.4906724191727503,0,7.897848138933135
9.344537019729614,53,12,2.115550769967926,0,8.111534814225177
9.487530946731567,54,11,2.1166974774525125,0,8.444013059377713
9.6279296875,55,11,0.7155675156914326,0,8.620600576695118
9.770878791809082,56,11,1.9537334852140145,0,8.783753132537768
9.908531904220581,57,10,2.7540294418013747,1,8.936061565858232
10.047158002853394,58,11,2.658544098584637,0,8.956372051763644
10.188472986221313,59,11,2.5659976616480784,0,9.09348420035069
10.333997964859009,60,11,2.6074000768678265,0,9.220811671788608
10.478632926940918,61,11,0.7960430407789305,0,9.452061127307958
10.62090802192688,62,11,2.9341616270649022,0,9.683353441686034
10.764579057693481,63,11,4.523436861653349,1,9.828937265773149
10.902373790740967,64,10,3.048977017698377,0,10.06478484109245
11.038790702819824,65,11,2.8817967649254133,0,10.189237673496443
11.178606748580933,66,11,2.727372302769114,0,10.437866033485296
11.3193998336792,67,11,0.9601449858591619,0,10.692582192233637
11.459125995635986,68,10,2.3399872178085253,0,10.953662319578584
11.603940725326538,69,8,2.6217301969491977,0,11.011853431565692
11.754833936691284,70,11,4.451419007273966,2,10.841136994992496
11.89468789100647,71,11,3.1966378929758896,1,11.031392734504692
12.032315731048584,72,11,2.62214077670064,1,11.129021873402397
12.170662879943848,73,11,0.9535631013300566,0,11.3199305520969
12.310739755630493,74,11,1.0268880464019563,0,11.610689028427354
12.468282699584961,75,11,1.7461938922964622,0,11.810618940274189
12.607462882995605,76,11,2.3722741757710804,0,11.911394541729836
12.754742860794067,77,11,1.8779394020641698,0,11.820816764288331
12.893576860427856,78,11,2.3016462394672352,0,11.71691947422786
13.030991792678833,79,11,0.8075596859756345,0,11.791928154726428
13.168388843536377,80,11,1.5413638589325849,0,11.864010923109621
13.307248830795288,81,11,2.1822517835180504,1,11.933145556371057
13.444480895996094,82,11,2.4754165953632787,0,11.99827639999414
13.581695795059204,83,11,2.222791127124643,0,12.06043710426395
13.728671789169312,84,11,1.9248232199594992,0,12.121070132617245
13.877679824829102,85,11,0.672321610526154,0,12.177483011116934
14.025284767150879,86,10,2.2436341737389376,1,12.32584528268157
14.169713735580444,87,10,2.941722562233855,0,12.256020577685009
14.313522815704346,88,10,2.013157641776094,0,12.185803673275188
14.452225923538208,89,12,1.9290357080972977,0,12.112902122041602
14.594475030899048,90,12,2.436631434976603,0,12.286256841860133
14.734469890594482,91,14,0.8169399200752612,0,12.356150053321723
14.877476692199707,92,14,2.5488608975378964,1,12.75848429257297
15.020884990692139,93,13,2.7703770882630643,1,13.147635766732794
15.161367893218994,94,11,2.391420827614595,1,13.302328912266425
15.302097797393799,95,14,2.612718654153222,1,13.194935549641055
15.441060066223145,96,15,2.323114347664583,0,13.450815599162286
15.579641819000244,97,15,0.7637056165358597,0,13.812128461712733
15.733553886413574,98,13,1.9613127116372462,0,14.156928561163394
15.880785942077637,99,10,2.4247638775957308,1,14.32535891432605
16.02293586730957,100,9,2.6009823983363876,0,14.107086556818007
16.202007055282593,101,9,4.330533796532583,1,13.774807823987862
16.342167854309082,102,10,2.420317550849721,0,13.236746417267108
16.48035502433777,103,10,0.8252317310752354,0,12.9174724193948
16.620383977890015,104,9,2.4746247577186624,0,12.691237834643214
16.758039951324463,105,10,2.4488123232102876,0,12.244987149148866
16.89361000061035,106,10,3.3611523856778556,1,11.925329345326213
17.03677797317505,107,10,3.788563971875662,1,11.792787878116192
17.173881769180298,108,10,3.0169360130161227,0,11.568945902925037
17.312137842178345,109,10,1.0691079056366188,0,11.346036589534526
17.44869089126587,110,10,1.9016987735229005,0,11.217768791966199
17.585849046707153,111,10,2.8594287103008997,1,11.093539260466216
17.722627639770508,112,9,3.8320528378038485,1,10.879120604975812
17.931036949157715,113,9,3.5708248813616317,0,10.632999000689217
18.103664875030518,114,9,3.083902619789012,0,10.485846194434737
18.245923042297363,115,9,1.119694374568704,0,10.255281460629844
18.392664909362793,116,9,2.463351409617312,0,10.032636544568312
18.5413019657135,117,10,2.796856337881905,1,9.81775632556279
18.69077777862549,118,11,2.6109411278540486,0,9.642524618763716
18.84332585334778,119,9,2.544453226152427,0,9.688159583386831
18.992830991744995,120,9,3.1955662309309627,0,9.481251226389071
19.13469886779785,121,10,1.1290822804791774,0,9.28344625044728
19.271925926208496,122,9,3.0722491495596294,0,9.220584390324335
19.410706758499146,123,10,3.0376630925497308,0,9.03575844285764
19.552295923233032,124,10,3.968537416260723,0,8.983549589653169
19.697457790374756,125,11,3.09242573116272,0,8.84108246208439
19.840922832489014,126,10,3.043100689528425,0,8.916854038008037
20.00215482711792,127,10,1.0735410953506395,0,8.864378054097171
20.146477937698364,128,11,1.8281167151043662,0,8.819142698084928
20.320058822631836,129,11,2.8906726012639044,0,8.803321998896452
20.461981773376465,130,11,5.542393412467387,3,8.605229558983158
20.603864908218384,131,11,3.6736820947168014,1,8.676294219873476
20.745426893234253,132,11,3.5736000974881055,0,8.746682391962107
20.888625860214233,133,11,1.3170430304904865,0,8.815949717709676
21.02874994277954,134,10,3.1124614265900767,0,8.885192969558359
21.177699089050293,135,9,2.4712027670980956,0,8.8282519553366
21.3352530002594,136,9,2.115502716937363,0,8.649911450371226
21.474182844161987,137,10,2.7743930165500137,1,8.483049319176498
21.611909866333008,138,10,4.465569493325938,1,8.4477708764312
21.7499418258667,139,10,1.6215850168979624,0,8.415585643067338
21.88887882232666,140,8,1.9938515806813069,0,8.386277413348541
22.036367893218994,141,10,2.8034215754634966,0,8.113279027570762
23.790478706359863,142,10,3.2574189768401047,0,7.687303390474795
24.143329858779907,143,10,3.843576249755873,0,7.722963816085374
24.308082818984985,144,9,3.270823503406411,1,7.813911306025774
24.448685884475708,145,9,1.1856240340361874,0,7.732859159686693
24.58717107772827,146,10,3.952961935194179,1,7.663251391344759
24.72357988357544,147,9,2.9319054542160035,0,7.6698533661297335
24.862271785736084,148,11,4.470194779569318,1,7.520457189621378
24.999743938446045,149,10,3.321432160162007,0,7.67384298955848
25.1432466506958,150,10,2.917202584018326,0,7.833171777552338
25.282075881958008,151,1,21.398083313169096,1,7.988040415045517
25.416146755218506,152,11,8.18071025637485,0,7.0991379534930505
25.55168581008911,153,10,2.468225662026461,0,7.588291131158793
25.687208890914917,154,11,2.568383291161405,0,7.859111007444779
25.825737953186035,155,11,3.0008396546269536,1,8.099078911631185
25.975072860717773,156,11,2.8391051999106653,0,8.54374212625033
26.13328790664673,157,10,2.066309748102047,0,9.051844860129345
26.410427808761597,158,10,0.6631515267950946,0,9.436000803151469
26.577435731887817,159,10,1.8708719765004855,0,9.690304016420235
26.74752688407898,160,10,2.3709425068735497,0,9.734811530195472
26.903259754180908,161,10,2.388629873577514,0,9.708455545733713
27.061124801635742,162,9,1.9348688603177562,0,9.680282773654827
27.202460765838623,163,9,1.7907921336433732,0,9.607622682207323
27.345821857452393,164,9,0.6106101736934576,0,9.539889508136072
27.49285078048706,165,9,1.5482946114131355,0,9.409855058374948
27.65896701812744,166,9,3.0746227079782344,0,9.34810430378584
27.800360918045044,167,10,2.4673795372345007,0,9.291010621383323
27.942858934402466,168,11,2.5520118029420282,0,9.340142361633921
28.084552764892578,169,11,3.215614919631076,1,9.489295977624861
28.22188091278076,170,11,1.0915654395919,0,9.632871806596661
28.36015796661377,171,10,1.3778354645111233,0,9.771196094855801
28.496150016784668,172,10,1.8568379034649796,0,9.806922059260433
28.638482809066772,173,9,1.5845533172364958,0,9.775303642821447
28.77629590034485,174,10,1.810933404395772,0,9.645276462038314
28.914273977279663,175,11,2.4443507911024525,0,9.611690660239887
29.072306871414185,176,11,0.6521147123434494,0,9.669188445289468
29.520452737808228,177,10,0.7661981330269652,0,9.715857962036036
29.68349575996399,178,11,1.3797395913118313,0,9.736166819679582
29.82931876182556,179,11,2.610142064117837,1,9.927357077497941
29.986625909805298,180,11,1.8189538274298054,0,9.976005876045434
30.13491678237915,181,10,2.12789089629685,0,10.018041600921041
30.281174898147583,182,10,0.7697099660911216,0,10.026615842197666
30.431499004364014,183,9,1.3323747346002863,0,9.962350041254789
30.583281755447388,184,10,1.5823786536021347,0,9.869944769558431
30.80601978302002,185,9,1.5629573830367165,0,9.877713689508818
30.974860906600952,186,9,1.6648695118927337,0,9.863372884695192
31.1355299949646,187,10,2.699462336322548,2,9.777835391547944
31.29943084716797,188,10,0.7575606025012586,0,9.794821720655673
31.449817657470703,189,10,7.83665354269296,2,9.893107018247479
31.595048904418945,190,11,1.9060393789764127,0,9.9965143133746
31.735798835754395,191,10,2.126090370405519,0,10.207003826330304
31.898929834365845,192,11,1.646652149284413,0,10.322460129606368
32.03847694396973,193,13,2.75924821193595,0,10.547010001399816
32.18063998222351,194,14,0.6444339376400187,0,10.98440157967234
32.32291293144226,195,12,1.7234346012588848,0,11.43951771520872
32.47531580924988,196,11,1.291925851938837,0,11.592826806240959
32.61660695075989,197,12,2.3137929989746353,0,11.633476341379689
32.75616192817688,198,10,1.3241154305396026,0,11.877972925467015
32.892277002334595,199,12,2.934563553031857,0,11.911166295476644
33.02972102165222,200,12,0.6097470818129526,0,12.170991440717753
33.16750884056091,201,11,1.418062513016806,0,12.208692601340886
33.30675673484802,202,12,1.5929872544742794,0,12.359218644791921
33.44924592971802,203,13,4.1678818509044415,1,12.55516306124653
33.58721685409546,204,11,3.098478142749801,0,12.84968546068356
33.72982382774353,205,11,2.2262468662397383,0,12.824053089799875
33.86816382408142,206,11,0.7942116741110824,0,12.791649671318492
34.01133990287781,207,11,2.209720103478502,0,12.838861533845783
34.149701833724976,208,10,1.7505829226908725,0,12.798411897207089
34.28652596473694,209,11,2.3152520926946982,0,12.809147619764252
34.42658185958862,210,12,1.779657856234327,0,12.852915366471473
34.56617593765259,211,11,3.3471262489472147,1,13.006322786632811
34.70491290092468,212,11,1.2143728357213404,0,12.265409695535912
34.84129786491394,213,11,2.8476608423382177,1,12.353808238231354
34.97791886329651,214,11,1.8957323344193664,0,12.356341983888836
35.11277174949646,215,11,2.189363916789598,0,12.444984473315616
35.24574589729309,216,10,4.353953902972438,1,12.535591316373438
35.38317584991455,217,11,1.8311452232689145,0,12.517158823026307
35.521567821502686,218,11,0.5610218741259221,0,12.52418654147048
35.6590359210968,219,12,3.4177325384432446,1,12.524826457808143
35.7992889881134,220,11,3.198818830255225,1,12.635324360804372
35.93912982940674,221,11,2.854025782405438,0,12.62651393361195
36.073877811431885,222,12,2.365997073554778,0,12.61332071868306
36.210444927215576,223,11,3.2191548053307684,0,12.620488910100164
36.3483099937439,224,12,1.1649524198900911,0,12.503975672880312
36.485498666763306,225,11,2.2443790425615964,0,12.492948893520882
36.6226749420166,226,12,2.8489280443261498,0,12.356852211610985
36.7598557472229,227,10,1.6184402153013087,0,12.32671777379363
36.89714288711548,228,9,3.5262349238942567,0,12.148993730571856
37.03419589996338,229,10,3.2457991785012807,0,11.948627655119767
37.17259383201599,230,10,0.6691148813762059,0,11.86976499161506
37.30670189857483,231,11,3.982931623983177,1,11.793773265440326
37.445793867111206,232,12,1.4678636185220928,0,11.74051953776641
37.58405780792236,233,11,1.9375045440032375,0,11.800124435230344
37.72174692153931,234,11,1.904679840906597,0,11.633207725671335
37.8586528301239,235,11,1.634623249963066,0,11.557005028151895
38.00057601928711,236,11,0.46277590561367643,0,11.57973987798561
38.138328075408936,237,10,1.5713556733481813,0,11.602699771913965
38.27527379989624,238,11,2.067392932702048,0,11.40049463053777
38.410300731658936,239,10,2.0754593892748443,0,11.417424271853836
38.544434785842896,240,10,2.948760685058844,0,11.312044901295886
38.68210577964783,241,10,2.9519726911300443,0,11.20977442843381
38.82200479507446,242,10,0.9682917084486496,0,11.010756449370746
38.960455894470215,243,9,2.043543500504702,0,10.809750869320183
39.10172891616821,244,9,2.57099766594642,1,10.381951298552003
39.238852739334106,245,11,4.807271961698839,1,10.051568917571249
39.377341747283936,246,12,4.060637005447085,1,9.876678976818633
39.516209840774536,247,11,1.7142570360130243,0,9.820357106672649
39.65413689613342,248,11,0.6253680154329202,0,9.726966937851476
39.790748834609985,249,11,0.8838690042411919,0,9.63091671960784
39.927594900131226,250,11,1.253587352820509,0,9.531349724657302
40.068598985672,251,11,1.5482671056903294,0,9.52511977772
40.205928802490234,252,11,1.8395078552253477,0,9.421744208436092
40.3436279296875,253,11,2.3854903470909115,0,9.413151378070747
40.482022762298584,254,11,0.8538568076287236,0,9.599127361713268
40.62064480781555,255,11,2.293633156276405,0,9.890093500186381
40.758577823638916,256,13,7.196155224299502,2,9.997966400102076
40.898873805999756,257,13,2.5947646568813436,0,10.26495592567274
41.03511881828308,258,13,2.2482854654505635,0,10.621980070187481
41.17284679412842,259,12,1.9063724940335365,0,10.781442516011484
41.31254696846008,260,12,0.650254628164643,0,10.997159429555333
41.44931507110596,261,13,1.5013893180599183,0,11.213027584999816
41.58683800697327,262,13,1.2947052237683514,0,11.45832572789528
41.72877287864685,263,14,1.4951199128952528,0,11.79347795119931
41.865346908569336,264,14,1.7040773931236828,0,12.347914613195345
42.000507831573486,265,14,1.4614339952634607,0,12.704485738488552
42.13777565956116,266,15,0.5308620920449819,0,13.049883975597343
42.27799987792969,267,16,1.135173909949914,0,13.511069817207815
42.41574764251709,268,14,2.089058636528279,0,14.083039131547933
42.55255174636841,269,12,2.4300436919970916,1,14.286687790985615
42.69155788421631,270,14,3.675309343049542,2,14.319978574328664
42.83101487159729,271,13,2.2057594814724824,0,14.69857200637988
42.969507932662964,272,13,0.7684522808316167,0,14.846416135981942
43.106313943862915,273,13,1.6784247318106855,0,14.986040641459425
43.24443006515503,274,14,4.133372141499166,1,15.118783546972871
43.383068799972534,275,14,2.7322141140687273,0,15.370547674524506
43.52166175842285,276,14,2.037928623717841,0,15.611247921867486
43.662354946136475,277,13,2.375478155367117,0,15.745580980171493
43.80098080635071,278,13,0.859855535361735,0,15.83417577713556
43.94027781486511,279,14,2.636074771657523,1,15.915551636116167
44.08572006225586,280,16,1.5164668447633973,0,16.215093663312864
44.22455596923828,281,16,1.434613611731064,0,16.660211362212685
44.366384744644165,282,16,1.647037990601291,0,17.08792298206413
44.505820751190186,283,16,1.6090985946716667,0,17.592077912910987
44.648390769958496,284,16,0.5410614058506564,0,17.986779123777943
44.78722286224365,285,15,1.2661348551937832,0,18.456475582174846
44.92608571052551,286,15,1.7118905497372041,0,18.688060380489812
45.065069913864136,287,15,2.296466641370166,0,19.00102340951803
45.20285892486572,288,16,1.4052529101541293,0,19.1093496574288
45.34140181541443,289,15,1.9947610125326496,1,19.230061253953778
45.47844386100769,290,15,0.7839081657110163,0,19.293563845733427
45.619328022003174,291,13,1.7396649445318748,0,19.341483515961624
45.76153898239136,292,15,2.5349733912670067,1,19.21540274916421
46.451899766922,293,15,1.9230029786026526,0,19.824586502903273
46.65842890739441,294,15,1.839466216012679,0,19.90960499728164
46.79697775840759,295,15,1.5765984562362938,0,19.922975610529186
46.93443989753723,296,15,0.5625242630326323,0,19.923452291329532
47.074044942855835,297,15,1.3923523626976988,0,19.91346921967893
47.211801052093506,298,15,1.070944584164458,0,19.79464036446779
47.350521087646484,299,15,1.305852773527475,0,19.759470137347467
47.48792910575867,300,15,1.6510645524346015,0,19.619197157769335
47.62749004364014,301,15,2.773296104187785,1,19.46885384869352
47.76589488983154,302,15,0.5501153830290424,0,19.305962697528145
47.90606880187988,303,16,1.3405601613724987,0,19.132432911957217
48.04392075538635,304,16,1.6504466252960113,0,18.98572613726741
48.182705879211426,305,15,1.6685269329751407,0,18.82016651519674
48.32025170326233,306,15,2.0312472173327643,0,18.684334815510887
48.457971811294556,307,16,2.0707331157227093,0,18.627036159416896
48.599406003952026,308,16,0.6789336375643471,0,18.60184219994708
48.73991084098816,309,16,1.381042587953568,0,18.561017404472018
48.878174781799316,310,16,2.275187547406449,1,18.504277106636323
49.02104091644287,311,16,1.511246289640532,0,18.434970966296056
49.158994913101196,312,16,2.0180360736708023,1,18.348697327257337
49.29687285423279,313,16,1.7299556569947285,0,18.24803250527193
49.4347870349884,314,16,0.6098021143489787,0,18.133034906047847
49.57471776008606,315,16,1.593347449389974,0,18.004387101293496
49.71254086494446,316,16,1.7950346767612528,0,17.860421649871277
49.85154581069946,317,16,1.8378828746377323,0,17.870269353453963
49.988516092300415,318,16,1.5031778184344908,0,17.870357501288233
50.126707792282104,319,17,1.6472635527087967,0,17.86197687825998
50.265310764312744,320,17,0.5825919777782911,0,17.876508859671997
50.40578293800354,321,15,1.3253636491877456,0,17.875532319446975
50.54426693916321,322,15,2.0717221035317728,1,17.712315587593455
50.68745803833008,323,13,2.029733121082982,1,17.545122782396547
50.82635283470154,324,13,1.4135408401909957,0,17.226850921531188
50.965534925460815,325,16,2.903170814655976,3,16.913688232753945
51.13254499435425,326,16,0.6394141387864246,0,16.951446829622064
51.27001476287842,327,16,1.9072948124113616,0,17.06151558310492
51.409971952438354,328,15,1.8401278691479526,1,17.254819752720014
51.54671382904053,329,15,1.9765383729801993,1,17.16346626188705
51.68470883369446,330,14,1.6398454965299993,0,16.897601251591244
51.82326793670654,331,15,1.9311836171956096,1,16.680630548663068
51.96186900138855,332,15,0.5484266467677014,0,16.49007394649474
52.101611852645874,333,15,1.5978052883198899,1,16.29203514897006
52.24261689186096,334,15,1.8384721553671766,0,16.08596156070382
52.381603956222534,335,15,1.56431240173819,0,15.95990239782351
52.519842863082886,336,15,1.7932388221805515,0,15.82939909555773
52.65868091583252,337,15,1.4663583864880951,0,15.694290735969208
52.80014371871948,338,15,0.5570461696929392,0,15.463335710105614
52.93584680557251,339,15,1.4696974876821398,0,15.222094423882826
53.074729919433594,340,14,1.3879327913498816,0,15.062976757873676
53.21466898918152,341,15,1.611249441797786,0,14.969806716847943
53.35228896141052,342,15,1.817472689100579,0,14.999001798713126
53.49109768867493,343,15,1.4883938640807266,0,15.032450732830227
53.627429723739624,344,15,0.5517718708605786,0,15.070441268683698
53.76693391799927,345,14,1.6229464470373838,1,15.113006235832053
53.90472888946533,346,15,1.9155435225696622,1,14.943119644230254
54.04897975921631,347,14,1.8978374676212721,2,14.892611293350907
54.186959743499756,348,15,1.8792378818792508,0,14.721319545182087
54.3269407749176,349,15,1.25255306097518,0,14.774909651848215
54.46623086929321,350,16,0.45469516284597894,0,14.728314442307092
54.60503172874451,351,13,0.9205930499972368,0,14.803022988879988
54.745667695999146,352,13,1.5226426381941058,0,14.284105788410423
54.884965896606445,353,16,3.219968086115278,1,13.973511246817862
55.023361921310425,354,15,1.447990883004628,0,14.060311574474396
55.15909504890442,355,17,2.9485262293370464,2,14.02052165150783
55.297433853149414,356,17,0.7915984444822696,0,14.230418857933834
55.4352240562439,357,15,1.6117490412202005,0,14.43284374239405
55.57227897644043,358,14,2.224005056251545,0,14.377943125711944
55.70937967300415,359,15,3.448363508692509,1,14.198107104283487
55.84530997276306,360,14,1.922181488735429,0,14.1469065146896
55.9835410118103,361,14,3.4715031234180556,1,13.970572765141323
56.119524002075195,362,14,0.9323959042717628,0,13.798187716415198
56.255735874176025,363,14,2.1961035422047903,0,13.629374853250793
56.41606283187866,364,14,3.720181758369086,1,13.555492473386098
56.55804491043091,365,13,1.414018948265411,0,13.49222316958885
56.694983959198,366,13,2.8707958380732808,0,13.215961532600176
56.83220601081848,367,15,1.9610695433406418,0,12.947056565864
56.97160077095032,368,15,0.5345999309758347,0,13.031522053241222
57.1144917011261,369,14,1.7150954453079201,1,13.119018842568199
57.25469899177551,370,14,1.7353800547088094,0,13.085509646229564
57.39354586601257,371,14,2.125505065132198,0,13.059654175371996
57.53296995162964,372,13,1.8747749356431893,0,13.04108993033417
57.67131185531616,373,14,2.282203100984069,1,12.904623376681412
57.8083119392395,374,14,0.767558541425058,0,12.904930018849443
57.94852685928345,375,14,1.1495969361988183,0,12.911861087313492
58.090144872665405,376,14,1.7994583859631668,0,12.925939509928105
58.23187875747681,377,14,1.8649699268128368,0,12.947463530547429
58.404183864593506,378,14,2.9684898612839996,1,12.970786316703592
58.598506927490234,379,15,1.7115754019416576,0,12.998883122492588
58.754278898239136,380,15,0.5486734888451652,0,13.269243548651783
58.91065788269043,381,16,2.302559420885377,0,13.54759151684254
59.074442863464355,382,15,1.8348205790080157,0,13.767948619486736
59.23085594177246,383,14,2.1056607477417026,0,13.856194144744844
59.37539505958557,384,15,2.5882845347989933,1,13.621546463299069
59.530925035476685,385,13,2.014625284698501,0,13.512780969008432
59.673030853271484,386,13,0.7178487433040234,0,13.42911917009209
59.81297302246094,387,13,2.492311643227549,1,13.35698550333775
59.95311999320984,388,15,3.026313531327365,1,13.296282422867009
60.09197998046875,389,16,1.995730897047692,0,13.40894772584424
60.23029184341431,390,14,1.2765522973141543,0,13.648394535075838
60.36849880218506,391,15,1.5396083530813356,0,13.533489038661704
60.50807595252991,392,16,0.49288180720246977,0,13.63976196393357
60.6472749710083,393,14,1.4208848360602622,0,13.871664751429797
60.785398960113525,394,14,2.3842426848325773,1,13.84651042209485
60.924546003341675,395,14,3.5310957349652674,2,13.82495882574495
61.06211876869202,396,12,1.54829346444837,0,13.807164461659088
61.19991707801819,397,12,4.9231155243218545,1,13.543456069841792
61.34049892425537,398,12,1.2662448631715417,0,13.291510668663955
61.4788498878479,399,13,2.3713957133877828,0,13.051602157450978
61.617302894592285,400,12,3.9141809360231155,1,12.94713221059983
61.75614094734192,401,13,2.5591514263897674,0,12.634408168923612
61.89424467086792,402,12,1.5543894240684564,0,12.54516896429673
62.03256893157959,403,12,1.7473899372255337,0,12.340179466363878
62.17018485069275,404,13,0.629099284477362,0,12.146496820908078
62.3089280128479,405,14,1.3904785703072453,0,12.085996772332079
62.44706892967224,406,13,1.504621521669829,0,12.063052212231536
62.5912139415741,407,11,2.8766877145874514,1,12.008255068282025
62.73311376571655,408,10,1.5357008702617254,0,11.625072890712634
62.8705198764801,409,9,1.881630993345834,0,11.223849731222785
63.00741982460022,410,9,0.6304384604926987,0,10.719364474334665
63.14499878883362,411,10,4.5411621286648876,1,10.328523789029148
63.28203272819519,412,11,2.131451880445612,0,9.80872579308798
63.423511028289795,413,11,3.97443144751953,1,9.418956793824606
63.56168985366821,414,10,4.564814423432125,0,9.313649493835808
63.69847798347473,415,11,4.005060313732554,1,9.013007422836864
63.83550000190735,416,13,1.1288340827538508,0,9.035450509104834
63.969061851501465,417,10,1.905196486427639,0,9.322789010184984
64.1102876663208,418,10,2.0226619093027502,0,9.072356105767938
64.24253678321838,419,9,1.9628773582454333,0,8.750205691222057
64.38013982772827,420,9,4.758822680285928,1,8.410973132176274
64.51798295974731,421,9,1.9214648436823927,0,7.998290215080097
64.6558928489685,422,9,0.6044986820077745,0,7.601833335639455
64.79256892204285,423,8,1.2607327898286593,0,7.222079135558403
64.9250009059906,424,10,2.8149594223411234,0,6.739671376496844
65.05809688568115,425,10,1.844366349113831,0,6.520866842479599
65.19088101387024,426,10,3.17388734967749,0,6.220715435842514
65.32828187942505,427,10,2.8765500471552334,0,5.925538908198909
65.4644820690155,428,11,0.9616751293189235,0,5.8306584516647035
65.60555577278137,429,11,1.7161926391461848,0,5.871265045181353
65.74285984039307,430,8,1.2879067392292813,0,5.833573408636894
65.8828809261322,431,8,3.572679721657752,0,5.4374703212760025
66.01778292655945,432,9,9.675102626081987,1,5.06470292412012
66.15581107139587,433,11,2.9110909435387153,0,4.734107494215188
66.29451990127563,434,12,0.8222575658555449,0,4.7593446234443775
66.43266987800598,435,11,1.7603605429988756,0,4.919322244251397
66.57094979286194,436,11,1.5483830857169618,0,4.963639627124017
66.71062707901001,437,11,1.338819573446333,0,5.018471783599921
66.85853576660156,438,12,1.8748758635658203,0,5.079254211457268
66.9988579750061,439,11,1.1762412577195598,0,5.287567071535591
67.13663101196289,440,12,0.4512543439492334,0,5.484773889171677
67.27480292320251,441,11,3.3716822330671143,1,5.824298245923302
67.41313576698303,442,11,2.6782128547680046,0,6.149353493900016
68.3373167514801,443,10,2.555321717276143,0,5.956831272908005
68.4790608882904,444,10,3.166293555039,0,6.086847188008406
68.61608481407166,445,11,5.6363118393776555,1,6.330110518388409
68.75791382789612,446,12,1.5473389524466863,0,6.526284296502368
68.89675188064575,447,11,2.2509046926202365,0,6.868557724812135
69.03825998306274,448,10,2.2905211381176827,0,7.054969332087257
69.17488980293274,449,12,7.358697258306228,1,7.2915375028799545
69.31127977371216,450,11,3.5780676751987652,0,7.908512782974533
69.44661092758179,451,12,4.081473985112095,0,8.197432345743152
69.58412790298462,452,13,1.1729576456259563,0,8.712185866398851
69.72406792640686,453,14,1.8711418651841971,0,9.444530851743643
69.8648898601532,454,15,4.053689105454142,1,10.120963012442834
70.00224304199219,455,12,2.270591942974701,0,10.910310403021226
70.13624906539917,456,12,1.8738798910473367,0,11.293642345900782
70.27373886108398,457,13,1.871259121451795,0,11.502971299732522
70.41050577163696,458,15,4.605432551966852,1,11.832954487295503
70.54718899726868,459,14,2.2655316318675314,0,12.400133636885263
70.6849536895752,460,14,2.8778001570077723,0,12.909446342820797
70.82498502731323,461,13,2.3991583403143104,0,13.324464598476759
70.96144986152649,462,13,3.0080408181163936,0,13.689684337655947
71.09785985946655,463,13,2.7517521515874415,0,13.968028203343774
71.23420000076294,464,13,0.9398300617171699,0,14.240593407938622
71.37285494804382,465,14,3.1814345600460947,0,14.590875850501103
71.51125764846802,466,12,2.107461471014826,0,15.13684714182354
71.64714002609253,467,13,2.2436729364679575,0,15.365837348348588
71.7845847606659,468,11,2.523284616460638,0,15.550306519442852
71.92481684684753,469,13,2.0205789884940293,0,15.420645920156826
72.06177401542664,470,13,0.7979915962866904,0,15.434725323575357
72.20059275627136,471,13,1.6884528628844178,0,15.438126771584212
72.33735275268555,472,12,2.2028825390057345,0,15.510238756451198
72.47474408149719,473,14,7.227561131385577,1,15.543732944105585
72.6121118068695,474,13,1.8243498584407942,0,15.79850604713986
72.74986791610718,475,13,1.8648267833898529,0,15.852169671958436
72.88709497451782,476,13,0.6557663770470381,0,15.979300979893555
73.02549600601196,477,14,4.150380089259009,1,16.26678679879882
73.16182398796082,478,13,7.097809112138862,1,16.419038307408858
73.29930377006531,479,14,3.0989046421874895,0,16.450387088392713
73.43705582618713,480,13,2.644362218193364,0,16.500704290448397
73.57483172416687,481,13,3.0783964850159684,0,16.42589598277734
73.71198678016663,482,13,0.9254233371869693,0,16.338403585256515
73.85092878341675,483,13,2.0488832088637587,0,16.239037809980733
73.99192786216736,484,13,1.7957059633984853,0,16.041146850341296
74.13353395462036,485,13,1.379393917586559,0,15.999049546146644
74.27174687385559,486,14,3.179730478552487,0,15.945876912850068
74.41309094429016,487,13,2.321116166351117,0,15.995386969049271
74.55018067359924,488,13,0.8465218023664736,0,15.91881450188125
74.68998694419861,489,13,1.6314997428438223,0,15.924134558115739
74.82995986938477,490,13,4.8649053577101125,1,15.923578116189589
74.96776485443115,491,13,2.1659215448270843,0,15.634755521433409
75.11331486701965,492,13,2.0476545281049665,0,15.324656527638396
75.25116991996765,493,14,4.919641439647552,1,15.082961847038781
75.38962888717651,494,15,1.0177290670356764,0,15.133065698416267
75.52588891983032,495,14,2.2813903245564524,0,15.388589436138805
75.66273188591003,496,14,3.383906534434361,0,15.420414497451123
75.80022978782654,497,14,2.745576946741445,0,15.441811281125386
75.93711185455322,498,13,2.6061644027748896,0,15.451872809701257
76.0740737915039,499,14,1.9828662302872473,0,15.437272632838527
76.2135808467865,500,14,0.7091657571466929,0,15.431945675886684
76.35170197486877,501,14,1.8966823281071246,0,15.525608709491662
76.48882508277893,502,13,2.0941053709810107,0,15.499538878177727
76.62661600112915,503,14,3.201681246885892,1,15.333340137492453
76.76443886756897,504,13,1.781271663840457,0,15.180905156548423
76.9022388458252,505,14,2.234800745145946,0,14.887632774597892
77.03908395767212,506,14,0.7147947535080182,0,14.805699722844892
77.17675995826721,507,13,1.645674173907651,0,14.809220094089845
77.31324577331543,508,14,3.5232854658834762,1,14.582892794450864
77.45113682746887,509,14,3.097948272144205,1,14.379587829549159
77.58886885643005,510,12,2.5481718683210595,0,14.353682585252061
77.72583985328674,511,13,3.3240541396964525,1,13.972376625486136
77.86291790008545,512,13,1.1362097333651147,0,13.809503719090541
78.00661873817444,513,14,9.449073852330946,1,13.739445606704983
78.14990472793579,514,14,1.4843253070492841,0,13.891501881078527
78.29363775253296,515,14,1.844318064807907,0,14.139761190394225
78.43418288230896,516,14,1.941127476461125,0,14.10298821800668
78.57353901863098,517,14,2.476674730229428,0,14.058660625431461
78.71042084693909,518,14,0.8977442777780928,0,14.102966975139868
78.84858679771423,519,14,2.60538581111872,0,14.335982266813353
78.98623490333557,520,14,1.7169561819502046,0,14.476374901645805
79.12866687774658,521,13,1.7255846566504751,0,14.617325377964832
79.26696586608887,522,13,1.6795930754368855,0,14.535182084674151
79.40448307991028,523,13,1.6809024125621805,0,14.45306002911072
79.54302096366882,524,13,0.5747762320337678,0,14.371194610546873
79.67868900299072,525,13,1.9877498112141738,0,14.289120276201794
79.81569409370422,526,12,2.23001508580291,0,14.303385351902499
79.95346188545227,527,13,2.7124781952221837,0,14.003583897690067
80.09087681770325,528,14,2.439053083935968,0,13.925766023037017
80.2287528514862,529,16,2.281971928513494,0,13.78172752485407
80.36967968940735,530,16,0.7674906213317855,0,14.070428022982238
80.51072096824646,531,14,1.8756132654455124,0,14.348242148090943
80.64907479286194,532,15,5.309307487896376,1,14.36298218487923
80.78653001785278,533,15,3.6381192677425975,1,14.403776471513758
80.92503881454468,534,14,2.3634269547411377,0,14.625666171001644
81.06162786483765,535,14,3.1338053521481912,1,14.621730865401295
81.19969391822815,536,14,0.9918953254170012,0,14.6143054943563
81.33850169181824,537,12,1.7412877541124796,0,14.603278416668346
81.47640180587769,538,13,2.2470939312762517,0,14.433105867992262
81.613853931427,539,14,2.8167472354485623,0,14.299946805041953
81.75670790672302,540,14,2.211081502805244,0,14.389176635830175
81.89697480201721,541,13,2.833472829457059,0,14.381922407743888
82.0353639125824,542,14,0.9953026636485997,0,14.244860757964894
82.70886492729187,543,14,2.2879263860710912,0,14.268533358873086
82.93783283233643,544,15,5.202043376399387,1,14.254087119346858
83.07761478424072,545,14,2.437967423205593,0,14.376794533354692
83.21658277511597,546,15,3.1712244763711666,0,14.343984633590289
83.35566687583923,547,15,2.2958677722472958,0,14.548806526641318
83.49554300308228,548,15,0.8344194501521245,0,14.64794621356826
83.63472986221313,549,15,1.7269651715610506,0,14.737337497337073
83.77776670455933,550,15,1.985983207480393,0,14.817887919301288
83.91861486434937,551,5,22.607603535406035,4,14.889422525973577
84.06104588508606,552,12,4.936753909605594,0,13.618890084324311
84.19708180427551,553,9,3.522478829307187,0,13.328548660890272
84.33604288101196,554,9,8.542594106285756,1,12.74720402285176
84.47385692596436,555,9,1.7185729105800172,0,12.284609931885589
84.61440992355347,556,10,1.5197511322620942,0,11.762962278674873
84.75695991516113,557,10,4.846704734354524,1,11.393451963931472
84.89528799057007,558,10,0.9908320767072011,0,11.044170500371493
85.03473687171936,559,11,4.460130507326229,0,10.626637044168646
85.17453098297119,560,10,2.824790652732895,0,10.433935291557574
85.31396770477295,561,10,2.945921192879642,0,10.131234434919993
85.45222091674805,562,13,2.3853939183123836,0,9.845533969435774
85.59040474891663,563,11,1.5684425430847753,0,9.851742512985556
85.72974681854248,564,11,0.5974262813170966,0,9.701740359375496
85.86910581588745,565,10,1.8459724742104682,0,9.477799912604041
86.00723576545715,566,9,1.203592151033701,0,9.228016658768269
86.14552187919617,567,10,5.734510480506957,1,8.87517746855103
86.28371286392212,568,12,3.9714934521168948,0,8.573398626243318
86.42260503768921,569,11,5.592057040580426,1,8.59785847117169
86.56051397323608,570,13,0.8878884361486044,0,8.512067705133866
86.69978594779968,571,12,2.7381937568234287,0,8.496983309065826
86.84164667129517,572,14,2.557726028478571,0,8.444631714152315
86.99809885025024,573,13,3.1516019940477435,0,8.616849123255179
87.21199297904968,574,13,4.1055545668002,0,8.732379699395558
87.35101389884949,575,14,6.023007608090064,1,8.888466746511227
87.49046802520752,576,15,1.688050918349689,0,9.16155244988068
87.62921071052551,577,15,3.4138193305609414,0,9.547800191638686
87.77248001098633,578,11,3.234324007574341,0,9.926393990472413
87.91146898269653,579,14,4.877479443291727,1,9.840982875482908
88.04986381530762,580,14,3.5664491941492287,0,10.10930786821465
88.18897080421448,581,14,3.847836778833478,0,10.376028091757714
88.3283588886261,582,14,1.2380174707425005,0,10.55554518155478
88.48188781738281,583,12,2.3990079545835337,0,10.7277647933863
88.6202278137207,584,14,5.362649918119108,1,10.671240874557526
88.75882482528687,585,14,2.474687587855338,0,10.845763179375858
88.90118765830994,586,14,3.2737253972713027,0,11.015544514053548
89.04574990272522,587,13,4.510320098417684,0,11.092401754293459
89.18437600135803,588,13,1.4493850256993517,0,11.137763007301787
89.32346796989441,589,15,7.847464006773798,1,11.273001137522465
89.4622118473053,590,14,3.210260118378704,0,11.825225354423972
89.60157203674316,591,17,5.655692909132317,1,12.271017098637833
89.74343276023865,592,17,4.58817256474518,1,12.889728560902313
89.8919358253479,593,19,3.455202924311636,0,13.599481835055695
90.03814601898193,594,21,1.0704274832692855,0,14.546297053407905
90.18027591705322,595,17,3.940385876665828,0,15.630296130609512
90.32195281982422,596,15,3.000074221209772,0,16.23279375498142
90.52906799316406,597,18,4.420295185452103,1,16.622861895896165
90.6988308429718,598,18,2.9895423332500277,0,17.165791927688076
90.97260475158691,599,18,4.16323026858429,1,17.850774851195347
91.13383793830872,600,18,1.0548912905368912,0,18.58644183318291
91.2957968711853,601,18,3.1363906218496753,0,19.3189596481093
91.47784686088562,602,16,3.3941663196281078,0,19.9535022746441
91.65044403076172,603,18,3.186130096474036,0,20.41962499012123
91.83668971061707,604,18,2.944524734826239,0,21.063817613537225
91.98672890663147,605,16,2.749402100751241,0,21.736553910838374
92.13581895828247,606,17,2.0509956876479216,1,22.032019523308854
92.28075575828552,607,18,3.6506032361704124,1,22.53736660935715
92.42136478424072,608,19,3.378307893666174,0,23.1559050602537
92.57123875617981,609,18,3.297609011449001,1,23.895603320310556
92.71540784835815,610,17,3.5293850187235694,0,24.479394769726653
92.85641598701477,611,17,4.025869269442824,1,24.91615490916135
92.9962568283081,612,17,0.7767280104874755,0,24.444640913088108
93.14121079444885,613,18,4.267963611289458,2,24.57075590503628
93.29148697853088,614,18,3.4795990974735886,1,24.544597074776064
93.43717765808105,615,17,2.5462986158071113,0,24.484183754057483
93.59184098243713,616,15,6.08648263342301,1,24.281285494700484
93.73385691642761,617,17,4.890130628961799,0,23.882653667565194
93.87769079208374,618,18,1.1474475477397301,0,23.71982236366138
94.03506398200989,619,15,2.2425260270755865,0,23.670800891672428
94.17767286300659,620,16,2.736963071378969,0,23.30459588679176
94.32275080680847,621,17,3.865753331722923,0,22.96607167256351
94.46395993232727,622,16,3.736579944601976,0,22.728691387101208
94.60616683959961,623,15,3.921219219023127,0,22.61350418171677
94.74784684181213,624,16,1.3901039918170888,0,22.197708479598234
94.88961791992188,625,16,4.165628065552928,0,21.891677861870818
95.03023386001587,626,14,3.6636717392679135,0,21.48419561051817
95.17190599441528,627,13,3.0394489450730244,0,20.737145071849163
95.31816387176514,628,12,3.534250683378671,0,19.94811490607672
95.45724678039551,629,13,4.501861095918469,1,19.204970352069015
95.59635281562805,630,13,1.225538429999923,0,18.49470176718584
95.739022731781,631,13,6.990139422635942,2,17.955802607199864
95.89956283569336,632,12,2.947403412887075,0,17.332319481641697
96.04808592796326,633,17,6.571532730230139,1,16.759874614510252
96.24857187271118,634,17,3.5071808852054573,0,16.696684647952384
96.39600396156311,635,17,3.627506683493183,0,16.616409942721685
96.53692889213562,636,19,1.2257143842733091,0,16.60944995464761
96.69432187080383,637,14,3.941105761859328,0,16.91793758878405
96.83360385894775,638,16,4.055257430258292,0,16.61910526801418
96.97287797927856,639,15,2.2774805376989775,0,16.20832683359886
97.12470293045044,640,16,4.437201987113921,1,15.927492053594202
97.27029299736023,641,16,3.466600884553052,0,15.760132184950526
97.42407298088074,642,18,1.1001066169617222,0,15.584674600824819
97.56566381454468,643,20,3.4789751703128626,0,15.637619135570777
97.71070575714111,644,18,2.4748014640282445,0,15.732359461802297
97.8547797203064,645,16,2.7579295752939124,0,15.74200613332171
97.9953818321228,646,17,4.7607464427794755,1,15.501121867640041
98.13591599464417,647,15,3.133445270685194,0,15.369299994053438
98.28967380523682,648,16,1.6626028619573,0,14.89659116473565
98.46574878692627,649,18,2.597404011241174,0,14.525388790350224
98.60796999931335,650,17,2.4408358893497497,0,14.570727484956336
98.74998879432678,651,16,2.6144378188418944,0,14.390562790461232
98.89163494110107,652,15,3.144986532279677,0,14.360020911114866
99.04011678695679,653,17,3.9637107199885198,0,14.210931504725696
99.18467593193054,654,17,0.9401612809318148,0,14.500147793822617
99.3301649093628,655,14,2.2795997743814382,0,14.991859009659256
99.47336077690125,656,16,2.9801130359258305,1,14.753481906494084
99.6144118309021,657,13,2.7694514885246977,0,14.570198445606202
99.75456190109253,658,13,3.0355127403600393,0,14.313259406954234
99.90329384803772,659,13,4.092709036042026,1,14.071525918734842
100.04705476760864,660,15,0.763391760083786,0,13.848268695489224
100.1948127746582,661,14,2.1916984732488145,0,13.885235014607659
100.34388184547424,662,14,3.944315052921585,1,13.811078347006415
100.48827004432678,663,15,2.379824307088683,0,13.564956974467474
100.66099500656128,664,14,2.2800020112598474,0,13.628463282574828
100.80555009841919,665,17,4.649453484753073,2,13.58762250879509
100.94963574409485,666,17,1.2604698650618924,0,13.745038196877807
101.09463500976562,667,16,1.5708085735680624,0,13.990275704380995
101.24628782272339,668,13,5.212537387692149,1,14.203297022623577
101.38654088973999,669,15,5.557181407928962,1,14.149963201571197
101.52844285964966,670,14,3.6321616293252315,0,14.270278494919976
101.6732428073883,671,14,5.4816194906669855,1,14.186645830289002
101.81569194793701,672,15,1.288708518974265,0,14.11413259598174
101.95483803749084,673,15,4.3728570124674,1,14.174618096752546
102.09478688240051,674,15,3.6267801612081776,1,14.333905299902101
102.23871779441833,675,14,4.797242490222027,0,14.50306608296036
102.38049292564392,676,15,4.7255825090532975,1,14.469863811138717
102.53214383125305,677,17,3.8169962883045425,0,14.383729769370163
102.6768000125885,678,17,1.1579667378252316,0,14.725023877237366
102.82929587364197,679,15,2.039779972885476,0,15.1583703218807
102.97649669647217,680,19,2.52774501457053,0,15.07645156637917
103.12682700157166,681,18,2.8529688975071283,0,15.573226238392454
103.27537679672241,682,17,3.4176081162940224,0,16.030407364564446
103.42609786987305,683,17,3.8495827398735556,0,16.27059779577846
103.57051372528076,684,17,1.2542568646700398,0,16.414493685605184
103.7198441028595,685,19,5.472736991219422,2,16.644515920780393
103.8727638721466,686,18,2.508767799413146,0,17.116357794102655
104.02460098266602,687,18,2.996172439663224,0,17.26971790917243
104.1725800037384,688,19,2.684076201218704,0,17.314725742131426
104.31644797325134,689,20,2.3350862806184405,0,17.370069369317477
104.45892977714539,690,21,0.7919276212356552,0,17.615600945819075
104.60331392288208,691,21,1.86794759732229,0,17.9582667304613
104.75225687026978,692,20,2.2193712915721644,0,18.272968510049004
106.03394985198975,693,18,2.6516303603932587,0,18.580952013119695
106.22470092773438,694,21,3.0220633199413602,0,18.861984914135483
106.36529302597046,695,21,2.571305842241335,0,19.585964052528197
106.51174688339233,696,21,0.8553574222174316,0,20.257954356832553
106.65338802337646,697,21,2.1657512663144898,0,21.071609709488396
106.8009557723999,698,21,2.1792768854935636,0,21.378483636105848
106.9895977973938,699,20,1.9781050144408858,0,21.85125330801032
107.13341784477234,700,19,2.856575644437846,0,22.038614185758767
107.27735090255737,701,15,2.632816898309725,0,22.154090282769268
107.41795778274536,702,16,0.932553920032785,0,21.718841223798165
107.56081485748291,703,16,3.8819346282606486,2,21.608941834440348
107.7309718132019,704,15,3.017316983554311,0,21.692479402190543
107.8748369216919,705,15,3.8753754952992554,2,21.4847419215744
108.02258491516113,706,15,2.435050662657742,0,21.138681548102884
108.16705083847046,707,15,3.6044360902366828,0,20.88832021403121
108.31000900268555,708,17,1.2695696147992879,0,20.49757647191469
108.46973276138306,709,14,3.787461930247142,2,20.443044316045732
108.75765872001648,710,14,3.1536134106443985,1,20.22994697205674
108.98457908630371,711,14,2.7638415652504755,0,19.919405423954284
109.2135968208313,712,15,2.7243462358082886,0,19.54110558998658
109.42684888839722,713,15,3.5329195589800575,1,19.210204476396576
109.61976981163025,714,16,1.3705755654684817,0,19.031121628149084
109.78074789047241,715,16,2.204574022280748,0,18.974353524338916
109.94243502616882,716,16,4.535191487629527,1,18.70003263082966
110.12600493431091,717,15,3.5387733310391356,1,18.580323780080903
110.27510094642639,718,15,2.634982038152535,0,18.12095277320104
110.4265489578247,719,15,3.6046795599585253,1,17.668598494562456
110.56753778457642,720,15,1.027880382140861,0,17.22087206796494
110.71449089050293,721,17,5.499960802229635,1,16.922278679504743
110.8581109046936,722,15,3.0519456177786046,0,16.77627241880895
111.00899505615234,723,17,3.823919556563066,0,16.408341705642606
111.20389986038208,724,17,1.9173057324405025,0,16.3253737143173
111.37136101722717,725,17,2.4288883813770683,0,16.167473055559114
111.64538598060608,726,17,0.787028209677382,0,16.209507070908497
111.96125197410583,727,18,2.4652655609715155,0,16.25126249034377
112.16882181167603,728,18,1.8264164462465302,0,16.33756147729894
112.33769178390503,729,14,2.661906824120917,0,16.199004226420087
112.49977087974548,730,13,2.6578785228480726,0,15.753192741813503
112.68141579627991,731,14,2.970629519454261,0,15.130613849417042
112.9075858592987,732,15,0.9764535101604985,0,14.613804611314976
113.18138694763184,733,15,3.444201204417899,1,14.267008065986904
113.44775867462158,734,15,7.7387381092772864,2,13.918567243390594
113.63321685791016,735,13,2.6318881291174567,0,13.591523411874597
113.91501593589783,736,15,5.847068486772432,2,12.931069591223803
114.14177775382996,737,14,2.668183892530313,0,12.593735695126497
114.32080888748169,738,15,0.9521984403810463,0,12.317949013928057
114.48887395858765,739,15,5.002750095917376,1,12.168131602218807
114.65447497367859,740,16,3.881608007662528,1,11.866671355952455
114.80948400497437,741,14,8.208111077528647,2,11.990997608288417
114.96859788894653,742,15,4.570529564184699,0,11.818993513123658
115.12173986434937,743,14,3.185509430313509,0,11.688303751931677
115.27652287483215,744,15,0.9873421226019302,0,11.449885190358238
115.4329469203949,745,14,3.895464464881519,0,11.3216732401376
115.58165383338928,746,11,2.7830474015175675,0,11.2531678445527
115.72416877746582,747,16,5.439808141391132,1,10.798012899469057
115.86627984046936,748,15,4.667604352386513,0,10.88760682161486
116.01749777793884,749,15,2.592177618155958,0,10.951296617044804
116.16741585731506,750,16,0.9025501261731714,0,11.110697277358632
116.31483697891235,751,16,4.592053882031418,0,11.480527123622238
116.45627188682556,752,16,4.344862077393662,1,11.874382381329859
116.63860177993774,753,17,2.1663655085147857,0,12.185272808598285
116.8251440525055,754,16,1.7899332248935884,0,12.464575014050496
116.96893382072449,755,14,2.599670383068438,0,12.874083152205735
117.12508988380432,756,15,1.0095654328656052,0,13.080153449391684
117.26739573478699,757,14,2.3840497396148943,0,13.413967656022212
117.41320705413818,758,12,2.1260480789313765,0,13.659657256518646
117.55584478378296,759,14,4.774593656302952,1,13.720791472377396
117.79802393913269,760,13,2.8226581360527945,0,13.926437454741162
117.95262002944946,761,14,4.517055461926827,1,13.985450448423556
118.09709286689758,762,14,0.9889544582900496,0,13.863924259873746
118.24498081207275,763,13,1.979639132929551,0,13.82107595031826
118.38748574256897,764,15,3.9429907143478675,0,13.681431982031606
118.53856682777405,765,14,3.2054440910621715,0,13.676891239224107
118.6904649734497,766,17,5.617716441926917,1,13.567992769642274
118.83390474319458,767,15,2.8579798116034714,0,13.769679114703209
118.9740080833435,768,16,0.9526538253900267,0,13.759367692265343
119.12119698524475,769,17,2.277551562506252,0,14.014653495060113
119.26298379898071,770,14,2.8769178508778177,0,14.128117038212238
119.40331268310547,771,15,3.080716604757953,0,13.926749757167629
119.54409384727478,772,15,2.367498681255633,0,13.827293101201843
119.68646502494812,773,16,3.9126100732047653,1,13.806573339844412
119.82752203941345,774,17,1.1414447653484359,0,13.888969004969958
119.97057485580444,775,16,2.521887617200105,0,14.153503561119724
120.11010575294495,776,16,2.3027678635318756,0,14.314185045966884
120.25378680229187,777,14,3.336827246161141,0,14.476149689962241
120.39399790763855,778,14,3.184379124723437,0,14.348201254729927
120.5375349521637,779,15,2.6257688311193976,0,14.220891663903503
120.68147993087769,780,15,0.8489713113514313,0,14.198645289290177
120.82612776756287,781,15,2.2584572581509295,0,14.174851103410013
121.01184678077698,782,15,2.265306979367928,0,14.329243460375219
121.17748880386353,783,16,2.520672244202415,0,14.31106642114736
121.344477891922,784,17,2.5093859178545292,0,14.594012408413777
121.48807692527771,785,16,2.2295593836077363,0,15.000962502347724
121.6304497718811,786,17,0.7739712217780224,0,15.307360896070112
121.80846285820007,787,17,2.4234805707797813,1,15.736440787347988
121.95145893096924,788,16,2.039277329965019,0,16.26331494259608
122.09439992904663,789,15,2.4961194109710316,0,16.68590131571828
122.23644685745239,790,14,2.516992151652804,0,16.6167106800484
122.37809991836548,791,16,2.688418606810958,0,16.327356078305595
122.5177857875824,792,16,0.8728624328003839,0,16.3623296843013
122.65866374969482,793,15,2.4361952004725396,0,16.490033273430985
122.79983377456665,794,15,2.167973565993014,0,16.49519008804959
122.94322490692139,795,16,2.891016251089359,1,16.4979472468128
123.08639478683472,796,16,2.557458555809322,0,16.42542993325771
123.22387671470642,797,14,1.8492021349793542,0,16.530883525843723
123.36278295516968,798,14,0.6475861615644851,0,16.302115054267073
123.50681495666504,799,14,2.3926620682162785,1,16.16569776265972
123.6481237411499,800,14,1.675719204188389,0,16.031887511701235
123.78938174247742,801,14,3.074480976018892,1,15.99306811596989
123.92984175682068,802,15,2.8136074961595465,0,15.77749186162752
124.07564783096313,803,15,2.619432513822179,0,15.772419709748846
124.21626591682434,804,15,0.9373600786753847,0,15.674810922061287
124.356773853302,805,15,1.7102513383523021,1,15.665610667080454
124.49758195877075,806,15,4.538438964670927,1,15.564157573410835
124.63893866539001,807,17,2.6723632906511305,0,15.18111410898982
124.77998995780945,808,15,1.9737043353227097,0,15.483991382578363
124.9213387966156,809,15,2.088800192508223,0,15.453142058924616
125.06452298164368,810,16,0.7476870748761627,0,15.422218990505577
125.20741081237793,811,14,2.5491705447324717,0,15.604853104947624
125.34802198410034,812,14,2.2887983061595953,0,15.549024487001837
125.4908218383789,813,14,3.0093690872957066,0,15.500796227246378
125.64508581161499,814,13,2.0110987733662054,0,15.554089862153756
125.7861340045929,815,14,2.2303007231259366,0,15.400601773099833
125.92781186103821,816,15,0.7358295309760142,0,15.189828391684514
126.06729078292847,817,14,1.889676250779225,0,15.193881554911902
126.20571494102478,818,15,2.313931244009592,0,14.981992699621483
126.34635281562805,819,13,2.025838367021789,0,14.699945577930745
126.4853527545929,820,15,3.1407759028209927,2,14.353346157902736
126.6261990070343,821,15,3.033192732391202,1,14.16222342673576
126.76766991615295,822,15,1.0546776390538963,0,14.057207464624742
126.90939784049988,823,15,1.8350344183581417,0,13.94821122273104
127.04904794692993,824,15,5.933999947595548,2,13.742277591438071
127.18999481201172,825,15,3.102213829649364,0,13.71533299891945
127.33100485801697,826,14,2.2578673041536725,0,13.594842185779228
127.47235608100891,827,13,2.3658930439755252,0,13.629676062256568
127.6133759021759,828,13,0.6596890753035497,0,13.366482024839364
127.75796604156494,829,14,2.3468795267943023,0,13.202981925872798
127.8967809677124,830,13,1.7961149445379112,0,13.267059997978599
128.04008293151855,831,14,4.36804064503749,1,12.936606221307375
128.18164086341858,832,13,2.192204514670661,0,12.825519363196431
128.3226239681244,833,13,1.9422629918673495,0,12.595355875719633
128.4621229171753,834,13,0.6907787715544367,0,12.467069389563818
128.60130286216736,835,15,3.7731630092884636,1,12.444684100064755
128.74236679077148,836,12,0.9600967596357705,0,12.586091764523015
128.88178181648254,837,14,1.7847750168474428,0,12.363711034241057
129.02191996574402,838,14,5.011973995619762,1,12.208432845258095
129.1646010875702,839,14,1.8427824589866864,0,12.051239145780293
129.30655789375305,840,14,0.5564925879542397,0,11.990247593425764
129.4476490020752,841,14,1.4115176832174856,0,11.932854595804287
129.58839297294617,842,14,1.3790893871446508,0,11.878935123441643
130.5829906463623,843,12,1.3364454910468824,0,11.575129399633774
130.72921085357666,844,13,2.768508642648539,0,11.377917055043909
130.87027502059937,845,13,2.76272241790059,0,11.457573743790618
131.01064085960388,846,13,1.0171164351317552,0,11.448138589806547
131.14863991737366,847,13,1.6392925638810822,0,11.546841466179103
131.2869348526001,848,13,4.572138749006219,1,11.654414927991972
131.42848300933838,849,13,1.7030961797658035,0,11.676848364975264
131.56842184066772,850,13,1.6834325218130066,0,11.616404299006582
131.71014189720154,851,12,1.312534173432188,0,11.472523661819274
131.85148286819458,852,12,0.4719376540494956,0,11.380299956279167
131.99301886558533,853,12,1.233744334002096,0,11.303099568765013
132.13185095787048,854,12,1.2879087035937458,0,11.154013344349032
132.26999807357788,855,12,1.049257502690909,0,11.017677730313423
132.4081768989563,856,12,1.5753323242294366,0,10.97843540370291
132.5478310585022,857,13,1.8049223773195848,0,10.951622632172452
132.6870367527008,858,13,0.6545455779997523,0,10.893015157208382
132.82904982566833,859,13,0.978554053066351,0,10.836295235038271
132.9702649116516,860,12,1.3421753094725022,0,10.782758052623372
133.11328673362732,861,12,1.437224193620477,0,10.612175189600336
133.25230479240417,862,11,1.7768427441881605,1,10.450623365642336
133.39236783981323,863,10,1.4593044744524093,0,10.260037024952922
133.53231692314148,864,10,0.5528865290843217,0,9.967761489602502
133.67264366149902,865,10,1.8218239243555687,0,9.6937508132146
133.80927085876465,866,11,1.7837230102997836,0,9.43896376014498
133.964910030365,867,11,1.8395898666701551,1,9.306931182187547
134.11094498634338,868,12,1.2292838170431797,0,9.351749467523447
134.25197577476501,869,12,0.8592877599383884,0,9.36916088409155
134.39920091629028,870,12,0.3028649891361586,0,9.392094749715234
134.53708577156067,871,12,1.1278761505354806,0,9.506888175076206
134.67540979385376,872,12,1.161839282216356,0,9.472335954302075
134.81952285766602,873,12,1.144423499643966,0,9.440464093537308
134.9659707546234,874,12,1.1549663151476475,0,9.412919230814062
135.10554480552673,875,12,1.3419250088884815,0,9.313443208156478
135.2444977760315,876,12,0.4964563007254311,0,9.296157466412971
135.3837707042694,877,12,1.0885247436142058,0,9.364279905498073
135.52287888526917,878,12,2.04403395298675,1,9.359695162350498
135.66415190696716,879,12,1.4083090164735907,0,9.440753060120812
135.80646777153015,880,11,1.8324698213870838,1,9.366203618033893
135.94645500183105,881,12,1.7109765058622994,0,9.350496816054054
136.08651781082153,882,12,0.572956580646539,0,9.455615467267911
136.22443985939026,883,12,1.6008217848448456,1,9.571081549438134
136.36495304107666,884,11,1.067472113955718,0,9.695663593255333
136.50354981422424,885,13,1.4416714445379128,0,9.722560528293087
136.64190983772278,886,12,1.6359561300993544,1,9.98087501035993
136.78444004058838,887,12,1.412548738272919,0,10.050614801266164
136.92583966255188,888,12,0.4878047984245775,0,10.039502284605682
137.0645627975464,889,12,1.0195208647845622,0,10.03132616827687
137.20380687713623,890,11,1.0874247716857992,0,10.11597441263843
137.34450507164001,891,11,1.2884916906769714,0,10.005323035727315
137.4835329055786,892,12,2.6951923021819537,1,9.992921364484893
137.6229739189148,893,12,1.3226656140449033,0,10.00841549945956
137.76465392112732,894,12,0.4534855641451428,0,10.02635239677464
137.90416193008423,895,12,0.9488233064344038,0,10.047996080573654
138.0520088672638,896,10,1.2373568559599486,0,10.27115771151011
138.19130682945251,897,11,2.414295016838318,1,9.976510214961202
138.33318281173706,898,11,1.6938114422576902,0,10.005577944995622
138.47412776947021,899,11,1.4604608189751185,0,10.048115654497906
138.61289191246033,900,11,0.5360699482260056,0,10.105171716940138
138.75477766990662,901,11,1.8828923383196512,1,10.176576584167822
138.89791774749756,902,12,2.0009551836136703,0,10.263952495200975
139.04021883010864,903,11,1.3762425254117157,0,10.493793699696166
139.1843650341034,904,11,1.6415333220247104,0,10.401495855639737
139.3221719264984,905,11,1.7342400405007306,0,10.409030054245697
139.46055698394775,906,11,0.5448079891926353,0,10.423717576771384
139.59976291656494,907,10,1.5110059292906168,0,10.44554059459242
139.73863863945007,908,10,1.6618371001491996,0,10.350072795845744
139.88073182106018,909,10,1.4128879437919177,0,10.2651558385049
140.0191810131073,910,9,1.4610659389551248,0,10.191740707836466
140.1589229106903,911,10,1.504484868083778,0,10.004585197681493
140.29756999015808,912,10,0.5249276840851433,0,9.86177159868111
140.43800902366638,913,10,1.514283151095551,0,9.725959495913305
140.5756847858429,914,12,2.004558051288687,0,9.597989595078015
140.7149407863617,915,11,1.6194980211142451,0,9.72573078962295
140.8531939983368,916,12,1.0350368807833346,0,9.72918116100674
140.99151992797852,917,11,1.4104656827377267,0,9.86048075673207
141.13163781166077,918,13,0.5089059893190714,0,9.962427925167823
141.27120876312256,919,12,0.9729974476236091,0,10.32066090149424
141.4101939201355,920,14,2.506027743602559,1,10.554825907714122
141.55004596710205,921,12,1.274535740514687,0,10.946098015895558
141.688579082489,922,10,1.3254455280917246,0,11.081521520174283
141.82947182655334,923,10,1.7556324352197061,0,10.872476074440911
141.97106790542603,924,11,0.6308851010265745,0,10.571030573555483
142.11131477355957,925,13,1.988062089989234,0,10.393844926198826
142.25029397010803,926,12,1.4715476829424745,0,10.462266235386542
142.39039087295532,927,12,1.462705819075209,0,10.490528164868476
142.53125286102295,928,11,1.6882377935180428,0,10.51552768552713
142.6710069179535,929,11,1.191299005569702,0,10.507951072044968
142.8081648349762,930,11,0.4211223847142928,0,10.504313719731439
142.9466998577118,931,10,2.0566517859023676,1,10.504214302153423
143.0850007534027,932,11,1.307727981505721,0,10.383023976255272
143.22417569160461,933,10,1.8169835438643183,0,10.393795406818562
143.3677659034729,934,10,1.5926075252467364,0,10.283002736252243
143.50823974609375,935,9,1.331655176916515,0,10.179840931497111
143.64662981033325,936,10,0.48065948152329163,0,9.959319669050487
143.7882947921753,937,11,1.2223084962825501,0,9.874271168802856
143.92866587638855,938,12,1.2431327053111814,0,9.92173270766061
144.07289695739746,939,13,1.6039506482970818,0,10.097488990343884
144.21338081359863,940,12,1.5915497987047844,0,10.399251440314577
144.35333704948425,941,11,1.9547855849284277,0,10.476603429196143
144.49375295639038,942,12,0.7162603400699542,0,10.520638149414651
144.6444127559662,943,11,1.2687843012937259,0,10.693034107490766
144.78625893592834,944,11,1.139333907810218,0,10.740872835855582
144.9260196685791,945,11,1.3122159394817083,0,10.696699384619523
145.0648066997528,946,11,1.2094195993380898,0,10.844191766715
145.20679688453674,947,11,1.4608283500330044,1,10.903120835969984
145.3459358215332,948,11,0.510626739115776,0,10.965772223763237
145.48746180534363,949,9,1.1212894229501869,0,11.032027124765367
145.62517189979553,950,10,2.124701512024338,1,10.850926821723528
145.7649519443512,951,10,1.3536439750116183,0,10.710738372592228
145.90420293807983,952,10,1.8135059806992864,1,10.574298685117231
146.04257774353027,953,9,2.515702699580887,1,10.537397677201803
146.18330073356628,954,9,1.013809594760941,0,10.382449709639301
146.32702374458313,955,9,1.5044512781190058,0,10.238284896122682
146.46673583984375,956,9,1.8499793063989236,0,10.105336725053702
146.60638999938965,957,11,6.179081644936177,1,9.79217270166826
146.74767208099365,958,11,2.2278731010972344,0,9.829035827074946
146.8874068260193,959,10,2.455251410694769,0,9.866116512795749
147.02872800827026,960,10,0.8725285920578147,0,9.777613772769833
147.1708447933197,961,9,1.9523315650281174,0,9.692688838275952
147.3115508556366,962,8,0.8368227545857458,0,9.486217622471333
147.4515199661255,963,9,4.189734839782973,1,9.257330337444618
147.59794569015503,964,9,1.124028084830103,0,9.072272511612304
147.73764181137085,965,10,3.8056139624577368,1,8.895874059543772
147.8770649433136,966,10,0.9263031263960787,0,8.852456014883561
148.01844096183777,967,10,1.6050239040829328,0,8.812292692148489
148.15829992294312,968,10,1.9615603935286972,0,8.680972434827062
148.2995719909668,969,10,1.7376541445694274,0,8.549380223386898
148.44342875480652,970,11,1.7825684553234888,0,8.417424441183677
148.58260488510132,971,11,2.071668985255416,0,8.316970476865215
148.73322701454163,972,12,0.6255499102883892,0,8.301320890057198
148.873539686203,973,10,1.5081704464942005,0,8.410724154572321
149.0133707523346,974,13,4.612603811565655,1,8.261836701972747
149.15655970573425,975,11,1.2568115986805313,0,8.678317734071925
149.29537677764893,976,12,1.4268798243065708,0,8.746125868693959
149.43628478050232,977,13,1.2898320762659907,0,9.033490907243703
149.58005285263062,978,13,0.45520423912507935,0,9.350351474266933
149.72020983695984,979,13,3.209927956311518,1,9.850480425540447
149.86136603355408,980,13,1.5694644955659816,0,10.254987232120465
150.00232076644897,981,13,1.78940672018997,0,10.845534180539186
150.14459800720215,982,12,2.077771344978303,0,11.249444282281594
150.2906837463379,983,10,2.0295419180722223,0,11.334691039913533
150.4325349330902,984,10,0.7273355561813772,0,11.16189363962149
150.57656288146973,985,9,1.257295132238754,0,11.084262067090211
150.7178077697754,986,11,1.9136101119634465,0,11.0747788989937
150.85782194137573,987,11,2.3811084667352542,0,11.235468722026134
150.9971649646759,988,12,2.2185579761019927,0,11.399592071807271
151.26354575157166,989,15,3.1496677157387336,0,11.609816350313778
151.43900179862976,990,15,0.6939083012696977,0,12.200235820930379
151.60723686218262,991,14,1.5011081513936537,0,12.776335943153
151.76983284950256,992,14,1.809390481589379,0,13.108852693141849
152.35774087905884,993,14,1.965001193928849,0,13.63706671707667
152.5025930404663,994,14,1.7630107965297839,0,13.947140917407566
152.64444279670715,995,13,1.1522161318632664,0,14.232730447813545
152.78618478775024,996,13,0.42948737144556765,0,14.258290928681177
152.92473077774048,997,14,4.2076183685867505,1,14.364098438466101
153.06617784500122,998,13,1.8742660270834173,1,14.68959921744176
153.21446084976196,999,13,1.7013104919441817,0,14.957362883801679
153.35519003868103,1000,12,1.4735152070616868,0,15.304940332067979
153.4959259033203,1001,12,2.249603488612537,1,15.423216148845
153.6331489086151,1002,12,0.5527929224111982,0,15.449585651734047
153.7727279663086,1003,13,1.4983779113425437,0,15.564043964647468
153.9130847454071,1004,14,3.2835299417916906,1,15.71716953936349
154.05848789215088,1005,14,1.695928814200543,0,15.990718347340817
154.20036506652832,1006,15,1.4937035717904932,0,16.249218719543222
154.3421790599823,1007,15,2.551119205829295,1,16.61891126785882
154.48652267456055,1008,15,0.902168942735354,0,16.972340543329977
154.62981390953064,1009,15,1.7929939560721533,0,17.30855336729762
154.7772958278656,1010,14,1.6597173602479365,0,17.462368814781186
154.91835474967957,1011,15,1.7085161643653104,0,17.55626988603396
155.05714583396912,1012,15,1.919802786748173,0,17.755777627278718
155.1975920200348,1013,15,1.6756997001961185,0,17.93977243749184
155.33978176116943,1014,15,0.6015105428880015,0,18.02556141712708
155.48131489753723,1015,15,1.3889696918365935,0,18.09231012185157
155.62288570404053,1016,14,1.5230500638122368,0,18.140590646908308
155.76487803459167,1017,14,1.4717547312829944,0,18.05550079330891
155.90987181663513,1018,13,1.5374579194604505,0,18.123563709707227
156.05191278457642,1019,15,1.7187326256046738,0,18.06696898744856
156.19028973579407,1020,16,0.5771705431111417,0,18.149668858414273
156.33222484588623,1021,17,1.5881665298519572,1,18.333198486677034
156.473571062088,1022,15,1.6717387075615437,1,18.52795816732801
156.61412978172302,1023,15,1.8399703598959505,1,18.38813883127814
156.75999879837036,1024,15,1.7731279439904837,1,18.312955842043536
156.90245294570923,1025,14,1.9924841900817254,1,18.21691376316174
157.04307198524475,1026,14,0.7243344410441255,0,18.072616790794882
157.18298888206482,1027,12,2.434073536714877,1,17.91617688797743
157.32343864440918,1028,12,1.6707689169292648,0,17.524206116532625
157.46390867233276,1029,13,1.580539143012765,0,17.126131553382642
157.60484766960144,1030,13,1.3520646807759265,0,16.833106131429737
157.7468979358673,1031,13,4.129451374807615,3,16.615635734585773
157.88883185386658,1032,13,0.9833474409747186,0,16.39103650236367
158.02977585792542,1033,13,2.877050430191687,1,16.245380830050458
158.17069578170776,1034,14,2.1435872003059466,1,15.921363784647738
158.3111617565155,1035,14,1.3237408919141287,0,15.961404837322632
158.45420002937317,1036,15,2.6069543518566527,0,15.821930402786805
158.5962438583374,1037,15,1.66645674040056,0,15.87299737698379
158.73599672317505,1038,15,0.6374388457461722,0,16.00454863154056
158.87989497184753,1039,14,2.082917800781002,1,16.132279798814015
159.02356386184692,1040,14,0.92526001980109,0,16.14114758758731
159.16813373565674,1041,15,3.117975149910717,1,16.147592968306164
159.3100028038025,1042,16,1.6279723654711762,0,16.265797301070844
159.452241897583,1043,16,1.8962704683760485,0,16.39871957229556
159.5936267375946,1044,16,0.7054114936844516,0,16.323244191508987
159.73578190803528,1045,16,1.5676700728526682,0,16.222667417687127
159.87936878204346,1046,16,1.4810793193446066,0,15.995549347686723
160.0203788280487,1047,16,1.929753871742447,0,15.93792426715355
160.16147875785828,1048,15,1.6464269831077833,0,15.857986965890909
160.302503824234,1049,15,1.1322075932626487,0,15.739271089412815
160.44277787208557,1050,15,0.40497860999849494,0,15.920122522653791
160.58645701408386,1051,15,1.5264792571515624,1,16.10415843341929
160.72776293754578,1052,13,0.9409826836458215,0,16.18510176948473
160.86905980110168,1053,12,1.448690742396205,0,16.014299803298897
161.0141999721527,1054,11,2.251651369291258,0,15.707485287806993
161.1572699546814,1055,12,2.151019083419434,1,15.28255284265397
161.29800486564636,1056,12,0.775277595429192,0,14.898075697857031
161.43869376182556,1057,13,1.5510443854137048,0,14.517504892355367
161.57897186279297,1058,14,2.0148481607149917,0,14.360047953751815
161.72383570671082,1059,13,1.801389721684768,1,14.235996203191302
161.86438179016113,1060,12,2.1707691069879536,1,13.9838552192587
162.00318479537964,1061,12,2.020376037746642,0,13.512793084894634
162.14365100860596,1062,13,0.6850720181849481,0,13.04193520175205
162.2836558818817,1063,15,1.1109501480743684,0,12.695236559168247
162.42556881904602,1064,13,1.4203709605989263,0,12.687797285171289
162.56716990470886,1065,12,1.7176121868877523,1,12.519262334445155
162.70864486694336,1066,12,1.4533852270391,0,12.23014750985918
162.85045385360718,1067,12,1.6299106930454041,0,12.043072645972806
162.99226999282837,1068,12,0.5665487523336067,0,11.866908414021339
163.13208293914795,1069,12,1.3375753057906687,0,11.702220110041722
163.27330875396729,1070,13,1.4057315694841923,0,11.548166643610386
163.41336584091187,1071,11,1.7657445222704398,0,11.435189696581197
163.5535397529602,1072,11,1.7076194228522101,1,11.171891717867062
163.6946358680725,1073,12,3.138992167581612,1,10.922846146095289
163.83905577659607,1074,12,0.7247039061446813,0,10.811496619934509
163.98263692855835,1075,12,1.6078220966651744,0,10.71141889385936
164.12586903572083,1076,12,1.5196378296072661,0,10.62244497953666
164.26642990112305,1077,13,1.7420038030366864,0,10.450499697896177
164.4065818786621,1078,12,1.62311601173624,0,10.410437756760537
164.54579091072083,1079,12,1.5298875507852505,0,10.15537225658155
164.6862177848816,1080,12,0.5666320086390059,0,10.0928999628484
164.82821702957153,1081,13,1.248241468062247,0,10.135426168413076
164.96835589408875,1082,14,2.1497176815922923,1,10.412367423254324
165.10808181762695,1083,14,2.074648700238415,0,10.638630648776846
165.25278687477112,1084,13,1.9447174424789697,0,10.867045476422824
165.39510583877563,1085,14,3.1178652761470893,1,10.975858009488334
165.53574776649475,1086,13,0.6960681595973662,0,11.122097319606226
165.67565989494324,1087,12,1.7066449127243923,0,11.144026973469167
165.8161017894745,1088,13,1.9413154089279037,0,10.855375778549188
165.95665574073792,1089,12,3.1377470885800274,1,10.690837141353214
166.09883904457092,1090,13,1.9571635919810288,0,10.492554468264323
166.23876881599426,1091,13,2.8062787085835894,0,10.42286294548348
166.3800048828125,1092,13,0.865581833466602,0,10.352671648299001
166.52109098434448,1093,10,2.556835253577402,0,10.282503592988384
166.6604518890381,1094,11,3.2263129715218413,1,9.839752483436534
166.80094385147095,1095,11,2.180406608565874,0,9.626747134225099
166.94295978546143,1096,12,3.473577604796647,1,9.423912805212552
167.08213090896606,1097,12,2.275333004148183,0,9.452706775347892
167.22203493118286,1098,14,0.7944339912885603,0,9.492089012250148
167.36158680915833,1099,14,2.5214517241173127,0,9.791160145732675
167.50316286087036,1100,14,2.30104806106091,0,9.998094641858842
167.64534974098206,1101,13,2.707341537138575,1,10.205158209143093
167.7861659526825,1102,13,2.957424693651711,0,10.383682196416665
167.92594575881958,1103,12,3.2407968978198842,1,10.6650123080503
168.0669288635254,1104,12,1.115682393785015,0,10.83260481178771
168.207133769989,1105,10,3.1086855362723824,0,11.01512074598265
168.34781193733215,1106,12,3.077492991093685,0,10.963292815007009
168.48701572418213,1107,13,2.9816561527133647,0,11.182570122346728
168.62823176383972,1108,13,2.8161180772338126,0,11.540713871032462
168.7679009437561,1109,12,7.1628247748639495,2,11.815064812465014
168.90775275230408,1110,12,1.7267424485082794,0,11.972338508793849
169.04971075057983,1111,12,2.319479586652403,0,12.140667961986523
169.19259595870972,1112,13,3.325780625655406,0,12.320027398043234
169.33406472206116,1113,12,2.2221726981223915,0,12.444628489476873
169.47916889190674,1114,11,2.664581030187161,0,12.349256604149627
169.6199779510498,1115,13,4.137532687726236,1,12.033752399526811
169.76288104057312,1116,13,1.058178895895421,0,12.063146269538464
169.90673995018005,1117,13,2.0537827386884766,0,12.088874977494495
170.05108094215393,1118,13,2.355206133456699,0,12.206300558755043
170.192941904068,1119,10,2.847778347405208,0,12.41924383926289
170.334214925766,1120,12,4.480002876717596,0,12.165071948841184
170.47468376159668,1121,11,4.080083470790839,0,12.077013246678757
170.61497974395752,1122,12,1.4814198722205227,0,11.863911510122739
170.7581548690796,1123,11,1.8868376448831479,0,11.874671970003323
170.9009656906128,1124,9,2.103574841002341,0,11.954684362950314
171.0579650402069,1125,11,4.074778056450589,1,11.607477738494197
171.20160365104675,1126,12,2.3819945551483963,0,11.430401682947533
171.3408179283142,1127,10,5.469564094027649,1,11.383178220998493
171.48081469535828,1128,11,0.9765494093336083,0,11.08492056261074
171.6201798915863,1129,11,3.004908175175662,1,10.919907301528106
171.7649667263031,1130,12,2.2919415201253273,0,10.757907879539893
171.9077398777008,1131,10,3.6511732431020683,1,10.820496720267336
172.04938793182373,1132,12,3.918674881377653,1,10.445863357005415
172.19253396987915,1133,11,2.521004807189155,0,10.325454368159775
172.33689904212952,1134,11,0.8877927787744444,0,10.171047297141094
172.47900891304016,1135,11,1.6409924639617812,0,10.02106726679849
172.62026071548462,1136,13,1.791271754748794,0,9.875221390498368
172.7592430114746,1137,11,2.720476351434361,0,9.984211605098324
172.90268182754517,1138,11,2.4833929513777804,0,9.932753268666225
173.04359698295593,1139,12,2.683007885207799,0,9.794549095551133
173.1837067604065,1140,12,0.863399902215236,0,9.785166929922411
173.32515668869019,1141,12,2.272711886710364,0,9.775325470406763
173.4642608165741,1142,11,2.3983934100507986,0,9.860625860149192
174.37593984603882,1143,12,12.029412334191242,1,9.748131311054713
174.51992082595825,1144,13,3.575618176047447,0,10.001349970722217
174.65976190567017,1145,12,2.8983887031360966,0,10.301170269459885
174.80284881591797,1146,12,1.0016901272041767,0,10.539577515232033
174.94375276565552,1147,12,1.6302937823831198,0,10.680339210946467
175.08439588546753,1148,12,1.8353363806134344,0,10.724752869384126
175.22314190864563,1149,11,2.333993243867564,0,10.860188276157508
175.36183381080627,1150,12,3.9472747526474197,0,10.766423136576257
175.5004758834839,1151,12,4.248545814030843,0,10.902871328173294
175.63962578773499,1152,12,1.4004980456311986,0,11.038360279801111
175.78020787239075,1153,12,2.1320777373438737,0,11.17316122987013
175.9192578792572,1154,11,2.203760281668395,0,11.046415469189117
176.05976581573486,1155,10,2.7871064099332785,0,10.874442064161268
176.1987566947937,1156,11,6.0389809227140745,1,10.580535533045094
176.34131789207458,1157,11,3.647663773414536,0,10.503801929175786
176.48132491111755,1158,11,1.2254237105255477,0,10.431598994188047
176.62152981758118,1159,11,3.2071417098242128,0,10.530383252116657
176.7629828453064,1160,11,3.2869435944446725,0,10.63692456881122
176.9036648273468,1161,11,4.4143651734716185,0,10.751477841795438
177.04140281677246,1162,11,5.151331973861868,1,10.792125433113519
177.18071794509888,1163,10,3.520325013683553,0,10.838373687091202
177.3210198879242,1164,10,1.1950655163050214,0,10.69269967237607
177.46072793006897,1165,11,3.1986150996699227,0,10.555016734480855
177.60144472122192,1166,11,4.4779310489174,1,10.377378606135224
177.74072909355164,1167,12,4.512900847997843,0,10.359330183531263
177.87785291671753,1168,11,4.734170944267045,0,10.538475933000232
178.01438093185425,1169,10,4.790577570667153,0,10.606623415277223
178.15854287147522,1170,10,1.3410207707739634,0,10.48720101728393
178.301424741745,1171,10,2.8941774094694575,0,10.374647445552462
178.4411120414734,1172,9,3.309495148952492,0,10.269093032998967
178.5824019908905,1173,12,7.23786257604601,1,10.140376029972735
178.72746801376343,1174,13,8.412434519305503,1,10.274775307783141
178.86888599395752,1175,13,5.083843395996715,1,10.437860923597828
179.01022100448608,1176,13,1.7848072665027284,0,10.757912607772347
179.1553966999054,1177,13,4.298087837359948,0,11.078083350843166
179.29552483558655,1178,14,4.300044389597123,0,11.399257552963793
179.43756103515625,1179,14,3.311364663616226,0,11.831379016408622
179.57875180244446,1180,14,3.2779948678045487,0,12.010762055670607
179.72068285942078,1181,14,3.301895840255351,0,12.345818974094822
179.85977697372437,1182,14,1.1578176912507296,0,12.591045902304234
179.99907779693604,1183,14,2.135989694451273,0,12.913333527710535
180.1393756866455,1184,15,2.658690189791661,0,13.145404856139873
180.2822289466858,1185,14,4.38305600552033,0,13.305855874516066
180.42363286018372,1186,13,8.378182716376141,1,13.511292486579773
180.56559896469116,1187,13,3.5495535306266657,0,13.686340972360604
180.70744967460632,1188,14,1.1160449678264672,0,13.681778585252431
180.85019898414612,1189,15,3.643416291568879,0,13.86915638695368
180.99378085136414,1190,14,2.6773574812893264,0,14.16131425838811
181.13700079917908,1191,13,2.149226216516464,0,14.423608923194095
181.28698682785034,1192,14,3.8901289732160773,0,14.383477267602878
181.43089389801025,1193,14,2.9333600286711743,0,14.635586233263176
181.5726728439331,1194,14,0.9617953853406832,0,14.788137141870521
181.71524095535278,1195,14,2.525944896791354,0,14.932969767543511
181.86101484298706,1196,15,2.3755909983208006,0,15.070816596440231
182.00449776649475,1197,16,2.0193409542472147,0,15.521560295752465
182.14785289764404,1198,16,3.1257730290150523,0,15.888555540796311
182.29075574874878,1199,15,3.290221003468553,0,16.24482598200823
182.43374490737915,1200,15,1.1840426601151535,0,16.577178995792906
182.57535481452942,1201,13,2.1143056814700945,0,16.907622788066377
182.71539187431335,1202,15,2.421459462032185,0,16.988241930422575
182.85893988609314,1203,12,3.1344837913594388,0,17.208035417424412
183.00592470169067,1204,14,2.8757397195043235,0,17.08174130940587
183.14727592468262,1205,14,2.222800266062124,0,17.29802045199591
183.28776597976685,1206,14,0.7864777538265699,0,17.415231347137563
183.4304497241974,1207,14,3.208011825042699,1,17.526001542562796
183.57453179359436,1208,13,3.000979939241026,1,17.62998067909527
183.71436595916748,1209,12,2.437857839707822,1,17.59882395827094
183.85450387001038,1210,12,2.8798686275487255,1,17.345312497418092
183.9997959136963,1211,12,2.9925967971464473,1,17.18582773471897
184.1489007472992,1212,12,1.0606576091803344,0,17.028009703117803
184.28562688827515,1213,12,1.569597405806315,0,16.864005576017476
184.4306468963623,1214,12,2.4727911484210536,0,16.704734422966155
184.5738627910614,1215,13,2.847167491482433,0,16.450441540560526
184.713928937912,1216,12,1.9306111712726326,0,16.22229597368066
184.85563802719116,1217,13,5.194560219092296,1,15.953956119725866
184.99898076057434,1218,13,0.8214596359375675,0,15.807558760664001
185.1418159008026,1219,14,5.277917844394781,1,15.653881955532576
185.28200387954712,1220,14,5.690566846839573,1,15.61690681430246
185.4247808456421,1221,11,2.612155362198009,0,15.569974413776634
185.56633281707764,1222,12,3.872061237993678,1,15.138896419584537
185.7071738243103,1223,11,2.5123583931202895,0,14.832551843597955
185.8500509262085,1224,11,0.8866237182152841,0,14.305265444304297
185.98937797546387,1225,11,1.9189054117710227,0,13.774320431927014
186.12950086593628,1226,10,2.5343989701309075,0,13.334485587906846
186.26920795440674,1227,10,2.3394376798093113,0,12.771282129617864
186.4085350036621,1228,10,3.5845296577277144,1,12.30616148618811
186.55060505867004,1229,11,8.082315647008803,2,11.754179167010829
186.69256901741028,1230,11,1.7922434006520012,0,11.234789320974635
186.83388376235962,1231,9,2.318249744890303,0,10.71198523650311
186.97354292869568,1232,9,2.309325668632152,0,9.938706603785462
187.11611080169678,1233,9,2.4078886765063356,0,9.073410230247205
187.2606337070465,1234,10,4.531731616164448,1,8.489385389901372
187.40016674995422,1235,10,2.6172537569383216,0,8.136770871363339
187.54182481765747,1236,12,0.9170979492705373,0,7.793753927116427
187.68233180046082,1237,12,2.510591169613091,0,7.709468279001456
187.82321405410767,1238,11,2.4023156659219427,0,7.628735102829637
187.96177792549133,1239,11,1.9016721207022305,0,7.52322785622556
188.10378074645996,1240,11,2.5731328322114964,0,7.426366997253666
188.2437388896942,1241,12,2.6715845861468286,0,7.341452647274281
188.3835906982422,1242,12,0.927090667577982,0,7.390874738962097
188.52226495742798,1243,12,2.526239558453222,0,7.4477828798715535
188.6652090549469,1244,11,3.306329766949783,1,7.50912690782188
188.80634689331055,1245,12,3.1032737729344313,0,7.550004566755646
188.9474160671234,1246,12,2.1094004655073877,0,7.634420624771124
189.08715271949768,1247,12,2.5280504379501396,0,7.631847804165986
189.23005199432373,1248,12,0.9326053210833039,0,7.631057821282866
189.37477779388428,1249,12,2.452078441184791,0,7.728303586291787
189.51646375656128,1250,11,2.9361702287029363,0,7.930224006505512
189.65895080566406,1251,11,2.8927900797335893,0,7.923649638923891
189.79912281036377,1252,11,3.6706436685866737,1,7.833935770688626
189.94027495384216,1253,12,3.2276786663446924,0,7.84668905294545
190.08000683784485,1254,11,0.9445735564582866,0,7.995432081960047
190.22036290168762,1255,11,1.6688979844851513,0,8.026885866217384
190.36081099510193,1256,12,2.2187029292412794,0,8.069276956905554
190.50182175636292,1257,12,1.485355454936583,0,8.342042906726604
190.6421890258789,1258,12,1.3526365071058857,0,8.721460476717496
190.7862958908081,1259,12,1.7229804262945507,0,9.114580923743596
190.93255972862244,1260,12,0.6033164207379448,0,9.427309175600207
191.07632994651794,1261,12,1.6288655162165961,0,9.752452173923075
191.2174928188324,1262,12,2.036569995056429,0,9.898833063676378
191.36170172691345,1263,12,1.744708675888581,0,10.239262692217451
191.50936603546143,1264,11,2.363475820266162,0,10.30422170520708
191.6502068042755,1265,12,2.904089784363993,0,10.43619652108718
191.7927598953247,1266,12,0.9945584321293995,0,10.70402449964708
191.93453574180603,1267,11,3.0007296882546455,0,10.979347510798732
192.07722687721252,1268,12,2.754592732632584,0,11.13680322351603
192.21788096427917,1269,12,3.0596891737362997,1,11.335012502235147
192.35960793495178,1270,13,3.086038999549748,1,11.441538582449388
192.50066995620728,1271,12,2.217003616967369,0,11.673112061470981
192.64160895347595,1272,13,0.7660709894177872,0,11.775856837626403
192.78273487091064,1273,12,2.40531500279223,1,12.003377627507883
192.92982292175293,1274,12,1.5076618883410569,0,12.102642675877195
193.07330775260925,1275,11,1.0107072679034195,0,12.201627407697972
193.21622395515442,1276,11,1.0333471586430825,0,12.270325989421679
193.35658288002014,1277,10,1.6273139986934175,0,12.251152679790419
193.499205827713,1278,10,0.6430759276192142,0,12.205763741234168
193.65827989578247,1279,11,1.622228233126817,0,12.172576865521798
193.80112981796265,1280,12,2.123801320494688,0,12.36853631391107
193.95089387893677,1281,11,2.430585369315898,0,12.701780943306154
194.11402583122253,1282,10,3.311514952152969,0,12.633425246280936
194.34539580345154,1283,9,3.347101142700456,0,12.541812035959348
194.50765800476074,1284,10,1.1998082481426218,0,12.21705949722289
194.65510177612305,1285,10,2.54493952674819,0,12.027815348707321
194.8001139163971,1286,10,2.78209470056864,0,11.843297010766477
194.95580792427063,1287,10,2.3845921088203608,0,11.569296022491137
195.09998488426208,1288,11,2.785513539339654,0,11.296135628050214
195.241370677948,1289,10,2.09379580756607,0,11.15320987046483
195.38190484046936,1290,10,0.7155858763287304,0,10.9742121187913
195.52381682395935,1291,10,1.4850223984638848,0,10.800211141937442
195.66773176193237,1292,10,1.4219945489270702,0,10.44421060092315
196.40673875808716,1293,11,2.0440890704743766,0,10.01474153307397
196.55135583877563,1294,9,1.8536882518538127,0,9.783761636950885
196.6895649433136,1295,10,1.5378877422548818,0,9.363047032853025
196.8282606601715,1296,10,0.5328822174056203,0,9.100660111850999
196.96901297569275,1297,10,1.9849437056801829,0,9.03190648100044
197.10964488983154,1298,10,2.1233394121143663,0,8.971281577987838
197.2511248588562,1299,11,2.784200122833003,0,8.827378259106744
197.38889384269714,1300,11,2.938115183882911,0,8.822972095469773
197.52731490135193,1301,11,3.398506766057233,1,8.817092060756572
197.66916680335999,1302,11,1.2339531065797704,0,8.896720115381306
197.81326985359192,1303,9,2.4499561135088075,0,8.976278475155581
197.9542829990387,1304,9,2.101170432820906,0,8.805450099709226
198.10116600990295,1305,9,2.17352870614205,0,8.56048142819455
198.2404978275299,1306,9,2.0774920555782597,0,8.412408557417415
198.38025498390198,1307,10,1.9443716685306494,1,8.275834280959721
198.5206437110901,1308,11,0.4384172823734387,0,8.27097168937064
198.6619257926941,1309,12,1.9100185335218485,1,8.391040085720476
198.80564880371094,1310,13,1.6371611542555617,0,8.62959940038236
198.9584038257599,1311,13,1.6144845051552712,0,8.897623164900956
199.10075187683105,1312,11,1.475600457967955,0,9.15784077702056
199.23966789245605,1313,12,2.1603177788665917,1,9.175131240394116
199.38413166999817,1314,13,0.7292810838926786,0,9.387369402688215
199.52431988716125,1315,12,1.8839914679343484,0,9.630982687143536
199.66588377952576,1316,11,2.0073945757152076,0,9.750499833028218
199.8083839416504,1317,10,4.836587541778296,2,9.832790384080333
199.9544599056244,1318,10,2.8926209144678316,0,9.803947528757334
200.09844589233398,1319,10,2.882850293953101,1,9.781774468375499
200.24085879325867,1320,10,1.0047014567270096,0,9.766166162725273
200.38490176200867,1321,12,2.203534227639751,0,9.756720242744752
200.52973103523254,1322,10,2.0481836449047566,0,9.976769545934495
200.6689510345459,1323,10,1.4743740642424172,0,9.974043744243914
200.81043767929077,1324,13,2.6553935362483667,1,9.977612603324737
200.9492847919464,1325,13,4.233298789618162,1,10.23756291753873
201.09005689620972,1326,13,0.7215450210624468,0,10.573035112487172
201.22875380516052,1327,12,1.1627622486728229,0,10.905566465744679
201.37142872810364,1328,13,1.5254893459205747,0,11.041685168323713
201.51534485816956,1329,14,2.391637346686658,0,11.36954045217427
201.65758085250854,1330,13,2.3470791993340874,0,11.806351301479292
201.80027270317078,1331,11,2.8853412395467837,0,12.2147809631626
201.94350481033325,1332,11,1.0505741812318696,0,12.3200647239223
202.086571931839,1333,13,6.438597587166715,1,12.518060971319084
202.22866582870483,1334,12,2.590319562245844,0,12.860425725172203
202.37169790267944,1335,13,2.4333009707305586,0,13.092644977917608
202.51362872123718,1336,13,3.6970870425096862,1,13.35051953748647
202.65671181678772,1337,13,1.8333777977518808,0,13.605809239662875
202.7988748550415,1338,13,0.6186847838238385,0,13.766388853433071
202.94321393966675,1339,12,1.2298984191811273,0,13.919838964814659
203.0850169658661,1340,13,2.9644169587654474,1,14.044447130815115
203.22868871688843,1341,13,1.6447028118889184,0,14.379308867039285
203.37125492095947,1342,13,1.9883689209882445,0,14.620694326773062
203.51545071601868,1343,11,1.4441589174143055,0,14.762062009315201
203.65794587135315,1344,11,0.5111376678502642,0,14.560553572662712
203.80013489723206,1345,11,1.3379058378861688,0,14.445898781671936
203.94271683692932,1346,13,3.7881731592646983,1,14.32649677775607
204.08887791633606,1347,15,2.543350374539331,0,14.44028489071377
204.23374676704407,1348,13,2.5504056423817763,0,14.78301568596602
204.37273287773132,1349,13,2.6890569582590884,0,14.972587040947658
204.51064586639404,1350,15,0.9671381256020063,0,15.05492417413575
204.65300679206848,1351,15,2.0858491392798038,0,15.373782119687235
204.795156955719,1352,14,2.3187987293109122,0,15.679878610549636
204.93935775756836,1353,13,2.1564378407091964,0,15.849686076305005
205.08547973632812,1354,13,1.77252665123056,0,15.945581935317975
205.224595785141,1355,14,3.310723685347376,1,15.842322105164357
205.36694884300232,1356,14,0.8548207743712574,0,15.944798215285928
205.50671195983887,1357,12,1.2866493638089642,0,16.03169735857287
205.649258852005,1358,12,1.9413711788884813,0,15.85722472371134
205.79132986068726,1359,12,3.085462066535378,1,15.675372208064843
205.9304587841034,1360,13,2.4927623248815594,0,15.579492751462098
206.07315683364868,1361,12,2.1181299053220743,0,15.605864888601559
206.21566581726074,1362,13,0.6944678653259196,0,15.50106852521602
206.35725688934326,1363,14,2.3829740474193652,1,15.51628697881371
206.49873089790344,1364,13,1.7713359331304372,0,15.459212658533637
206.63985085487366,1365,13,2.0932394742701574,0,15.259836833607082
206.78120970726013,1366,13,2.5674796624373197,0,15.046102358447847
206.92202997207642,1367,13,3.2987559559683914,0,14.817599083352306
207.0635449886322,1368,13,0.9370501308928697,0,14.669178758859672
207.2060947418213,1369,13,1.35890082246499,0,14.60462570950559
207.34869503974915,1370,14,2.2561364604577503,1,14.627458354230804
207.48953485488892,1371,13,1.7815551815087447,0,14.864933428522562
207.62975978851318,1372,13,1.624549885278961,0,14.974034095603834
207.7720868587494,1373,13,1.7987447268739432,0,14.894844274772552
207.91367483139038,1374,13,0.6368965804851604,0,14.902749912008069
208.05427289009094,1375,14,1.8647504239040238,0,15.001237575059783
208.19448494911194,1376,14,1.7912404672554805,0,15.129188861628919
208.33808588981628,1377,14,2.105289635897125,0,15.15624733239462
208.4795787334442,1378,15,2.2179103132973843,0,15.077046537802232
208.61992692947388,1379,13,2.2646193559214316,0,15.107016195001691
208.76001572608948,1380,13,0.804057365465704,0,14.870816487553402
208.9019377231598,1381,14,1.666877839757048,0,14.62409755319715
209.04254984855652,1382,13,1.5178009735781839,0,14.679185944381565
209.19198489189148,1383,14,1.892366319594767,1,14.415493033160594
209.34036087989807,1384,13,1.877747674939404,0,14.264042922274593
209.48617696762085,1385,14,2.2064734154248926,0,14.25716715586389
209.63057398796082,1386,14,0.9229038309796307,0,14.374686931556262
209.77873587608337,1387,14,1.7706020056671692,0,14.48917802756857
209.9246118068695,1388,15,2.3930372791874643,1,14.504655798680801
210.06454491615295,1389,15,1.8159231767844937,0,14.731871171056792
210.20348000526428,1390,15,1.8313309383986114,0,15.04629797276893
210.34506177902222,1391,15,1.6320388165698057,0,15.262451940143087
210.48819994926453,1392,15,0.573171897696394,0,15.281698398881346
210.63232374191284,1393,15,1.4366339681204376,0,15.286516854485566
210.77432584762573,1394,15,1.6186943975449128,0,15.466055169654709
210.91799879074097,1395,15,1.7112532142662007,0,15.543729562515367
211.06435298919678,1396,15,2.013909900309045,1,15.705940399542065
211.20567393302917,1397,15,2.073959794042229,1,15.859542246970257
211.36021184921265,1398,15,0.7506239692296655,0,16.00927730201481
211.50227665901184,1399,15,1.2474700900246245,0,16.148110643449165
211.64321398735046,1400,15,1.2051764041616577,0,16.18428483667833
211.78110694885254,1401,15,1.2821367585060999,0,16.303450234205897
211.92312788963318,1402,15,0.9797628399573677,0,16.41646732573284
212.06698894500732,1403,15,1.1147151959183832,0,16.52267939612244
212.2100248336792,1404,15,0.36631710525131544,0,16.43207821523506
212.35222697257996,1405,14,1.1988681903100926,0,16.32674884684282
212.49406266212463,1406,14,1.086518107203613,0,16.082290385905253
212.63736081123352,1407,15,2.010567058510624,1,16.01632190139189
212.78108382225037,1408,14,1.93270153607851,1,16.25979181658068
212.92292976379395,1409,14,1.8940065161312658,0,16.18955400509754
213.0644347667694,1410,14,0.6678769966237236,0,16.115830778201776
213.20905995368958,1411,14,1.6903287480268971,1,16.227926210194667
213.37505197525024,1412,14,2.190271307975152,1,16.349134414710896
213.51646208763123,1413,14,2.0496248778134616,1,16.371960873227756
213.6648828983307,1414,14,1.9137475469901135,0,16.302332122618914
213.80639481544495,1415,14,1.9496409976076468,0,16.22702408558971
213.94900178909302,1416,14,0.6919960461522441,0,16.2428021982578
214.0940179824829,1417,12,1.901052346309715,0,16.25920742126612
214.26558589935303,1418,12,2.058887012518,0,15.843630445702289
214.40798997879028,1419,13,2.625209031448319,0,15.419189890605917
214.6235797405243,1420,14,2.189831708952149,0,15.13086113811069
214.78004670143127,1421,13,2.1441859723267958,0,15.048653738519864
214.94418787956238,1422,13,0.7587874535924,0,14.740979659810861
215.20200395584106,1423,12,1.817531492804429,0,14.529724716394433
215.35898065567017,1424,11,2.122507065889072,0,14.27120249653283
215.51819491386414,1425,9,2.1650713826403076,0,13.796045175715616
215.66574263572693,1426,11,3.6228189140592524,1,13.071025757402719
215.80851888656616,1427,11,1.7261355505194673,0,12.62968284132625
215.95326209068298,1428,11,0.5811458354133019,0,12.200643830235776
216.09308171272278,1429,13,1.7927991914087793,0,11.78450346394434
216.23701190948486,1430,13,1.9432769132610834,1,11.63436421151787
216.37889099121094,1431,12,1.9512693009123678,0,11.57762082139817
216.53353905677795,1432,11,1.8416589673470427,0,11.303878291031168
216.67588782310486,1433,13,3.9841162046884926,2,10.912941891916994
216.83806085586548,1434,13,0.8253760393052154,0,10.776645723552008
216.9845929145813,1435,12,1.278840122682711,0,10.646262387070848
217.14944791793823,1436,11,1.3957004667642854,0,10.476049537374408
217.31752705574036,1437,11,1.838595601942973,0,10.187782284349169
217.46736192703247,1438,12,3.1943920036082014,1,9.91832899122835
217.61167883872986,1439,11,1.884073179859311,0,9.877418793767617
217.80337190628052,1440,12,0.6706421024550834,0,9.524462650423999
217.96655678749084,1441,13,2.5630310335918507,0,9.316625604885317
218.1133668422699,1442,10,2.1413669717971087,0,9.335080896297413
218.8628327846527,1443,12,1.7100770951692401,0,8.616945050185194
219.01475286483765,1444,11,1.7462450727748497,0,8.571843504915861
219.15951085090637,1445,12,1.6890491168221675,0,8.304096372860101
219.3026568889618,1446,12,0.5668032087591469,0,8.27912713684124
219.44864773750305,1447,12,1.662410392664425,0,8.25726505251265
219.5919578075409,1448,12,2.2754061491201614,0,8.241526451818046
219.73365092277527,1449,12,2.3029660476256435,0,8.317329325752794
219.87557888031006,1450,13,2.48889436554136,0,8.397534010671876
220.0194296836853,1451,12,2.2501966444496895,1,8.608138004167571
220.15706086158752,1452,12,0.8099055331119912,0,8.694871634495144
220.29408383369446,1453,12,1.9131442483650674,0,8.786567354077533
220.43423199653625,1454,11,1.2769814323249689,0,8.881841127939367
220.57500004768372,1455,10,1.433112587029704,0,8.862186605115241
220.71348094940186,1456,11,2.9418647247228855,1,8.736010978515637
220.8534848690033,1457,11,1.5577302251306533,0,8.742788191546467
220.9965307712555,1458,11,0.5543631804181718,0,8.758935384833734
221.14057183265686,1459,10,0.8687900870835056,0,8.78561480291934
221.28318691253662,1460,11,1.4262808296511629,0,8.709393511083931
221.42316699028015,1461,12,1.6718010106919516,0,8.762552229076078
221.5648329257965,1462,12,1.487766673843261,0,8.93775667218543
221.7058298587799,1463,12,1.585423140418138,0,9.119474119420133
221.84935808181763,1464,13,3.2573192462378024,1,9.307065490130881
221.98980975151062,1465,11,3.448261679811881,1,9.613102159350703
222.13353395462036,1466,10,1.4390219386806065,0,9.622736232960165
222.27499175071716,1467,9,1.745521849534399,0,9.53227289742307
222.41459584236145,1468,10,2.0206239897703457,0,9.42588893752076
222.55691695213318,1469,10,1.9933847970461773,0,9.365972499619524
222.70161390304565,1470,10,0.6122828439903591,0,9.317667705466953
222.84438800811768,1471,10,1.54410248625692,0,9.282213800673595
222.98853492736816,1472,10,1.3595526476390531,0,9.258855782715003
223.13166880607605,1473,9,1.2891483996869977,0,9.248390267374496
223.2844159603119,1474,10,1.2914393139014577,0,9.140383811348237
223.42711877822876,1475,9,1.4012257167226914,0,9.158899009871874
223.5671317577362,1476,9,0.5143287549287123,0,9.083116925812
223.70662379264832,1477,9,1.184979843831419,0,9.02374071426302
223.84333181381226,1478,9,1.4445874744588953,0,8.808954390011479
223.98453879356384,1479,10,1.3011131047155102,0,8.60101322396877
224.1282958984375,1480,9,1.628713843024469,0,8.595743642886653
224.27201581001282,1481,9,1.8327594998042545,0,8.579531689794024
224.4146270751953,1482,9,0.658212107781897,0,8.492709941600936
224.55583310127258,1483,10,1.4393451534893136,0,8.419048876905222
224.69715189933777,1484,9,1.7414807705875268,0,8.381953152606599
224.83712100982666,1485,9,2.4083071745908615,0,8.153319162651982
224.9803020954132,1486,9,2.315883829463988,0,7.751239266739589
225.12000465393066,1487,11,1.9123356333239232,0,7.522232093901124
225.26243591308594,1488,11,0.5535497943520433,0,7.5172187968859845
225.40561771392822,1489,10,1.4999781165697428,1,7.510105667210908
225.54705786705017,1490,8,1.7780823267005847,1,7.574344029922017
225.6908118724823,1491,8,2.158463870544589,1,7.423426321929895
225.8343288898468,1492,9,1.790370430730936,0,7.192858566572411
225.9777798652649,1493,9,1.7342839042435132,0,6.9904986337894
226.12079787254333,1494,10,0.6124091995191748,0,6.986199906987267
226.26264691352844,1495,9,1.8780921773458545,1,7.113638246095093
226.40512204170227,1496,11,1.3556095726399684,0,7.037132402242719
226.54694485664368,1497,10,1.949235054460222,1,7.104769673548901
226.68600964546204,1498,11,1.7871500299517735,1,7.0559830789544264
226.82753896713257,1499,11,1.3150306592421057,0,7.232159501291051
226.9716637134552,1500,11,0.45513072581736597,0,7.308290806399199
227.1173460483551,1501,10,1.2703058159209177,0,7.494817782402876
227.25467371940613,1502,11,1.394215532884994,0,7.678285623816137
227.393709897995,1503,11,1.5389669665400953,0,7.671199292643195
227.5411467552185,1504,10,1.1893651979914983,0,7.891820746997091
227.68245601654053,1505,10,1.3873451024536794,0,7.8992904756520375
227.82486081123352,1506,11,0.5184897027406797,0,8.004779728179287
227.96578407287598,1507,11,2.538087122569267,1,8.242329317053176
228.10972785949707,1508,10,2.426221824117919,1,8.482704747941625
228.25116991996765,1509,9,1.7131452880090658,0,8.602839239701147
228.39221501350403,1510,10,3.465327265870662,1,8.605858664523396
228.53761982917786,1511,8,1.828534495979537,0,8.837690378876346
228.677827835083,1512,9,0.5989715955017809,0,8.738150737370987
228.819002866745,1513,9,1.660441140627595,1,8.777452657400708
228.96014285087585,1514,9,1.5888926778178047,0,8.827741697152497
229.1079478263855,1515,9,1.3516583107971523,0,8.793686563096134
229.24796676635742,1516,8,1.5173828552054782,0,8.67343697818945
229.39018177986145,1517,8,1.109915076274942,0,8.526754890875097
229.5319058895111,1518,8,0.5208107212244775,0,8.391090853574099
229.67352390289307,1519,9,0.7872365081243912,0,8.266402511340154
229.81429886817932,1520,8,0.8453258943673523,0,8.182498694516667
229.95638704299927,1521,9,0.68953848185664,0,8.072353025342991
230.0966408252716,1522,9,0.9145996421432663,0,8.192274932981483
230.23834991455078,1523,9,1.0189908249031288,0,8.322871517963485
230.38077473640442,1524,9,0.3690008194381871,0,8.464392185791446
230.52268266677856,1525,9,1.3626138350595192,0,8.711596623360581
230.664479970932,1526,9,0.921994377573128,0,8.784163568624507
230.80586075782776,1527,10,0.8808917669856454,0,8.76935381356924
230.9460198879242,1528,10,1.462077070259565,0,8.787740257450707
231.11668491363525,1529,10,1.3571911012828535,0,8.895159087216191
231.2612500190735,1530,10,0.47307335653190746,0,9.005412024855689
231.41448283195496,1531,10,1.1672882247651708,0,9.115311107679869
231.56172275543213,1532,10,1.387197827105007,0,9.22574538467881
231.70540595054626,1533,10,2.079575611834348,0,9.336256181089878
231.85328483581543,1534,10,1.458134363768732,1,9.351598179132319
231.99593496322632,1535,11,1.6960334014840812,1,9.458213903742156
232.13902473449707,1536,11,0.5204244932443753,0,9.595539405190053
232.28149700164795,1537,12,3.9218247744194668,1,9.725269299015121
232.42462468147278,1538,11,1.214253392095153,0,9.97262497703296
232.56704878807068,1539,11,1.3548535210321317,0,10.083449569952826
232.7100908756256,1540,10,1.8282283551929954,0,10.281224700351043
232.8525788784027,1541,10,2.116158388504812,0,10.255804270233726
232.9970989227295,1542,10,0.7872525907000948,0,10.22692885404173
233.13962578773499,1543,10,0.941174561675282,0,10.19436073857488
233.2819037437439,1544,10,1.117898793001567,0,10.25225647798336
233.42382884025574,1545,10,1.9811979426859756,0,10.216074811078087
233.5646960735321,1546,11,1.4754142671466999,0,10.176273745222653
233.71236395835876,1547,10,1.1728778021691464,0,10.257517553418376
233.8727068901062,1548,10,0.4180498006953527,0,10.395983855643621
234.02268481254578,1549,10,1.903625823363151,0,10.537428500263315
234.17672395706177,1550,9,2.381943123966476,0,10.58855984407772
234.32293391227722,1551,10,1.895669163915202,0,10.325373836952759
234.49732875823975,1552,9,1.5731437237260557,0,10.185363708573655
234.64096093177795,1553,10,1.4016132344727046,0,10.00478375937692
234.78615808486938,1554,10,0.4688075082494657,0,9.95078750548102
234.9307918548584,1555,9,1.0053638367944884,0,9.987107856555701
235.2513928413391,1556,10,1.481536345624892,0,9.803788998598181
235.41451001167297,1557,11,1.7238378089636384,1,9.93695367334573
235.56912398338318,1558,12,1.0651418151357621,0,10.108841902083599
235.7150137424469,1559,12,1.3208909050909345,0,10.50002207559599
235.85981583595276,1560,12,0.4782891740900218,0,10.882888509736144
236.03215289115906,1561,11,1.0704822597382158,0,11.261589966983781
236.17629384994507,1562,11,1.3951004119713064,0,11.407558023827082
236.3249478340149,1563,11,1.2902845338860855,0,11.641887886736253
236.4745228290558,1564,11,1.3429017103747065,0,11.874367989421103
236.62130689620972,1565,11,1.7409312493606839,0,12.012189089642582
236.76972794532776,1566,13,0.635739116331656,0,12.145796522944714
236.9143888950348,1567,13,1.6749214670494958,0,12.61664209059144
237.177561044693,1568,13,1.9246475376275602,0,13.11398816827814
237.33906388282776,1569,14,1.7773914120046492,0,13.480830137055946
237.50460577011108,1570,13,2.4681115371295546,1,13.872352202731136
237.65308690071106,1571,13,1.855589333456787,1,14.198281750752074
237.804869890213,1572,14,0.6678767324484985,0,14.331905999233044
237.95343375205994,1573,14,1.2059275071779683,0,14.661222641182064
238.09952092170715,1574,14,1.3816488835451008,0,14.968839119042542
238.24323892593384,1575,13,1.4729652814253718,1,15.255321957604096
238.3949749469757,1576,13,1.7879636351031876,1,15.402477219164311
238.54326701164246,1577,12,1.8008081280671981,0,15.446194824674023
238.6875147819519,1578,12,0.6628550390720878,0,15.349231812823291
238.8342080116272,1579,12,1.572929634252616,0,15.24220666549219
238.9844479560852,1580,11,2.6851451007065474,1,15.211957083093054
239.1387288570404,1581,13,2.616050776975406,1,14.96739647761558
239.28461575508118,1582,13,2.03953099608676,1,15.037912382323356
239.42750573158264,1583,12,1.9610961850359698,0,15.094187703685733
239.5639500617981,1584,12,0.7152391093905917,0,15.016244039314515
239.70823884010315,1585,12,1.5374885383826657,0,14.933629692130438
239.84920978546143,1586,13,1.51745990142507,1,14.841176628512969
239.9938507080078,1587,14,1.4929500827185749,0,14.858830908018177
240.13925981521606,1588,13,1.255586622663041,0,15.066899922749457
240.28374481201172,1589,14,1.7034020899268083,0,15.144932915364592
240.43572878837585,1590,14,0.5758903598886304,0,15.331680871792315
240.58172988891602,1591,14,2.561969667945482,1,15.502742759571404
240.72516179084778,1592,14,1.7882925970574963,0,15.659286533140147
241.48856496810913,1593,15,1.9230775233839064,0,16.070813318017557
241.63483595848083,1594,16,1.4883052459389055,0,16.309612897649345
241.77956891059875,1595,17,2.2094645065268574,1,16.658255192147237
241.92496299743652,1596,17,0.6726626538643801,0,17.199474374544195
242.0667209625244,1597,17,1.7806455070437321,1,17.707734862486063
242.21013593673706,1598,16,1.9048605950703856,0,18.275591661931315
242.3557538986206,1599,16,1.773489223762762,0,18.60728231404849
242.49933171272278,1600,15,2.3678420065736967,1,18.91823668488408
242.64295983314514,1601,15,2.923259331424345,0,19.002202728239382
242.78624296188354,1602,16,0.9880651877922396,0,19.071802832593818
242.92926478385925,1603,16,1.1095145459418911,0,19.247602499942786
243.07310581207275,1604,14,1.599747217393184,0,19.40536224553736
243.21595788002014,1605,16,2.1686986373685513,0,19.307665422066293
243.35732769966125,1606,16,1.750523504206962,0,19.43565355913961
243.5016598701477,1607,15,2.1547329090503733,1,19.63347040884244
243.64494276046753,1608,15,0.7888658669278394,0,19.61468461799896
243.7859058380127,1609,15,2.263629302681575,1,19.58030830495656
243.925776720047,1610,15,2.1367703550101176,1,19.531981138790115
244.06962180137634,1611,15,2.6082658342504206,0,19.38746186625957
244.21602201461792,1612,13,2.046312746040023,0,19.312569991249177
244.35698080062866,1613,13,1.9277622647624255,0,18.90664579731009
244.501562833786,1614,13,0.7438970216871386,0,18.57789145599817
244.6484558582306,1615,13,1.5710525614920565,1,18.24194716351583
244.79325103759766,1616,14,3.505231787349488,2,17.80869599728662
244.94453501701355,1617,14,1.6665115793548166,0,17.56377850381537
245.09458684921265,1618,14,2.4262220899960374,1,17.389227772343375
245.23751091957092,1619,14,2.0430488286785398,0,17.286415654210586
245.3809459209442,1620,14,0.7277646444596343,0,17.178779144732033
245.52219700813293,1621,13,1.7774975236896846,0,17.06513900633935
245.66431307792664,1622,15,2.1983606780389513,0,16.750440270663354
245.80677771568298,1623,14,1.1937268468386075,0,16.65217094859262
245.95496273040771,1624,14,1.8261781612389085,0,16.431127383664787
246.0992569923401,1625,14,2.8790611120688863,1,16.198218542930185
246.24165868759155,1626,14,0.7749490209457536,0,15.953868533154413
246.38491988182068,1627,14,2.229116320751857,0,15.871156084480774
246.52685379981995,1628,13,2.3524109922618264,0,15.784912999991484
246.6695418357849,1629,14,2.4489265854569764,0,15.58297720711375
246.8121919631958,1630,14,1.9659786869339366,0,15.577196859888716
246.956237077713,1631,15,1.4159699001729091,0,15.48641348602727
247.09903383255005,1632,15,0.40853218163835986,0,15.50321106099241
247.24064207077026,1633,16,1.7829306265755007,1,15.599519994150864
247.38310289382935,1634,13,1.0513452018874119,0,15.805039378941565
247.52508783340454,1635,12,1.3741408436840716,0,15.67071169093165
247.66698002815247,1636,14,4.9510250429566165,2,15.339798766965181
247.8078978061676,1637,14,1.7931949253206383,0,15.233898904499673
247.95132493972778,1638,15,0.6388155847611282,0,15.034498570010678
248.09625792503357,1639,15,3.1322531077648375,1,14.93818192429515
248.23939299583435,1640,15,3.3524198999674115,1,14.829310733339764
248.38192892074585,1641,14,2.4497737859221447,1,14.615628235302939
248.52338290214539,1642,14,3.3456656439431827,0,14.45584382756955
248.66829180717468,1643,13,3.065897002303795,0,14.289789706857686
248.81231689453125,1644,13,1.0830508359574047,0,13.90658767138552
248.95588779449463,1645,13,1.861964425078429,0,13.51173454991541
249.0985300540924,1646,13,2.15795365681975,0,13.104887458610222
249.24155592918396,1647,13,2.6881102811109456,0,12.784085255013217
249.38366198539734,1648,12,2.7480695041863163,0,12.55670660377973
249.52481484413147,1649,12,2.5757137802009744,0,12.106255361656423
249.6659939289093,1650,12,0.9165437429013393,0,11.752498054577487
249.80849194526672,1651,12,2.848347093896964,0,11.397506515091735
249.9506597518921,1652,11,2.4669336430605715,0,11.04080663155031
250.0934178829193,1653,11,3.5533690163874403,1,10.557914633883655
250.23989605903625,1654,10,2.356500285241043,0,10.228277614607308
250.38351893424988,1655,13,4.0991748674119695,1,9.884929444574624
250.5251488685608,1656,14,1.0096973825256863,0,10.028905928594924
250.66700267791748,1657,13,1.8042732191400488,0,10.310725377159883
250.81023001670837,1658,14,1.600442592730127,0,10.479401195997795
250.95449495315552,1659,13,2.2565727192255434,0,10.691725597403078
251.09648895263672,1660,13,2.947793234639713,1,10.788742682174387
251.23893189430237,1661,16,3.958000404371629,1,10.802308830085678
251.38078379631042,1662,17,0.7949665137995946,0,11.19398205770051
251.52365469932556,1663,15,1.7737018258614652,0,11.799502180833173
251.66554594039917,1664,15,3.5123830575443904,1,12.154707625739817
251.80922174453735,1665,12,3.29774459171253,1,12.324818887132913
251.9527018070221,1666,13,4.748265774569841,0,12.309216888904288
252.09511494636536,1667,14,4.1508864562153045,1,12.432065209661317
252.23752188682556,1668,15,1.56844280538196,0,12.595153491406197
252.38140273094177,1669,13,4.1160653947204375,1,12.885531075853194
252.52415776252747,1670,12,5.326098464375169,1,12.928790801255655
252.6671679019928,1671,12,3.0512216826466005,0,12.855639327712979
252.81192278862,1672,12,2.5574230719533677,0,12.793252342470534
252.95499801635742,1673,12,3.4245364851629074,0,12.552365271897699
253.09602975845337,1674,12,1.2258231753646978,0,12.315114292317325
253.2383828163147,1675,12,3.582832680647399,0,12.081268797514184
253.38014578819275,1676,12,3.6930951706540287,0,11.85116615598735
253.52108573913574,1677,11,3.3897371582525366,0,11.71956392919688
253.66258573532104,1678,10,2.295444828496814,0,11.471361566256391
253.8027617931366,1679,14,6.272058975381483,1,11.110668990209987
253.9482979774475,1680,14,0.8218469568321823,0,11.258699447812596
254.10477781295776,1681,10,1.8841538349690765,0,11.404843165300086
254.2478849887848,1682,11,2.1254790025089867,0,10.96245270257026
254.38752365112305,1683,12,2.5657278259062117,0,10.845556969343946
254.5375998020172,1684,12,2.1621542441125867,0,10.770337507953641
254.6807689666748,1685,13,3.8207484008562727,0,10.704539713506108
254.82293486595154,1686,12,1.0349862018327916,0,10.770841505989566
254.96572279930115,1687,11,2.6773061990595854,0,10.71608620628541
255.11167287826538,1688,13,2.8756431408639287,0,10.543420909691307
255.2568769454956,1689,12,2.7794537448238397,0,10.536459720547896
255.39871287345886,1690,13,3.759403792720807,0,10.50038447530865
255.54077100753784,1691,9,2.671402892673253,0,10.595863405949657
255.68182706832886,1692,9,0.9413455308384873,0,10.292121383103193
255.82115602493286,1693,12,3.958151715886153,1,10.011017255876737
255.96256470680237,1694,12,2.04991665525177,0,10.2176502032993
256.1056571006775,1695,11,2.5348738581336945,0,10.155778558533399
256.2483398914337,1696,12,2.2791031152955203,0,9.879506276908415
256.3897137641907,1697,12,3.3748293495926465,1,9.919496245330976
256.53058981895447,1698,12,0.9204854276536224,0,9.96672718510527
256.6742699146271,1699,13,2.6945353355110804,1,10.114503740453245
256.81613183021545,1700,12,2.319228443326512,0,10.397498168817656
256.95737290382385,1701,13,2.7936765490071473,0,10.563941797244276
257.10205698013306,1702,13,4.20499632010747,1,10.770178665090071
257.24483609199524,1703,12,2.8385224911288365,0,10.980555108197635
257.38621282577515,1704,12,0.9898784866137541,0,10.976836015480067
257.52983498573303,1705,12,3.0457482977516612,0,10.97637737230992
257.67054200172424,1706,12,3.184102685736941,0,10.980024125721421
257.812618970871,1707,14,2.6100373259584626,0,10.987027601827329
257.95921778678894,1708,15,3.420073413129211,1,11.244432328737574
258.1044728755951,1709,14,2.331519282190625,0,11.528501560799448
258.24693179130554,1710,14,0.8506674383754315,0,11.678233458549997
258.3897168636322,1711,13,1.2919857693682801,0,11.820573530119464
258.5326318740845,1712,13,2.3289388966358078,0,11.831731755092477
258.6739399433136,1713,13,3.994632940558077,1,11.74510096157864
258.82066202163696,1714,15,3.0504422294504416,0,11.650603361370234
258.9671506881714,1715,14,2.721184211470964,0,11.702838578915724
259.1097629070282,1716,14,0.9595901259823192,0,11.896224179127131
259.25450801849365,1717,15,3.1767436863194636,1,12.179999233781936
259.3963198661804,1718,17,2.0321491072654636,0,12.493803489900348
259.53838992118835,1719,16,1.7560204593160817,0,13.14243087498642
259.68162393569946,1720,15,1.9371725465982514,0,13.561683026541077
259.82514667510986,1721,16,2.489645498036771,0,13.846047376852452
259.9696888923645,1722,16,0.8315849741836667,0,14.53011028274556
260.1124668121338,1723,14,2.0156539358004277,0,15.30834670701919
260.2548978328705,1724,15,2.62865953124636,0,15.653381498565025
260.3975508213043,1725,14,2.721062276650094,0,16.12623480163134
260.53909969329834,1726,15,3.9082407610525323,1,16.191747555207158
260.6816339492798,1727,14,2.714173816343187,0,16.468586956559946
260.824857711792,1728,15,0.9453969800437234,0,16.708868366022827
260.970009803772,1729,13,3.0451863201146554,1,17.16838274557503
261.1127610206604,1730,15,3.8146352633147576,1,17.19007047177203
261.3414628505707,1731,15,2.278734957594734,0,17.406015785347563
261.48881483078003,1732,15,2.6630146547165205,1,17.568457585865744
261.6318907737732,1733,15,1.7268039202883902,0,17.71713185023519
261.77512383461,1734,15,0.5673334208134155,0,17.854616012131544
261.92201375961304,1735,15,1.8922140922816415,0,17.98293658482268
262.0694978237152,1736,15,1.3820923729537584,0,18.100294310171662
