timestamp_s,frame_idx,count,avg_speed,anomaly_count,predicted_count
0.4447338581085205,0,13,0.0,0,13.0
0.6780970096588135,1,11,3.190813207466346,0,11.0
0.8962316513061523,2,11,2.0534465519785705,0,0.0
1.1258413791656494,3,11,1.8585861004991797,0,0.0
1.323643445968628,4,10,1.5609636436734369,0,0.0
1.520965814590454,5,11,1.1008508860492057,0,0.0
1.7159397602081299,6,11,0.3459621353672297,0,1.1134007801697638
1.9038159847259521,7,11,1.2445561287181977,0,4.051946126597892
2.0994322299957275,8,10,1.6680236902565555,0,5.8264479249144525
2.3001065254211426,9,8,2.2668055833038476,0,5.010466887356972
2.4955904483795166,10,8,1.0832534721609897,0,1.4211827539895214
2.711641788482666,11,8,1.3063215373918466,0,0.0
2.92099928855896,12,11,0.3091723701473739,0,0.0
3.129706621170044,13,10,2.0019781166254242,1,1.945361877201206
3.325789213180542,14,9,1.2826989303229681,0,3.2292879876110234
3.526564598083496,15,8,1.3286633632057474,0,3.329699971023526
3.731821298599243,16,9,2.5950470965000574,1,2.705723889614015
3.9471821784973145,17,10,3.3245622858126342,1,3.063346648554008
4.155728578567505,18,10,0.5054754556554055,0,4.080736150819467
4.363945722579956,19,11,2.1065674572877016,1,4.904308193572371
4.567135334014893,20,11,1.2210108314657284,0,6.136306903950775
4.782358169555664,21,12,1.5652207940710936,0,7.110296113101242
4.999308824539185,22,14,2.0093166612145215,1,8.37650772370318
5.215075731277466,23,14,1.7938712794858511,0,10.288747959638608
5.424999237060547,24,14,0.6774388804083958,0,11.820947738025472
5.633499622344971,25,11,1.2220397195959967,0,13.049345976834601
5.839450359344482,26,14,2.4220716459367826,1,12.935773238516942
6.054927110671997,27,12,1.307198730032129,0,13.871648171902763
6.258343935012817,28,10,1.3189590950967647,0,13.978198952148489
6.479565143585205,29,11,1.3339966150200389,0,13.444802887342053
6.69726824760437,30,11,0.465124287143558,0,13.27631155434429
6.904534816741943,31,10,1.238489253204753,0,13.121854671057255
7.1093056201934814,32,10,1.6692934818345175,0,12.717367857685284
7.317553758621216,33,9,2.2311298889871725,0,12.36728043989142
7.535720348358154,34,10,2.038421500363127,0,11.82133414252704
7.930732488632202,35,13,1.993049566484955,0,11.594025686818298
8.154620170593262,36,13,0.536513531148354,0,12.065190097835671
8.376313209533691,37,14,0.9877134243458383,0,12.468544769376734
8.60747218132019,38,11,1.5936783543094348,0,13.03089249428519
8.827365159988403,39,11,1.9829597621683872,1,12.900421886981425
9.062385320663452,40,12,1.1474370618448477,0,12.785938209602445
9.310899257659912,41,13,1.5472078862757295,0,12.873567002974003
9.53528094291687,42,13,0.5343089019771874,0,13.126115437117495
9.749757051467896,43,11,1.1726251545043935,0,13.344366301634686
9.961119413375854,44,12,1.3866762845030565,0,13.195887501815768
10.184648275375366,45,12,1.0663299795145402,0,13.226863263475202
10.392592430114746,46,11,1.741954095007752,0,13.248698325558696
10.600077867507935,47,12,2.1559328709770997,1,13.114555710059218
10.819803476333618,48,12,0.7339572623779738,0,13.140922371847388
11.04270887374878,49,9,1.6085661064590029,0,13.163376521679208
11.26337218284607,50,12,1.4152312542723398,0,12.768156831039144
11.478055715560913,51,11,2.0258502928936317,0,12.807379733866867
11.6972496509552,52,10,1.9322124422717666,0,12.712670539940909
11.907100200653076,53,11,2.1292874023866846,2,12.497454732518806
12.138305902481079,54,11,0.6616202656376916,0,12.42501181229429
12.360661745071411,55,10,2.148598555083008,1,12.356115176673331
12.573758125305176,56,10,1.9687425757686128,0,12.174262029138356
12.84529995918274,57,9,1.0806541693478167,0,12.011469589319454
13.26194143295288,58,10,2.2590455943127363,1,11.755376548841873
13.679965257644653,59,9,1.6503831487320697,0,11.619296175740308
14.109956502914429,60,9,0.6116237839452897,0,11.371246322680365
14.53970980644226,61,9,4.648250425114348,1,11.30177284450989
14.971503973007202,62,9,2.8621380186902172,1,11.084907763949264
15.43654203414917,63,11,3.699057535154364,1,10.869592896968056
15.890781164169312,64,9,1.6535953872650906,0,10.909839527452037
16.331636905670166,65,9,1.686551836913209,0,10.616116828858788
16.768290996551514,66,9,0.5552793225966415,0,10.402850433689052
17.193827629089355,67,8,1.5693909740320702,0,10.198293791695075
17.63478446006775,68,9,1.6728808111618994,0,9.871517629014065
18.095927953720093,69,9,2.0926878174299834,0,9.616321525412811
18.545085668563843,70,8,2.5974110460147175,0,9.226176406703372
18.9921817779541,71,7,1.3356700234476295,0,8.713968089541918
19.411359071731567,72,7,0.48374032151158136,0,8.09358303751283
19.8541362285614,73,7,1.1358332286247783,0,7.70289464191022
20.283859491348267,74,8,0.9310213943513826,0,7.273477900067719
20.733701467514038,75,8,1.6164297166864074,0,6.92664849341297
21.170880556106567,76,8,1.7867227398951808,0,6.53556334885824
21.625093698501587,77,8,3.229908727571393,1,6.221772587902611
22.05765962600708,78,8,0.9962752890048607,0,5.994935725268487
22.536202669143677,79,7,1.3752065095576558,0,5.770599326016574
22.971341133117676,80,10,3.532007985623803,1,5.514230212241095
23.42098617553711,81,10,2.0867871469361567,0,5.636627980223153
23.8562228679657,82,9,2.1263337303750673,0,5.8207373270423535
24.281605005264282,83,9,1.4490987989834891,0,6.0019127124316745
24.716490030288696,84,10,0.4026442697192727,0,6.184142636049973
25.154834747314453,85,11,2.145304992747745,1,6.483501475327016
25.58383083343506,86,10,1.6724096450972314,0,6.731121017789675
26.005790948867798,87,11,1.6679279719201365,0,7.018997403662273
26.444101095199585,88,11,1.4325352049012057,0,7.304485895044638
26.877500295639038,89,10,1.559821485489231,0,7.477599282317232
27.34059476852417,90,10,0.5472516895473839,0,7.582331963110464
27.771315574645996,91,10,1.1836116345180354,0,7.690254780980082
28.19651699066162,92,9,1.3275377804477027,0,7.745968206505006
28.632933139801025,93,8,8.167481677544634,1,7.694577461058893
29.053102016448975,94,9,1.9474555045929283,0,7.4974944572582345
29.477933645248413,95,9,1.8327117138801332,0,7.456144404659321
29.910083055496216,96,9,0.696152828209334,0,7.56119240707766
30.3603572845459,97,10,2.1962281770938756,0,7.668509371751678
30.801804065704346,98,10,1.552643453301369,0,7.925431817198412
31.767707109451294,99,10,1.9414116110564932,0,7.993773626782923
32.232489824295044,100,10,2.1028651522137407,0,8.12107427520842
32.65285873413086,101,10,2.128661458150785,0,8.296792346555996
33.12866759300232,102,11,0.7928016387487292,0,8.512947234983173
33.56969904899597,103,11,1.729202381400317,0,8.826993279643087
34.00912022590637,104,11,2.08660019008183,0,9.041998756357716
34.447190046310425,105,11,10.299374482137644,1,9.297280369228258
34.88260865211487,106,10,1.8508173039534592,0,9.54790223844602
35.312504291534424,107,8,2.7537742251928394,0,9.656850239611106
35.75649690628052,108,9,0.9769963290326938,0,9.632739566982051
36.19743633270264,109,10,1.7501149324049787,0,9.708489462289846
36.658833742141724,110,9,1.8851215660465495,0,9.737116527768016
37.12282371520996,111,7,3.362634952022846,0,9.819117142893461
37.57296681404114,112,7,1.8029231920695672,0,9.684364332184073
38.07351851463318,113,8,4.000789397634471,0,9.513489900674385
38.661832094192505,114,9,1.2360764951040222,0,9.489735730584883
39.27544665336609,115,7,13.772552548439615,0,9.562777951799019
39.88496804237366,116,13,3.4021627320466936,0,9.410960832444815
40.413989305496216,117,13,2.042547776787332,0,9.80444743540843
40.87447214126587,118,13,2.287762971204852,0,10.133411877893934
41.36182999610901,119,13,2.0685865550201656,0,10.505598310242643
41.84277892112732,120,13,1.8583494872464854,0,10.813716224229683
42.416749000549316,121,14,0.6249521431391597,0,11.118313267139921
42.855387449264526,122,12,1.961291182775423,0,11.490080954953081
43.29775857925415,123,13,1.1142159777469454,0,11.668800716742165
43.73818778991699,124,11,1.740244815044606,0,12.032886033029722
44.16844654083252,125,13,2.153751254272091,0,12.106330029436489
44.60515308380127,126,14,1.886126491554567,0,12.349794501113724
45.06583595275879,127,15,0.5952926008720664,0,12.672152447188619
45.50242066383362,128,15,1.8803282998522723,0,13.011503211609291
45.96985411643982,129,14,1.3836363758632135,0,13.389656264372121
46.429847240448,130,13,3.5102096688040207,1,13.665391719694616
46.89535093307495,131,13,2.3919549692890962,0,13.793168394139395
47.40653395652771,132,14,2.1855340061738087,0,13.866705436971124
47.86905121803284,133,14,0.7504682064916013,0,14.002298003843242
48.29606056213379,134,11,1.5160739455856078,0,14.11547170010898
48.75076770782471,135,9,1.462935396858359,0,14.017419616105142
49.19786548614502,136,12,3.125420926007016,1,13.74519355251047
49.665003299713135,137,11,2.1703109221053336,1,13.727149506017732
50.10936093330383,138,11,1.5194050883532244,0,13.61378568954897
50.567164182662964,139,12,0.4845744972418995,0,13.497324100296261
51.02583336830139,140,12,2.715231297704105,1,13.407550560384498
51.499237298965454,141,10,2.1000013400552477,0,13.461039937322667
51.98501443862915,142,11,2.7539878218310143,0,13.346389039494902
52.40868020057678,143,13,3.807372074325177,1,13.256186464418978
52.845603704452515,144,13,2.3616625925824044,0,13.329324351176677
53.28187417984009,145,13,0.8597011884203158,0,13.444588089685482
53.824743032455444,146,11,1.4531184166770554,0,13.618524724937885
54.310330629348755,147,11,0.9854661142564495,0,13.564681250312141
54.76404070854187,148,10,1.9924236287006318,0,13.556176411597779
55.24892020225525,149,11,3.8424201043307438,1,13.470128149816588
55.841893672943115,150,11,1.8447778495739662,0,13.430188490606668
56.39708161354065,151,11,0.6725222790100179,0,13.380428330527227
56.91472291946411,152,12,2.1180941359426964,0,13.322439512548872
57.369489908218384,153,10,1.9115735836554333,0,13.285814664911312
57.76695418357849,154,11,1.813581704452661,0,13.015703837157883
58.16315293312073,155,11,2.33431576074345,0,12.881010501480334
58.55418062210083,156,12,2.1989176071423993,0,12.743310078803336
59.00079822540283,157,13,0.8505435210674177,0,12.689161474042816
59.47889304161072,158,11,2.211013624461559,0,12.766858740194483
59.951415061950684,159,10,2.3931325861665327,0,12.67173669225786
60.68307685852051,160,10,2.321241984944211,0,12.505336233278905
61.275805711746216,161,11,2.277120295236675,0,12.323237314910136
61.73784041404724,162,10,1.2276047099005247,0,12.21839081547961
62.1719708442688,163,10,0.4290140103259962,0,12.07873629460628
62.58723211288452,164,12,2.5725511354104373,0,11.942295615459129
63.037357330322266,165,14,2.3568246961126134,0,11.979838745979917
63.47937536239624,166,12,1.8924790719781812,0,12.183507391985154
63.94021272659302,167,12,1.7463722360006568,0,12.158937659029167
64.47024536132812,168,12,1.822547599898901,0,12.024206818723826
65.01457095146179,169,12,0.6469661086328213,0,11.932830495011975
65.55174589157104,170,11,2.9825597385511164,1,11.887608634987123
66.03278923034668,171,13,2.3065225913794287,0,11.695727827069376
66.50552535057068,172,12,3.1232413312533587,1,11.560046925112717
67.02414226531982,173,11,3.204235478958952,0,11.322568051491082
67.43678832054138,174,10,2.3454575129248316,0,11.046027572845821
67.83311605453491,175,9,0.703021097786731,0,10.737014971379917
68.28613305091858,176,3,17.462975160663426,2,10.235329964170994
68.7619981765747,177,11,2.780745310822107,0,9.5424749326712
69.21613097190857,178,11,2.2453709727398516,0,9.552091071927217
69.6699469089508,179,11,0.9202576459088043,0,9.565774861425442
70.10524082183838,180,10,0.7144450384580651,0,9.58560637700868
70.55302596092224,181,10,1.5167545766480994,0,9.524411483866775
71.0011339187622,182,11,0.4200558724030929,0,9.521482058198252
71.4527759552002,183,11,1.5402437382450345,0,9.507481674490178
71.92824339866638,184,11,1.2174042760765706,0,9.543968492574505
72.41731381416321,185,12,1.2030306249356661,0,9.480805573933122
72.85557317733765,186,11,0.855997681634229,0,9.608316323824514
73.28852438926697,187,11,0.7892024043283252,0,9.70608195300838
73.73188376426697,188,12,0.2761627251171146,0,9.860120305628968
74.1738691329956,189,10,0.9324962220782246,0,10.104897543149713
74.61775374412537,190,10,1.1103973792119357,0,10.140072038323611
75.05378031730652,191,10,1.2053718727598977,0,10.132998178668489
75.49101686477661,192,10,1.3975006762114544,0,10.13240258456202
75.94387793540955,193,10,1.2288663575768433,0,10.18874419710417
76.38924193382263,194,10,0.4330472959522201,0,10.254386488100536
76.81249952316284,195,11,1.630090567542085,0,10.175621890255313
77.260329246521,196,11,0.9499877208219505,0,10.07582545684362
77.66944718360901,197,11,1.408131110875814,0,10.127996746266817
78.15312004089355,198,12,1.4682534312502926,0,10.126913545731078
78.56323719024658,199,12,1.748473339490534,0,10.210259031937003
79.02172350883484,200,12,0.682888352967321,0,10.341211025861178
79.46086382865906,201,12,0.8629153076880137,0,10.473443125311908
79.90760540962219,202,10,1.235526168277184,1,10.500548542826689
80.35081505775452,203,11,2.4229536993646743,1,10.413415034756255
80.80156326293945,204,11,1.4297569126823033,1,10.51544763140426
81.22854542732239,205,11,1.465849192761387,1,10.623510907057458
81.69306826591492,206,11,0.5209641716006002,0,10.736629917301187
82.08626437187195,207,11,1.2714623458905645,0,10.74777291087744
82.48034477233887,208,10,1.066614624902892,0,10.758820891582081
82.87464046478271,209,10,0.7402837669098669,0,10.634768183635522
83.30472755432129,210,10,3.161235527088389,1,10.563703219599326
83.74409317970276,211,10,1.122488681414511,0,10.494553046892372
84.24141240119934,212,10,0.43925894957018913,0,10.426095874789779
84.79290556907654,213,11,0.7010171041565615,0,10.411839682557819
85.33653521537781,214,11,1.0461718414580148,0,10.37712196489872
85.82582545280457,215,11,0.9389905296285989,0,10.39588199670087
86.25043416023254,216,12,0.7310694361434904,0,10.4162973680856
86.8471131324768,217,11,1.8644561295347317,0,10.574258950223168
87.479074716568,218,12,0.7348963057490954,0,10.707835462731532
87.93858528137207,219,10,3.264759035064205,2,10.821650211244851
88.60393619537354,220,10,1.9928026729345294,1,10.6991981402028
89.22417831420898,221,9,1.266091013814527,0,10.575567264418872
89.93316006660461,222,10,0.9728861962601132,0,10.415821301993837
90.45001459121704,223,11,1.10669355808198,0,10.297409360520543
90.88826179504395,224,12,0.3710329900183152,0,10.27384134303734
91.30671977996826,225,12,1.288768440802581,0,10.453019805115055
91.72780632972717,226,11,1.374978428870115,0,10.741897558432461
92.16714215278625,227,14,3.975584447547376,1,10.829842244143927
92.61109495162964,228,14,2.16181957845646,0,11.186672606315568
93.05443406105042,229,14,2.6079689053035446,0,11.534646622557348
93.4927544593811,230,14,0.9438946348263891,0,11.873312462684844
93.95630812644958,231,11,1.8891652525860891,0,12.150755118469062
94.33822512626648,232,11,1.6846371374051885,0,12.257712565881075
94.77213406562805,233,12,3.190945210874763,1,12.319086893217833
95.15603804588318,234,12,2.62399311339331,1,12.411288589235252
95.56057739257812,235,15,1.7910581762542466,0,12.451153201393328
95.97252249717712,236,15,0.48411716145535316,0,12.688614588716213
96.38150596618652,237,14,1.3933366188916811,0,12.602911335491681
96.86112117767334,238,5,12.49565087584344,2,12.823052714572835
97.2402765750885,239,15,3.6568033784166474,0,12.280029093846693
97.65601015090942,240,14,1.7763058495133954,0,12.583912391954033
98.0546452999115,241,14,1.0321030884307623,0,12.743446167487487
98.44114232063293,242,14,0.8286478205081126,0,12.892466606098893
98.8326096534729,243,13,0.920510905771798,0,13.082661652051355
99.23251485824585,244,13,0.26271975592099706,0,13.185961983180054
99.62248229980469,245,14,4.2981864391392675,2,13.2838718441843
100.02082800865173,246,14,2.2580880954252796,0,13.507344240016518
100.44588613510132,247,14,1.459234957436468,0,13.679961460655026
100.8840754032135,248,13,1.5676678434692253,0,13.848190442395232
101.31373357772827,249,14,1.4127502448799576,0,13.979954045841982
101.73215126991272,250,14,0.5348204244672009,0,14.088111561132143
102.13284659385681,251,12,1.7247627157620586,0,14.18572437718299
102.54704236984253,252,13,1.2425893735953395,0,14.11889954901575
102.95273661613464,253,14,0.8690475599516823,0,14.126119516320847
103.35660004615784,254,14,0.9481151686013483,0,14.205935992523433
103.74547624588013,255,13,2.175875866160207,1,14.275692883327249
104.22338938713074,256,13,0.5295780621542856,0,14.320959435213306
104.61735677719116,257,12,0.9278531470591572,0,14.351045375538185
104.99795436859131,258,13,0.6711290382547951,0,14.297271525289682
105.37038493156433,259,12,0.9866657057296695,0,14.371340725932372
105.7904281616211,260,14,1.812962086254822,0,14.372528764883615
106.27982568740845,261,14,1.2920510828390925,0,14.541200222133057
106.74827241897583,262,14,0.4742713644691789,0,14.70456785112224
107.15509819984436,263,13,0.9846313140993544,0,14.748902105672812
107.61399745941162,264,13,1.3887785272272142,0,14.765433181415506
108.05743217468262,265,14,2.1597641640424086,1,14.77479132354628
108.47673225402832,266,15,1.5666053798786082,0,14.857645695402017
108.97897052764893,267,15,1.4095937692087839,0,15.027792126741733
109.45834684371948,268,16,0.5260390454358309,0,15.187361181833225
109.9208984375,269,16,0.8615962636683655,0,15.362763630479769
110.29950499534607,270,17,1.1505095644622603,0,15.51231422062304
110.75009870529175,271,17,1.102782091439607,0,15.744235010364736
111.28244352340698,272,15,1.1869450845717853,0,15.975226397038366
111.722323179245,273,13,1.0754966902517547,0,16.003236239064318
112.11732769012451,274,13,0.40633024335135237,0,15.898381770357716
112.52889585494995,275,13,1.194824419760665,0,15.790383098963122
113.05532836914062,276,12,0.7756614329949661,0,15.692994944523408
113.59833312034607,277,14,1.3102331482214753,0,15.561539600552624
114.05103182792664,278,14,0.7733394830688767,0,15.527594507485196
114.48816204071045,279,13,0.9784987768549022,0,15.542616660191142
115.00088953971863,280,13,0.36243789980629215,0,15.350979894799105
115.48839521408081,281,16,1.3244937876822516,1,15.145628281560963
116.02874541282654,282,14,1.0790686534207854,0,15.14999731359151
116.52259635925293,283,13,1.9842363792090325,1,15.010071840668187
117.01837372779846,284,15,1.6662590773006496,1,14.826406581163035
117.4734959602356,285,15,0.8963848656709833,0,14.874934847293598
117.98659873008728,286,16,0.45280591460361486,0,14.92019918853563
118.41677284240723,287,14,0.8873847709838031,0,14.987529685680268
118.8600549697876,288,16,1.402871512559002,1,15.028188893169105
119.3040452003479,289,14,1.4989001757235276,0,15.24917648444083
119.75665473937988,290,14,2.3325072539869143,1,15.283642825077173
120.19651556015015,291,15,1.790940778011686,1,15.31643669916277
120.63013625144958,292,15,0.6449615323791598,0,15.277012209245001
121.05077862739563,293,14,1.3952933228864144,0,15.228333414347606
121.46912026405334,294,13,1.8706367455831798,1,15.1364716719118
121.89273619651794,295,12,2.487649235264639,1,14.954608171164498
122.31265997886658,296,13,1.6370811158656933,0,14.842687087203881
122.75288462638855,297,13,1.9506528205980351,1,14.826644978370389
123.19117736816406,298,13,0.7487077033293469,0,14.763362819087288
123.62463164329529,299,13,1.8258578742093277,1,14.239773266610866
124.06042051315308,300,13,2.4652017420964825,1,14.215627610433607
124.46880459785461,301,13,1.9144764627898656,0,14.144527381891113
124.88658571243286,302,13,1.7753407661862706,0,14.076706360891398
125.61324143409729,303,13,3.5314205341401075,2,14.014809952009468
126.11791658401489,304,13,1.2806439766391629,0,13.89871424407628
126.56512260437012,305,12,2.7341043989139724,0,13.782702487348894
126.96295809745789,306,12,1.3403138741438916,0,13.633866564775117
127.33656406402588,307,11,1.3831132472456764,0,13.491887533987509
127.71864891052246,308,12,1.2844020598768469,0,13.271807630367515
128.10143852233887,309,11,1.137995398481193,0,13.093828004428708
128.48859477043152,310,11,0.39633842606873065,0,12.887496789126114
128.88080501556396,311,11,1.0517270395645972,0,12.689351265888295
129.26492977142334,312,13,1.2493416084866664,0,12.398029411620906
129.6661262512207,313,13,1.3224377730994474,0,12.323216664704406
130.0620412826538,314,12,1.772566222825075,0,12.299151752111925
130.4495813846588,315,12,1.1490652234792011,0,12.196307067082774
130.82209587097168,316,14,0.4160452847544455,0,12.047538846818219
131.20643711090088,317,14,5.4152699048211295,3,12.060836857624787
131.60769701004028,318,13,1.2978341447962523,0,12.017938621435034
131.99715328216553,319,2,6.7314379980783094,1,11.941494275132866
132.37525129318237,320,12,3.5015983657912617,0,10.935569914778473
132.77384734153748,321,11,1.443248781778804,0,10.847312331647156
133.15420413017273,322,11,1.6205594531173566,0,10.686170830748893
133.55378246307373,323,10,1.4621711999707725,0,10.527889590082971
133.9365553855896,324,12,1.9155880043188802,0,10.244679249102852
134.33548212051392,325,12,0.5410510653981483,0,10.122403327481958
134.72573566436768,326,11,1.5346027387505254,0,10.055551790096558
135.12692523002625,327,12,2.410798843452129,1,9.96375825181147
135.51335167884827,328,12,0.8827082511812023,0,9.963252290806604
135.93943071365356,329,13,2.292393990280103,0,10.016757248413683
136.3240237236023,330,11,4.583887177517603,1,10.167910485748312
136.7235381603241,331,11,1.4907476978273224,0,10.21852684919181
137.1088263988495,332,11,1.362512364830377,0,10.286208788006647
137.5005874633789,333,9,1.3205789506758656,0,10.256881963981634
137.93395900726318,334,9,1.0291553318925846,0,9.95695569780267
138.32168102264404,335,9,1.042092987513607,0,9.668997478140472
138.71563911437988,336,8,1.9464210595266271,0,9.385587209424731
139.09704160690308,337,8,0.6810930152787796,0,8.973165218833127
139.4805645942688,338,9,2.4004133728242176,0,8.68204722000737
139.86216068267822,339,9,2.4359610737305015,0,8.485468678763507
140.26055526733398,340,10,4.028319130004803,1,8.237317972789313
140.64720153808594,341,11,1.6649707366542108,0,8.083427576131989
141.0285975933075,342,13,1.4703177644661598,0,8.193469090968044
141.4297218322754,343,15,0.43608036375688425,0,8.364784191534483
141.8093945980072,344,13,1.8346082397714043,0,8.655597118033654
142.20024299621582,345,13,1.889733390414525,0,8.889002959693869
142.58164930343628,346,14,2.272400447767319,0,9.130918536488057
142.9814305305481,347,15,1.7914951596007644,0,9.517862739767487
143.37539386749268,348,15,1.49966906533308,0,9.883720420388808
143.79554629325867,349,16,0.7881645299491874,0,10.362691137317446
144.20648908615112,350,15,1.121927610332152,0,10.820117687464318
144.61996173858643,351,17,1.3504367385857476,0,11.19146271484324
145.02185106277466,352,13,1.2119012844074717,0,11.793948923235595
145.4289870262146,353,13,1.380827665343187,0,12.051320531234163
145.8169219493866,354,14,3.5421390285261,2,12.256990559305601
146.27098417282104,355,14,0.6517114780330255,0,12.496156017292483
146.70632672309875,356,13,1.7608928638605275,0,12.676149725727
147.1298930644989,357,16,5.271307734001327,2,12.823794056387467
147.56853365898132,358,13,2.541824700000024,0,13.238011354569803
148.02450513839722,359,9,1.815304682113391,0,13.382889696278784
148.4586102962494,360,11,1.9963753884379445,0,13.168809808333167
148.89358520507812,361,10,0.527541655324618,0,13.142214812643129
149.31243634223938,362,9,2.2149576794435384,0,13.02893685747658
149.74104356765747,363,8,1.8799292946933108,0,12.832810604811483
150.16650986671448,364,10,2.343989584092691,0,12.550546450887378
150.59855580329895,365,10,3.4934295495164625,1,12.46019607388462
151.03492975234985,366,12,3.441374333689852,1,12.319525767157458
151.46887063980103,367,12,1.0482357549467498,0,12.364717129848575
151.91176986694336,368,13,3.2402130401494627,1,12.353391963038128
152.34571528434753,369,13,1.5181442076578038,0,12.48660384323463
152.79297399520874,370,12,2.2924013112562425,0,12.5609341485224
153.23728275299072,371,14,2.6640128523307856,0,12.539265294751624
153.67903971672058,372,13,1.7717891360541203,0,12.696686642839895
154.11817002296448,373,13,0.5661919459630047,0,12.868164690137014
154.52276802062988,374,13,2.4749568988661874,0,13.036185477865738
154.95140099525452,375,14,3.0109115646445765,1,13.14870813374361
155.34207677841187,376,14,2.7526199418161803,1,13.34518738704188
155.73840928077698,377,15,1.9455013156636507,0,13.646657534049353
156.13046288490295,378,13,2.165155329219673,0,14.034335986885331
156.53018712997437,379,13,0.7962184803556781,0,14.185056409929139
156.91938638687134,380,13,1.625193281188474,0,13.732506476674187
157.3066816329956,381,14,3.6086339180242906,1,13.803338039207215
157.69606375694275,382,12,2.383010798716474,0,13.905003948528522
158.08320236206055,383,13,2.004961652598128,0,13.825199054475206
158.5339117050171,384,14,1.7301993908948385,0,13.782522951943692
158.9863805770874,385,14,0.6383746863177109,0,13.928353791680813
159.44622778892517,386,14,2.4401867572944567,0,14.070068579894368
159.92073941230774,387,14,3.5555086762280705,1,14.153922509367005
160.39949107170105,388,14,5.552556870864102,1,14.28543631949309
160.88377499580383,389,12,5.720605692441517,2,14.412624835794057
161.3427231311798,390,11,6.373356911843084,2,14.408558592221533
162.1772017478943,391,12,1.232633045106416,0,14.246636749094064
162.71240735054016,392,13,4.059343306691943,0,14.132893386461117
163.1667079925537,393,14,3.125732100068498,1,14.101038811780953
163.64508295059204,394,16,1.9253440312259698,0,14.047830173696335
164.08758115768433,395,14,4.024022724234861,1,14.165288344134849
164.47852635383606,396,14,3.337681881751432,0,14.078102333578013
164.90398955345154,397,14,0.6815340579658338,0,13.929728359840865
165.3381152153015,398,12,3.206180386899826,0,13.770105536029291
165.7818636894226,399,13,1.747231828582512,0,13.473400172280146
166.22341227531433,400,14,2.527603881513754,0,13.261890597574201
166.67665815353394,401,12,1.991185482318028,0,13.186120456773402
167.1423966884613,402,13,2.44257092626385,0,12.977515762580673
167.6014211177826,403,14,0.7755163038364079,0,12.96381629038667
168.0479736328125,404,11,3.0245512206724396,0,13.145839348596912
168.4988090991974,405,14,3.5444663801591205,0,12.957327100234545
169.0289433002472,406,12,2.314774260229764,0,13.038503572975456
169.58647465705872,407,4,42.343956933482005,4,12.994281769938263
170.11648082733154,408,13,5.935791880847973,0,12.293953617756422
170.64879727363586,409,11,1.2659414737899894,0,12.42538556215481
171.04142212867737,410,10,1.3975781409161823,0,12.438296891678121
171.43944716453552,411,9,1.9513608060280874,0,12.320061762054234
171.83723521232605,412,8,2.4257062105641176,0,12.233710537193693
172.22310209274292,413,10,1.1275588760899633,0,11.868543893286386
172.6080629825592,414,11,1.9179509406690545,0,11.692513275188073
173.00646829605103,415,8,1.1145597736150867,0,11.662877189285531
173.40735507011414,416,12,2.3399342120521216,0,11.385039227338813
173.7977318763733,417,14,4.789602475001851,0,11.40931937443721
174.20654225349426,418,15,2.2277707644412894,0,11.757627240390615
174.61830019950867,419,15,0.705181332584564,0,12.036237322402544
175.02427053451538,420,13,2.4196303645953257,0,12.102943398585165
175.42023634910583,421,13,2.4711136590035188,0,12.092745972642257
175.8180446624756,422,10,1.1585213071635985,0,12.026953178178921
176.2051386833191,423,13,2.3597375696804237,0,11.657914249601165
176.5969603061676,424,14,1.4884719731834013,0,11.482059261815891
176.98305249214172,425,14,0.5073794264665715,0,11.47846932031483
177.37506794929504,426,13,1.99343129375978,0,11.46492214327911
177.79451322555542,427,12,2.601663063722388,0,11.461177792883912
178.19345474243164,428,11,2.494425684501447,1,11.375696945146835
178.58395791053772,429,10,3.9353379027456725,2,11.261131398327379
178.99362516403198,430,11,4.090975612573193,1,11.069034761795873
179.39470911026,431,11,1.3512854035289008,0,10.913113786647106
179.8522162437439,432,8,2.1268093855910624,0,10.855994333648361
180.2878999710083,433,12,7.035359367979183,2,10.514477085967574
180.74899744987488,434,11,2.4347383651781067,0,10.502767273834255
181.17252588272095,435,10,2.0251996498941534,0,10.416200544971488
181.646831035614,436,13,5.023467691118899,2,10.299108352632949
182.0975489616394,437,14,1.1139505665880247,0,10.43849324077489
182.55978965759277,438,10,2.6031634323066766,0,10.716104487843772
183.01554822921753,439,11,2.6638005444097064,0,10.561502880074329
183.40765523910522,440,11,3.087158715617442,0,10.501408405817752
183.8408088684082,441,11,2.786518963494327,0,10.44116091739171
184.27547025680542,442,11,3.322123027377819,1,10.440267854453879
184.668128490448,443,12,0.8443360717828604,0,10.33820123377414
185.10168027877808,444,9,1.9586057308259255,0,10.372702551493436
185.49738025665283,445,9,4.697128022682315,1,10.219989651441818
185.89151859283447,446,10,5.88369020712156,1,10.07862524358989
186.2688410282135,447,11,2.765651297800434,0,10.033858360534055
186.68521690368652,448,11,2.3907291098835963,0,10.078154103817958
187.07047414779663,449,11,0.5272721891043763,0,10.1332860779576
187.48438906669617,450,10,3.3359425281267687,0,10.077252092595426
187.9033751487732,451,10,4.889566158138617,1,9.879804148860885
188.30198454856873,452,9,2.6623920898474105,0,9.748367246481973
188.78689742088318,453,11,4.701467920923203,1,9.584026537664197
189.609441280365,454,9,4.022453737021179,1,9.620301053470431
190.07160305976868,455,10,1.4579165273206431,0,9.648510813390978
190.46172094345093,456,10,3.6374460697177597,0,9.674332229946167
190.85434222221375,457,10,2.9597330479138657,0,9.708993050731475
191.2702281475067,458,10,3.5762671500154,0,9.750823125505882
191.7060308456421,459,6,3.5923401311473278,0,9.685233613807302
192.1454200744629,460,10,4.505690749999117,0,9.328404608317957
192.54842329025269,461,10,1.3516207208699054,0,9.403056762547628
192.94270157814026,462,10,2.497292344310222,0,9.372816607928595
193.33149766921997,463,9,3.1621958754967885,0,9.404693704823515
193.7402172088623,464,10,3.803020509583742,0,9.410795174696208
194.14329934120178,465,9,2.0110734968672395,0,9.346674702522701
194.53326797485352,466,8,2.0078206787776405,0,9.367967892872391
194.92868304252625,467,8,0.7073113735347067,0,9.201684887664118
195.32182025909424,468,7,2.036513781449731,0,8.609205174129215
195.70320057868958,469,6,1.949742769140153,0,8.41612429781489
196.10130858421326,470,2,66.52195204113886,2,8.044637991757476
196.50188326835632,471,7,8.673831061488672,0,7.292370096371322
196.89597821235657,472,7,2.9589733837786847,0,6.934648904621177
197.29087281227112,473,7,2.641072128037698,0,6.52962933108828
197.68190217018127,474,7,2.1001639979179703,0,6.233329193334534
198.10879731178284,475,6,3.07862538450412,0,5.987547388524298
198.50274348258972,476,9,1.0079281700606144,0,5.516246610580083
198.89490008354187,477,10,5.262799252605551,0,5.512929878527267
199.28723526000977,478,12,3.730357487910664,0,5.704218778779989
199.6803321838379,479,11,5.038010628514124,1,6.122721093371368
200.08513569831848,480,9,3.422450772167795,0,6.460780597729034
200.4926254749298,481,11,4.601290745796104,0,6.534601404930392
200.88238048553467,482,11,1.2733372304196273,0,6.7870410556433995
201.2761492729187,483,13,4.588457713975492,0,6.8825088320420065
201.72078108787537,484,11,3.9899505471055314,0,7.293416166461796
202.15478682518005,485,10,2.8310378926314472,0,7.59668963910088
202.5969865322113,486,10,5.974347104066419,0,7.824942024100459
203.01228761672974,487,9,3.9741144473553724,0,8.013017491493613
203.4522614479065,488,9,1.4362724267017137,0,8.067464427659552
203.89315700531006,489,10,2.7296700197065293,0,8.074353035726457
204.33260083198547,490,10,6.2630045112042945,1,8.115613373461443
204.7758767604828,491,9,2.3108773162977267,0,8.213260274095738
205.21318078041077,492,9,2.6999803752822547,0,8.229067481221389
205.62115621566772,493,9,1.5279305235155234,0,8.08278302659366
206.01381707191467,494,9,0.535800240766817,0,8.161230153419307
206.42330932617188,495,8,1.5748649096409404,0,8.18892259202907
206.86324286460876,496,11,4.940391837072099,0,8.076609814141122
207.32201862335205,497,11,3.482903595506509,0,8.396333296946958
207.7839834690094,498,11,2.5936377797949586,0,8.780186687934835
208.22463631629944,499,10,2.2681549676725954,0,8.947802466127062
208.67237901687622,500,10,0.7890759129843237,0,9.082586395183416
209.30443024635315,501,12,2.78789132634776,0,9.218554625371254
209.9205801486969,502,10,2.210948301261717,0,9.541823173103074
210.44316577911377,503,11,8.244928919939536,2,9.68491959541198
210.9910261631012,504,13,3.929643565668097,0,9.982772130714865
211.62721729278564,505,13,2.487550490363419,0,10.2987328218033
212.17943835258484,506,14,0.8709285110774664,0,10.604961485080791
212.72634100914001,507,10,1.5864597794521678,0,11.056202146208758
213.233407497406,508,9,4.235895979065538,0,11.1721459043025
213.80018520355225,509,7,2.5065121732537006,0,11.199039231757473
214.22987365722656,510,7,4.9740116708256785,1,11.02621586927873
214.68637132644653,511,9,2.2388985526513614,0,10.809683591476848
215.12986421585083,512,9,0.5745316391968396,0,10.791416282053017
215.6108832359314,513,11,4.3483252053165815,1,10.720732964278515
216.0646209716797,514,10,5.95166730934681,1,10.951016398685685
216.51363945007324,515,12,6.621413186623567,1,10.967312425048311
216.99726581573486,516,11,2.9323862516161445,0,11.222668109816349
217.43340730667114,517,13,4.638012286782147,0,11.373511890839449
217.96868062019348,518,13,0.7804236119230232,0,11.71336901245458
218.6677827835083,519,12,3.207183890896013,0,12.06432772681643
219.16575455665588,520,12,4.175721948116703,1,12.074279515516245
219.6253161430359,521,10,2.0097214931392497,0,12.276585344080722
220.09214735031128,522,12,3.0393942415133806,0,12.289210562654539
220.53159308433533,523,10,2.2610688140317814,0,12.479832219304868
220.988929271698,524,10,0.8522211625539573,0,12.435417990605298
221.41570925712585,525,8,2.4239730442583776,0,12.436855684980053
221.87596368789673,526,10,2.652257486032505,0,12.217851805332145
222.32399797439575,527,10,3.4731319663016227,0,12.128950860608365
222.76536345481873,528,10,3.144299025435991,0,12.037425124505539
223.20377397537231,529,11,3.943794888321917,1,11.894551864322763
223.6639428138733,530,11,0.6187482381485683,0,11.78667145195191
224.15768122673035,531,12,1.6537859427154498,0,11.476071027871157
224.66200280189514,532,12,3.1495198306037593,0,11.479036574047072
225.112872838974,533,13,2.590895840251424,0,11.46770655662251
225.56055092811584,534,12,2.71508399475146,0,11.52994591572717
226.02461791038513,535,4,14.752676081809767,1,11.495915022043816
226.4452142715454,536,10,1.5841461021173167,0,10.735403831751299
226.88013648986816,537,12,1.5713759070152586,0,10.63036192072056
227.35652112960815,538,12,2.480068178426588,0,10.737564167477165
227.80654859542847,539,13,1.0678167696869436,0,10.937153730322237
228.2437665462494,540,16,2.112900280185691,0,11.168332788533412
228.68700742721558,541,16,0.592579438329073,0,11.540240511611497
229.1606388092041,542,16,1.5763539821839678,0,11.995191704608454
229.62726402282715,543,12,0.6966488805375294,0,12.438892090719492
230.10317397117615,544,13,1.958454691068519,0,12.648381777837438
230.55855631828308,545,13,1.5380061465110797,0,12.839574803082835
231.01617336273193,546,13,1.321335397822685,0,12.97691006921206
231.4895098209381,547,13,0.5459686553212695,0,13.10982071642209
231.91227912902832,548,13,4.252677677686436,1,13.180363580246821
232.3636245727539,549,12,1.8998416343691582,0,13.245939186321444
232.7983603477478,550,12,1.9584386625518624,0,13.271505335109907
233.25288701057434,551,11,1.7088019209446452,0,13.295731738508742
233.68247628211975,552,12,2.9040595272924565,1,13.181441544480831
234.10880208015442,553,12,0.706864697388784,0,13.143251846370228
234.52675080299377,554,11,1.397366257944681,0,13.098050630062389
234.95143866539001,555,11,1.2829156420223506,0,12.96714114667995
235.3817276954651,556,9,0.6462039957383365,0,12.778776177814795
235.8029384613037,557,8,0.5523727006757622,0,12.582116259371952
236.22149324417114,558,8,0.8126000205558521,0,12.309459485678612
236.64711546897888,559,8,0.287380030573226,0,12.043157348629409
237.0737807750702,560,9,2.3384670717879925,0,11.727363023238851
237.5238161087036,561,12,7.259570256978031,1,11.494410551773015
237.9420886039734,562,10,1.2030542118533663,0,11.614505101601807
238.3608524799347,563,11,0.6425255326608424,0,11.462750616320287
238.80379438400269,564,11,0.7652536447712386,0,11.446650255564196
239.21898436546326,565,11,0.2777258565033399,0,11.540004121755985
239.635986328125,566,11,1.0192656396017241,0,11.637054104720432
240.0605878829956,567,11,1.034404047449847,0,11.793153837521032
240.47478938102722,568,10,0.9070770214139501,0,11.739242934383142
240.88785004615784,569,11,1.355703690396209,0,11.547333912955652
241.30369639396667,570,11,1.2578686367579335,0,11.327427897202595
241.74808883666992,571,11,0.4653108474705818,0,11.096292852240877
242.1615345478058,572,10,1.4144061119001272,0,10.962524880580354
242.56415796279907,573,10,1.8219311490649186,0,10.741395741279902
242.98010778427124,574,10,1.126921180639796,0,10.625825623267247
243.3975532054901,575,10,5.63709428701914,1,10.45684533118184
243.81114983558655,576,8,2.1290240441347876,0,10.396994765192288
244.22570729255676,577,8,0.8196666107039012,0,10.121788329963621
244.63143825531006,578,9,2.244985988566126,0,9.963559572487172
245.04226970672607,579,6,0.36949452594575355,0,9.898296919667247
245.4433717727661,580,7,2.0719986549259564,0,9.540549300209936
245.85664772987366,581,8,1.8522770888399298,0,9.277343115923156
246.27593517303467,582,10,1.1661281183774876,0,8.997909532273123
246.72597742080688,583,13,0.3053049365911315,0,8.993005924474371
247.60119009017944,584,8,1.8307046028937985,1,9.093805817817067
248.04178309440613,585,12,2.5941359589793835,1,8.806458139511658
248.50765562057495,586,12,1.871048578702449,0,8.755349478809862
248.89800596237183,587,11,1.0913011899587457,0,8.817170903768698
249.29911398887634,588,12,1.5211954355104849,0,8.785053394371658
249.6925778388977,589,12,0.5460155698339119,0,8.837172552766525
250.0896897315979,590,12,0.8350856560683002,0,8.939137450978144
250.49160051345825,591,13,0.7992615264223198,0,9.037380607209244
250.8933389186859,592,12,1.0923139354126286,0,9.274493295797207
251.27526116371155,593,14,1.176712293518401,0,9.424816441780926
251.6629123687744,594,13,1.7365897975564457,0,9.798433362832558
252.0546009540558,595,13,0.6301549286918497,0,10.027955302965792
252.45016431808472,596,11,0.9471821650206234,0,9.814711335379343
252.84489059448242,597,12,1.16952257536875,0,9.740613834584785
253.2591257095337,598,12,0.6328381607472469,0,9.856524863425058
253.66136026382446,599,12,1.1921810517833646,0,9.973527010807242
254.04932284355164,600,13,3.9681232468326764,1,10.146135738046306
254.49588775634766,601,2,22.099297668879473,2,10.56748611580614
254.91715455055237,602,14,14.376329531166823,1,10.071999197349067
255.33627796173096,603,15,3.282507227522174,0,10.62018956677687
255.7718186378479,604,17,4.295192997048046,2,11.038458015922158
256.19866967201233,605,13,2.4976924614047165,0,11.675434882674574
256.62445068359375,606,15,2.5532256520330523,0,11.965312854527511
257.06949162483215,607,17,0.695838722120675,0,12.426777876915814
257.5018217563629,608,15,1.979827914743603,0,13.053547364945171
257.94346833229065,609,18,3.7997589292063956,2,13.503280881508584
258.3823838233948,610,14,1.5599673099432882,0,14.1500323579697
258.8330087661743,611,15,2.1046185886352027,0,14.443670075732193
259.27344822883606,612,14,2.1226774663198387,0,14.761358319209961
259.6798007488251,613,15,0.7554569781627918,0,15.031639485109906
260.0873188972473,614,14,1.5819846303582596,0,15.382926367538879
260.4861841201782,615,14,1.2382399215727464,0,15.585045048321767
260.95222544670105,616,14,3.046237952220865,1,15.796656590662003
261.41469049453735,617,16,3.331680630934402,2,15.89016211164325
261.8496208190918,618,14,1.9050182372677478,0,16.081633079641477
262.28421688079834,619,14,0.7072994118009995,0,16.08194667168518
262.74185729026794,620,15,2.0666365867795458,0,16.073277627475186
263.19316053390503,621,13,7.787017792373618,1,16.18967680765413
263.63154458999634,622,13,3.458526942697034,0,16.280193719234994
264.0675735473633,623,11,3.4566581914405097,0,16.257455911144056
264.510618686676,624,12,7.016414711089956,1,16.111007857769238
264.9928472042084,625,12,1.3229054615067244,0,16.059051183470075
265.43725633621216,626,12,1.7005459768151974,0,15.994677752620362
265.8748173713684,627,13,5.40412636011384,1,15.926329632774213
266.3224050998688,628,12,2.7784943632752004,0,15.94488926160642
266.7698893547058,629,14,2.6078608855961263,0,15.815911096432814
267.20900559425354,630,13,2.422697797818896,0,15.910377311739687
267.67156529426575,631,13,0.8798513150159504,0,15.915219440447927
268.10648465156555,632,14,3.02522459220201,0,15.908682244198012
268.55480194091797,633,15,4.555036705822492,1,15.932391644471537
268.99655199050903,634,16,6.9204762686282875,1,16.03277876591062
269.401478767395,635,14,2.74377021452184,0,16.20126202318942
269.7933804988861,636,15,2.5925036462590145,0,16.179266119539818
270.1930215358734,637,16,0.8497954164802171,0,16.127070709613925
270.5864951610565,638,14,2.2203981918307965,0,16.144646549413018
270.9902775287628,639,13,2.3112476781539764,0,16.02948277377399
271.37034463882446,640,12,3.895307844250178,0,15.648670931237625
271.76926851272583,641,13,2.717331763995023,0,15.225964335133916
272.1620578765869,642,12,2.2885262838291056,0,14.9320487688891
272.5493116378784,643,12,0.7604036421506701,0,14.652538487601838
272.9409818649292,644,11,2.5785496709871216,0,14.535720576715153
273.3358314037323,645,11,2.503167500816468,0,14.070651089917245
273.7548031806946,646,11,1.8716508425690839,0,13.812726527261555
274.1939208507538,647,10,2.0005468981608856,0,13.55806516753915
274.5810384750366,648,10,1.9224989875642955,0,13.168639530158423
274.9845452308655,649,10,0.7240196135159779,0,12.8356962028076
275.69107723236084,650,12,2.5860321641333566,0,12.497168495685836
276.1055543422699,651,10,1.8143012226464927,0,12.338438250466364
276.616557598114,652,10,3.641948971237663,1,12.056639356289686
277.07151317596436,653,10,2.947813913810034,1,11.72976603873979
277.5159237384796,654,12,25.299294998686705,1,11.516429136212015
277.92090463638306,655,14,1.1977176334094328,0,11.434818970381944
278.36391949653625,656,12,3.0302148042134593,0,11.52448816860672
278.80215716362,657,11,2.5227400259924604,0,11.33048957713445
279.2619228363037,658,13,3.0864305335924977,0,11.09979296492364
279.7299883365631,659,12,2.237886426940221,0,11.043162129426413
280.23699474334717,660,12,1.8034312303795692,0,10.892747980262769
280.82627415657043,661,14,0.5524035259900844,0,10.787415380136494
281.3963611125946,662,13,9.1036645659094,1,10.246431042662294
281.97586369514465,663,14,2.4865581651182898,0,10.261822754908366
282.6088352203369,664,10,1.856718967447689,0,10.42343991021992
283.2117609977722,665,11,2.244046041344552,0,10.344532900603078
283.83388566970825,666,11,4.6046458144102145,1,10.143944936410655
284.41380739212036,667,6,37.6800823328514,4,10.072358556296514
285.00099539756775,668,7,4.177733229847019,0,9.653230673144165
285.5696716308594,669,6,2.072567052134257,0,9.244876376179832
286.149352312088,670,6,1.8609883928867412,0,8.933747497772437
286.7387363910675,671,8,4.8454265544535104,0,8.42266990060493
287.30954575538635,672,7,2.0179374245146193,0,8.18799402598843
287.89591217041016,673,7,0.6830062823909046,0,7.817577129335916
288.465535402298,674,5,1.0816514417635092,0,7.528112351063321
289.06156849861145,675,7,2.4840176112717405,0,7.007072049790239
289.5552170276642,676,7,2.4305160064438494,0,6.729866269575751
289.947154045105,677,8,2.4382460818526446,0,6.499257014722247
290.34018445014954,678,11,3.6458947260479753,0,6.4880362887443255
290.7274305820465,679,11,0.8258399549712184,0,6.660574566142586
291.16185331344604,680,10,2.4133007097614025,0,6.820022313948371
291.7332262992859,681,10,1.5660924371816496,0,6.913488186852575
292.32396602630615,682,9,1.8356636759376168,0,6.912082779898078
292.89359736442566,683,11,3.6772554633309817,1,6.834331892371296
293.48882246017456,684,12,1.9423799778379178,0,6.838948828107725
294.09953117370605,685,12,0.6484598912496381,0,6.984276871129659
294.66490483283997,686,12,1.5532757622724445,0,7.1412108551758635
295.2588748931885,687,12,1.5423076625635184,0,7.292250434548258
295.8607687950134,688,10,2.472610364843617,0,7.492598418796383
296.4250473976135,689,9,2.7835241029115894,0,7.471628351151857
297.01759934425354,690,8,1.7180432450368004,0,7.460599556746267
297.595609664917,691,8,0.643141913560611,0,7.324904276295612
298.18745708465576,692,7,1.7880344648469872,0,7.199839740533456
298.6958203315735,693,7,2.3590947458543505,0,7.06140190376302
299.08110523223877,694,8,2.7153237581891285,0,7.007577204756281
299.46619939804077,695,9,1.9898622634799228,0,7.100433152706266
299.8486533164978,696,10,6.2100164619917395,1,7.195520491888594
300.24037766456604,697,10,0.8368873779727305,0,7.421548158324143
300.625107049942,698,8,1.877428501649092,0,7.695245866578745
301.0244228839874,699,10,1.8113365392987166,0,7.720243003228006
301.4050235748291,700,7,1.6439249075585554,0,7.870468141399549
301.8005311489105,701,9,2.6494728556434057,0,7.740978225370853
302.1794373989105,702,10,3.2883198113014793,1,7.8230301908530535
302.6143066883087,703,10,0.8822502693993677,0,7.9365015519012765
303.0981819629669,704,10,2.6798173414396196,0,8.047903746717346
303.56304264068604,705,9,1.5581344606515843,0,8.11878512332062
303.9481325149536,706,9,1.5422948360087143,0,8.121266314662897
304.3539593219757,707,9,1.4544199946900125,0,8.124735788121484
304.79098629951477,708,10,3.873593135299818,1,8.082039188982645
305.23115038871765,709,10,0.7593199841182754,0,8.114410240033564
305.6330018043518,710,10,1.5863867652064096,0,8.1484407425922
306.03434658050537,711,11,1.9524921019005828,0,8.277232927635435
306.4300196170807,712,12,2.576454110324713,0,8.388932654391265
306.84578466415405,713,8,1.6269993181542075,0,8.570314381595946
307.22502994537354,714,9,2.1754918677045447,0,8.45421610354375
307.6220152378082,715,10,0.9353241528227992,0,8.51080462866031
307.9979364871979,716,10,2.3237505714317837,0,8.747735400150704
308.3784384727478,717,9,1.9486715216856136,0,8.89590338214309
308.7598776817322,718,9,2.023614435016864,0,8.926328145060884
309.1405327320099,719,8,1.9344160977430187,0,9.064878841804113
309.5227539539337,720,8,3.506918250327579,1,9.090185680699147
309.9109387397766,721,9,0.9908608570299532,0,9.126064296567586
310.29203629493713,722,9,2.2387840751936707,0,9.352640950518756
310.67355608940125,723,8,2.9680495309322863,1,9.541595118864079
311.0527548789978,724,10,1.6848649946124334,0,9.723447479050547
311.4725284576416,725,7,1.8958657036724667,0,9.855560595216957
311.90950989723206,726,6,1.6312190124310466,0,9.820163016702097
312.3461697101593,727,6,0.6368053722146746,0,9.716694219512213
312.74688696861267,728,8,7.232870416990189,2,9.343543763233836
313.131591796875,729,7,1.3584473719008021,0,9.173374553480429
313.5323328971863,730,7,1.5744817771742756,0,8.864989279039392
313.92733669281006,731,8,1.1055408917228426,0,8.549123590130321
314.3074233531952,732,9,2.1341586542837976,0,8.417453887185731
314.698424577713,733,9,0.6680221204423391,0,8.305543347776561
315.0827090740204,734,10,5.739728432676359,1,8.18803879302661
315.4592363834381,735,9,1.8484268342175934,0,8.03085916531774
315.84265875816345,736,10,1.8547771136952609,0,7.894584955417475
316.2410831451416,737,10,2.7439647130270415,0,7.829383095226781
316.63248324394226,738,10,2.525436564080504,0,7.811622842527306
317.0295741558075,739,10,0.9237785114669581,0,7.963120174412111
317.423054933548,740,10,2.8836229106997764,0,8.120743968610121
317.8152332305908,741,10,1.3720526961582191,0,8.223406383271907
318.2452247142792,742,10,2.512158916048254,0,8.326701613356647
318.7382061481476,743,11,3.8934129017654113,1,8.368365210567502
319.2245993614197,744,11,1.3933156648274572,0,8.621127606181982
319.6400656700134,745,11,0.48714651937625847,0,8.945374566025846
320.02588391304016,746,11,1.8911911519763902,0,9.27556834881548
320.5255661010742,747,11,2.5943056567479474,0,9.613116292063387
320.99843764305115,748,11,1.7462362597657468,0,9.95735561137802
321.39833974838257,749,11,1.798877459910043,0,10.17892636489935
322.31129002571106,750,10,2.4623525944468314,0,10.370667048704252
322.8201172351837,751,10,0.8978215075818414,0,10.377369329986962
323.236581325531,752,12,3.606970792158138,1,10.372294277963693
323.6162841320038,753,9,1.6407624510026133,0,10.489103937219749
324.00045704841614,754,10,2.822991907459646,0,10.31442328302016
324.37646985054016,755,10,2.461334865564694,0,10.28712875831466
324.7524383068085,756,11,2.1395351262660176,0,10.312738209170918
325.1267635822296,757,11,0.6829708084327192,0,10.483169778650426
325.5938756465912,758,7,1.6820993858440214,0,10.655635346095975
326.09401965141296,759,8,2.5650338507333115,0,10.351681925679483
326.57610297203064,760,7,1.3298943059632768,0,10.25226200993381
327.06750655174255,761,8,9.749648822141625,1,9.8953640176724
327.4701335430145,762,7,3.4597863294429168,0,9.741722759297685
327.85854959487915,763,8,1.2702872515654011,0,9.557937856431316
328.30096411705017,764,5,2.6461249344281126,0,9.47419796912484
328.78848600387573,765,7,2.9026600956781787,0,9.124557577617917
329.2687816619873,766,2,10.465008824529013,0,8.912291526393648
329.7557692527771,767,12,4.7316231429759625,0,8.251969212291533
330.1540586948395,768,11,2.4808038258886413,0,8.519970815498883
330.59426522254944,769,10,2.1605201815315795,0,8.740386325563133
331.0044403076172,770,12,2.8790733896199874,0,8.867235776038457
331.5002021789551,771,12,6.647137705627339,1,9.169879125656552
331.9009747505188,772,12,1.6513050742104416,0,9.519317550734225
332.3117115497589,773,10,4.749309374769792,0,9.914405619863249
332.6992130279541,774,12,7.033509548706972,1,9.918214277136858
333.09340167045593,775,11,2.315689671391694,0,10.143996492359094
333.49180817604065,776,13,5.08647518199367,1,10.325974272377103
333.8999652862549,777,14,4.311531026380251,0,10.676440043471805
334.34767389297485,778,15,1.440468907278669,0,11.054808340294414
334.80189204216003,779,15,2.9834089721865884,0,11.506995026682695
335.23644256591797,780,14,3.4065686989448825,0,11.890415661216842
335.6804049015045,781,15,4.728313370536509,1,12.17252888478209
336.1223165988922,782,14,4.189033797838722,0,12.577223239392687
336.5619864463806,783,17,7.465160129474159,1,12.88203486261876
337.0058944225311,784,17,1.2055760201535175,0,13.378745364510841
337.44812297821045,785,13,1.700851180159378,0,13.95870748256391
337.9002113342285,786,13,3.203787738672145,0,14.026980379695054
338.3081295490265,787,13,8.693911985549438,1,14.020333026444938
338.7029695510864,788,16,3.826358280125464,0,13.996581938205793
339.0920865535736,789,13,2.5677837409536117,0,14.312536228792347
339.4795458316803,790,15,0.8579490444252715,0,14.307375629580164
340.00076818466187,791,12,4.040306352426825,0,14.482582940641954
340.5029845237732,792,17,5.0968363033738315,1,14.435533638893006
340.9672842025757,793,15,2.8825391200259944,0,14.846005320337795
341.35093688964844,794,16,2.722885646785637,0,15.052670119064523
341.75655937194824,795,16,5.860670604810019,1,15.388086314253044
342.1949896812439,796,16,1.1275635426017079,0,15.665095118457344
342.63222646713257,797,13,6.28121012193044,1,15.980707483878547
343.07503962516785,798,13,4.478402687029943,1,16.033219351089585
343.5072865486145,799,12,2.8074026117365642,0,16.077224389415093
343.8997960090637,800,11,2.5786400021530618,0,16.021698232736597
344.3313012123108,801,10,4.20507784513584,0,15.88946120250607
344.7636721134186,802,12,1.2606057285941612,0,15.671542600319135
345.2031977176666,803,13,2.6587979273599,0,15.62311984004019
345.64261770248413,804,12,4.816304752225807,1,15.708951480515111
346.06826090812683,805,13,2.6522725398015647,0,15.70161704408575
346.51381969451904,806,14,3.301938955752618,1,15.782077359488056
346.94678592681885,807,14,3.3205748153137526,0,15.94165127096064
347.39944100379944,808,15,1.0603893296654776,0,16.098124219930995
347.8530435562134,809,12,2.154841017938957,0,16.333020675622365
348.2895128726959,810,12,2.2030733484788363,0,16.298337440466526
348.72193574905396,811,11,1.7943283806137142,0,16.193830747014886
349.164265871048,812,11,2.5931736655194353,0,15.999860113471293
349.58480978012085,813,12,13.49024603349202,1,15.907197978320383
349.8403744697571,814,13,1.0096359879672818,0,15.708291010673115
350.0439786911011,815,13,1.8172137464545774,0,15.63887928405466
350.2701692581177,816,13,2.987225355761315,0,15.575024676034005
350.48845529556274,817,15,11.561951890588295,2,15.562073557608244
350.9880540370941,818,13,3.4361421589182455,0,15.764889542111696
351.20099687576294,819,13,2.8480710553311277,0,15.528253841701968
351.4188632965088,820,15,0.8748792885399974,0,15.339925143143084
351.6286232471466,821,17,5.845632960614531,0,15.248602399319878
351.8386881351471,822,14,2.7436369841206476,0,15.347323784267665
352.0468327999115,823,15,2.393850409886354,0,15.151005494718035
352.2449207305908,824,15,2.93496760694605,0,15.066287002620832
352.4480586051941,825,17,10.032721308021445,2,14.816713929687214
352.64756894111633,826,17,1.0731561140113297,0,14.79345022930282
352.8470757007599,827,14,3.8932619734393503,1,14.49813567244961
353.0469071865082,828,16,1.99287476859978,0,14.460404566512743
353.2470157146454,829,15,2.2566828718473566,0,14.508498853397494
353.4688992500305,830,14,1.7898628579302753,0,14.427032567131471
353.6585636138916,831,15,4.300104966294064,1,14.364566877609299
353.85658407211304,832,16,1.1079153712616039,0,14.366714185779497
354.05641913414,833,15,3.953986465799677,0,14.430078901150672
354.2635362148285,834,2,15.064046797212276,0,14.313535309577354
354.46470761299133,835,11,15.55487776854791,1,13.40782687492999
354.6628475189209,836,10,2.37631633039386,0,13.066121721637458
354.8752455711365,837,10,2.5988646227921555,0,12.7561109552774
355.0884819030762,838,10,1.7739123716033576,0,12.500345499368454
355.2899308204651,839,9,1.3686476286654006,0,12.304732253971409
355.5196580886841,840,10,0.5577013500847716,0,12.045668469765445
355.7337028980255,841,9,1.854574063501012,0,11.806148316991049
355.954302072525,842,12,2.5229575555402075,0,11.558097308516182
356.1620523929596,843,9,2.3719449831802804,0,11.467435790040234
356.36029720306396,844,8,2.2127693852219354,0,11.352756642784442
356.55551528930664,845,8,3.7371929574139937,1,11.186587428377855
356.76957535743713,846,8,0.7486413697781109,0,10.785059601872476
356.98370122909546,847,10,2.942513120407146,0,10.381341863372896
357.1870276927948,848,10,1.4668559628569473,0,10.120699173552026
357.39428544044495,849,10,1.8480599262262767,0,10.05725683267795
357.6035113334656,850,10,1.9916028645007613,0,9.800410556044099
357.8136444091797,851,11,5.5702845625184585,1,9.680940785157986
358.03632640838623,852,11,0.9697519874675612,0,9.428974159197367
358.247864484787,853,10,1.668383638900959,0,9.540861537011537
358.45665073394775,854,10,2.525190799349271,0,9.450975017562499
358.66286730766296,855,10,2.738178835798301,0,9.450371421798181
358.8516981601715,856,10,1.5404170082244726,0,9.474534628156931
359.1278443336487,857,12,1.7078213053732865,0,9.502174842053691
359.3474462032318,858,12,0.7249317312398356,0,9.491665881036951
359.570654630661,859,8,2.0573746062016243,0,9.485937384660929
359.78020668029785,860,9,3.3048120152130958,1,9.049913249458484
359.9950125217438,861,8,1.9612013729014213,0,8.609497522585613
360.204550743103,862,6,1.5589771389242058,0,7.980343729537665
360.42627358436584,863,6,0.47160496870550717,0,7.320326803136851
360.6437256336212,864,8,2.3578931291117335,0,6.749152363214023
360.8482608795166,865,6,1.185729964192777,0,6.295746359855826
361.0599708557129,866,7,8.44638247732295,1,5.737385662844844
361.2570037841797,867,7,2.63850334769914,0,5.392066574250123
361.45778155326843,868,7,3.3752519434166373,1,5.0676360794820425
361.66677021980286,869,8,1.7224729063333084,0,4.853979180498243
361.8699629306793,870,9,0.6316046425372045,0,4.517679446622793
362.10868096351624,871,8,1.0059126409074657,0,4.287294453636491
362.3354992866516,872,11,7.976211757616348,2,3.900382484242442
362.56020617485046,873,12,8.232862058134739,2,3.8608725688825416
362.7800681591034,874,12,2.263448843438238,0,4.031662437578859
362.9929416179657,875,13,3.5120157320190324,0,4.290069451235524
363.20942401885986,876,13,1.0593399842273223,0,4.656405262229498
363.41818833351135,877,12,2.088850056709994,0,5.029353797083019
363.7237946987152,878,11,2.537800378705221,0,5.40817683067678
363.97836470603943,879,9,2.2257020676380384,0,5.580795249614539
364.19707202911377,880,11,3.664883997221656,0,5.56004921880006
364.4059624671936,881,10,1.8403641245930071,0,5.924048085565488
364.6162362098694,882,11,0.6526320756521041,0,6.335676088987071
364.82846093177795,883,10,5.360944290749692,1,6.649002810816327
365.03806495666504,884,10,2.51573249959926,0,6.93511271437994
365.24913358688354,885,11,2.4403685801218065,0,7.232853078520435
365.494215965271,886,11,3.2976829877898126,0,7.789509442960224
365.7239785194397,887,14,3.109470169622229,0,8.367866500878208
365.9395785331726,888,14,1.0869830100311104,0,9.065319260609591
366.16816329956055,889,12,2.000700470439396,0,9.905047488001381
366.37648034095764,890,12,2.4612590813691018,0,10.460064165442832
366.5882692337036,891,12,3.0940921016238176,0,10.945733477669556
366.7987217903137,892,13,2.9509350622938864,0,11.508156120789941
367.02398681640625,893,11,2.848559968986825,0,12.258668269656681
367.22300815582275,894,13,1.8335811163510458,0,12.72571671627287
367.43238592147827,895,13,2.624576634324285,0,12.468585698427887
367.6402726173401,896,13,3.717823953552285,0,12.835005096280753
367.8526360988617,897,12,2.715260704763444,1,13.123129826786737
368.05557107925415,898,11,2.986878334468828,0,13.294839766483577
368.2561914920807,899,12,2.739772083766514,0,13.355895155867515
368.4556748867035,900,12,0.7060201727392365,0,13.445707859203267
368.65826392173767,901,12,1.8650123152898863,0,13.599741184824069
368.8635892868042,902,12,2.207159405196771,0,13.67670693346669
369.066344499588,903,12,3.230272620698705,0,13.960029900294217
369.2703289985657,904,13,3.4195266210628983,1,14.02827955896882
369.4862620830536,905,9,5.189421058444025,2,14.122572395638485
369.6949179172516,906,9,1.9153729213546673,0,13.791224180134336
369.91433691978455,907,10,2.4181467510709695,0,13.46012207641499
370.119099855423,908,11,2.333284732885047,0,13.369276793490371
370.3534314632416,909,12,3.765196962418749,1,13.388909640066743
370.74484968185425,910,11,2.256086082694566,0,13.547917769199245
371.1353602409363,911,9,1.8334269729562283,0,13.590365284859402
371.50871777534485,912,11,0.6454519989091055,0,13.472871967760682
371.90138244628906,913,10,3.7571099900045315,1,13.580614098276826
372.2917504310608,914,10,2.2474078208221484,0,13.486810752779434
372.77807235717773,915,10,1.7701038030606295,0,13.404785195379276
373.16628241539,916,10,2.748620872799397,0,13.285424140683304
373.557697057724,917,12,3.116871226461691,0,13.160515137613224
373.93990206718445,918,13,0.871203699055677,0,13.434972852704902
374.330623626709,919,12,2.4742654181645025,0,13.830372174624372
374.72293519973755,920,11,2.610786716701963,0,13.777090113296154
375.12530040740967,921,10,3.2061897547788463,0,13.659519679585472
375.5031547546387,922,10,2.516820214362992,0,13.324414739303897
375.88046765327454,923,13,3.4114114829170363,0,12.839306426375856
376.2555093765259,924,12,1.9086768870201989,0,12.736029135411506
376.6467139720917,925,12,3.3558366589462607,0,12.63569535844833
377.04398345947266,926,10,3.3363586263631344,0,12.384020370243277
377.42615151405334,927,12,2.7196710041317376,0,11.9403796846192
377.82537388801575,928,12,2.851548353277938,0,11.751999764453162
378.2625741958618,929,12,2.2986400369562205,0,11.556439559752034
378.6484112739563,930,12,0.8491896718849297,0,11.420339180875558
379.0340003967285,931,13,3.104469289372259,1,11.345111282932248
379.42104721069336,932,14,2.222543166780611,0,11.322235753406867
379.7969479560852,933,12,4.604657168474833,2,11.599999574632761
380.18334794044495,934,15,3.76170067419461,1,11.685619987506925
380.56229543685913,935,14,2.8850213059644223,0,12.119511266795987
380.9376254081726,936,15,0.9706169524542547,0,12.474594380571814
381.34402108192444,937,17,2.5004917243233913,0,12.930880178348648
381.7390236854553,938,15,2.241846082112133,0,13.534487832403805
382.1538133621216,939,14,2.1547510396322536,0,13.825677773893112
382.53103709220886,940,16,1.8566834206970155,0,13.869862604630327
382.9407398700714,941,13,1.6177362069783165,0,14.234372400579531
383.33694553375244,942,13,0.5817339528091156,0,14.194310481091605
383.7280294895172,943,13,1.7079682141694374,0,14.201919801520106
384.1161253452301,944,14,3.2186478884089684,1,14.151834168970012
384.4999089241028,945,13,2.4276131987734817,0,14.201015414866937
384.8773477077484,946,14,1.984334575956239,0,14.188049285015296
385.26382780075073,947,13,2.19717069880123,0,14.27452862838173
385.6474392414093,948,14,0.7516752640280437,0,14.402565126234443
386.03493189811707,949,12,2.2453165978867657,0,14.629921829990352
386.42013144493103,950,13,4.516255262113527,1,14.555501122363069
386.8704535961151,951,12,2.319210557925067,0,14.59099867470104
387.312983751297,952,13,3.1227490107814035,1,14.525222640871327
387.7408838272095,953,12,2.3256152128767122,0,14.604994448374747
388.16805148124695,954,12,1.2956148593596881,0,14.488837117738782
388.59578490257263,955,12,2.738441992500868,1,14.47226667833585
389.02518486976624,956,11,2.210121418063508,0,14.459573857948456
389.4555721282959,957,11,3.224931354359899,1,14.356342923166153
389.8855686187744,958,15,5.352054966196569,1,14.210862739514837
390.3170201778412,959,12,2.3578019967740707,0,14.394873231966976
390.5901107788086,960,13,0.8203421096834262,0,14.319715515426104
390.8307943344116,961,12,2.1610416767962066,0,14.337398502897578
391.0619144439697,962,11,1.1479128510219958,0,14.267063007749222
391.2677969932556,963,11,1.3077008018303236,0,14.114509751067072
391.4744327068329,964,13,3.2820167116879064,1,13.973988646945564
391.6788375377655,965,12,1.7030724506309582,0,14.057486322181436
391.88248920440674,966,12,0.5291560002364504,0,13.86433312951229
392.08507657051086,967,13,2.498115229323035,0,13.669926118287318
392.7354006767273,968,13,2.787687655443564,1,13.636821839726611
393.08787202835083,969,12,2.40439322342609,0,13.621445256930699
393.2995960712433,970,13,3.0827235800404367,0,13.564613796842485
393.520299911499,971,15,1.7785194739681196,0,13.53648416668634
393.7236268520355,972,15,0.6364103152748369,0,13.553746001724777
393.93354511260986,973,14,4.324682150017801,1,13.665262331775388
394.14595794677734,974,13,3.2977933833075213,0,13.636752823222032
394.345276594162,975,12,3.0940364597249146,1,13.522578311510294
394.548397064209,976,11,2.6818010598743394,0,13.328188849839243
394.7644078731537,977,12,3.9822666663924697,1,13.055559468076552
394.97063183784485,978,12,1.2005058765592302,0,12.961339564153299
395.1730020046234,979,11,1.7005285912094552,0,12.920781303548518
395.3913502693176,980,13,3.306428042431455,1,12.755733531818922
395.8193783760071,981,13,2.18374841692623,0,12.682441658699082
396.2634837627411,982,13,2.0692265714252236,0,12.543557517058428
396.6972348690033,983,13,2.995123496549075,0,12.39030132554645
397.12121081352234,984,2,41.39268903872922,1,12.401605433802334
397.5297260284424,985,5,13.752469331784663,1,11.459701633798637
397.93190121650696,986,6,3.5971123677216132,0,10.759401062089331
398.41814661026,987,6,1.8307668661103156,0,9.999935025448053
398.7887878417969,988,6,1.4269507922308982,0,9.37247601108561
399.17636227607727,989,7,2.2950703516170683,0,8.744088775182433
399.556521654129,990,8,0.6754205187281537,0,8.211165833703305
399.98497772216797,991,8,3.9825539100618363,0,7.758469901283718
400.42437076568604,992,7,4.255017367591804,0,7.372710754675637
400.85381531715393,993,10,1.4992486387757213,0,6.973939142984364
401.28295063972473,994,9,1.0568223317050476,0,6.73796739118842
401.7046308517456,995,8,1.2730782298944945,0,6.622523181076758
402.13143134117126,996,8,0.48135096629785173,0,6.358657241923993
402.51192355155945,997,9,2.399459137261527,0,6.198576629117099
402.948322057724,998,9,1.7960936146500646,0,6.279838826777052
403.43858766555786,999,10,2.034714400231656,0,6.233060786303355
403.83746886253357,1000,10,2.531825470196685,0,6.272569218702245
404.3354878425598,1001,10,2.8980955568148503,0,6.43683584371739
404.75908637046814,1002,11,1.0387278636782025,0,6.439682888288544
405.1628770828247,1003,10,2.918303248067317,0,6.565113833931861
405.65301609039307,1004,8,1.774294621163681,0,6.570789749881854
406.0742220878601,1005,7,2.2546059000356156,0,6.468795963781318
406.4460434913635,1006,9,12.060297106305226,1,6.226916004312002
406.88051176071167,1007,9,3.1750896308768195,0,6.2636682875589855
407.3232491016388,1008,9,0.782284615079788,0,6.24779365464282
407.7459285259247,1009,9,2.771790700607088,0,6.317246335878394
408.1754295825958,1010,7,2.699634461663313,0,6.269195846174711
408.62357664108276,1011,10,4.015268912252563,0,6.082842025396701
409.0593526363373,1012,8,2.3571474496597555,0,6.171162505545567
409.49133110046387,1013,11,2.404243238969822,0,6.121724972447865
409.9173164367676,1014,11,1.264335193642157,0,6.3390450051502825
410.3612082004547,1015,10,4.369612566555517,0,6.552858895166338
410.7830035686493,1016,10,3.5463853053062087,0,6.670339935557138
411.2162160873413,1017,11,3.6327761638868226,0,6.733846140823331
411.6448669433594,1018,7,2.6207397543036937,0,6.901889424566036
412.0767583847046,1019,9,5.643224498272838,1,6.877521367543622
412.4982645511627,1020,10,0.811255955099462,0,6.916948796938215
412.9262716770172,1021,11,2.0295581390449926,0,7.106188452774916
413.36056685447693,1022,11,2.6201076591897916,0,7.342008595745966
413.79248547554016,1023,11,2.237160265749283,0,7.5246039448067705
414.2144043445587,1024,11,4.076231974435362,0,7.702780074983899
414.64645314216614,1025,9,2.251147222063183,0,7.972412153192693
415.07408475875854,1026,9,0.8174970747523069,0,8.006015056499074
415.491286277771,1027,10,2.1160723664297016,0,8.046045513146922
415.87751173973083,1028,8,2.342842372044822,0,8.235429926976998
416.3707582950592,1029,10,4.650789444004741,0,8.233264899327544
416.7974855899811,1030,11,3.5808632614423543,0,8.380074508339018
417.1974537372589,1031,10,4.2385013532971545,1,8.666334092257841
417.6883282661438,1032,10,0.7841783628236949,0,8.953893267327668
418.11261773109436,1033,11,1.7282223135418617,0,9.254124327571766
418.49112343788147,1034,12,3.889068513769634,1,9.602400910917822
418.88042879104614,1035,12,4.699536043481042,0,9.991301190073859
419.2749671936035,1036,9,2.690785370638289,0,10.330171270733672
419.6808018684387,1037,11,4.096614714995473,0,10.361600905260149
420.11693930625916,1038,11,1.2019813457693267,0,10.6230415050278
420.55344796180725,1039,11,3.376564252875147,1,10.889888626021982
420.99240350723267,1040,10,3.2686996533345525,0,11.110491228519695
421.37831449508667,1041,11,4.782190538051846,0,11.352633703375439
421.93448972702026,1042,9,3.6643443374399576,0,11.708289945040676
422.34888458251953,1043,8,1.9392197302132634,0,11.877814498786854
422.77650451660156,1044,8,2.31878150530952,0,11.972186101683377
423.2032561302185,1045,9,3.197912672829293,0,11.480212344855026
423.6273684501648,1046,9,2.3380030852797504,0,11.223423747195682
424.0501551628113,1047,9,1.6938305813177426,0,11.011919977328983
424.4800055027008,1048,9,1.3623904470081747,0,10.79492135636685
424.89422631263733,1049,11,5.575476775692896,1,10.569671582952562
425.3188874721527,1050,11,0.7811081917846849,0,10.563713764094903
425.75309801101685,1051,11,2.2478580312750758,0,10.6034363450028
426.1819643974304,1052,10,2.975888129492633,1,10.63581898401888
426.6277828216553,1053,9,1.7390165925258902,0,10.521460671453589
427.0557098388672,1054,10,2.413807297081359,0,10.47800774900525
427.44859862327576,1055,9,2.142547264382597,0,10.466245235832812
427.827912569046,1056,9,0.9589187963056481,0,10.311856971737324
428.2694854736328,1057,10,5.577958672233246,1,10.157707851400522
428.75558066368103,1058,11,1.6717917812872929,0,10.141744510305916
429.22561478614807,1059,11,2.3672278122734762,0,10.208754851726736
429.6194772720337,1060,13,2.866232562128708,0,10.324627463695599
430.0012311935425,1061,12,1.8439393176385013,0,10.609006276194332
430.3845407962799,1062,12,0.6439837913507014,0,10.799133402134679
430.7798418998718,1063,12,2.4156735284347053,0,11.03912354524498
431.1612265110016,1064,12,1.2487514133503839,0,11.221045465646593
431.5473165512085,1065,11,1.6493253351736137,0,11.289410911692386
431.9244201183319,1066,10,1.6874201382348004,0,11.209663774387163
432.32339453697205,1067,10,7.870297480964451,1,11.146786720560796
432.7095904350281,1068,10,0.6578100706417208,0,11.081014239023608
433.0919780731201,1069,10,3.3771901500137678,0,11.013041323576536
433.4776334762573,1070,10,10.598170433468484,2,10.943221329915636
433.8625786304474,1071,11,2.3296885157926726,0,10.762652833513313
434.23471999168396,1072,10,2.10388228827024,0,10.82073917753453
434.62024688720703,1073,7,1.6573348544173736,0,10.685788916770885
435.00034046173096,1074,6,1.741073413844706,0,10.459955407411162
435.3773293495178,1075,7,3.185385440876297,0,10.160792321984013
435.74892377853394,1076,6,0.9838012221343425,0,9.901709642295433
436.12442779541016,1077,7,10.098633427570297,1,9.56707176034084
436.49910712242126,1078,7,1.167262645540143,0,9.378026065259888
436.8926784992218,1079,8,3.7598287020525727,0,8.979567741145193
437.26557183265686,1080,8,0.781346131013807,0,8.771985521031887
437.64437103271484,1081,8,5.224196744614982,1,8.620128428621733
438.051864862442,1082,11,4.147789252596788,0,8.524899945970937
438.4614050388336,1083,11,1.569447399597609,0,8.684361033200965
438.8476276397705,1084,8,1.763274236679845,0,8.846591286462306
439.2424621582031,1085,9,3.881494677046576,0,8.759825299269185
439.6297113895416,1086,9,1.3169421214521595,0,8.652331867325099
440.0285289287567,1087,12,8.627629666965863,2,8.543364891755786
440.4236650466919,1088,11,3.7988919557343026,0,8.740604462941924
440.8762767314911,1089,10,2.7483135898276143,0,8.73371750772246
441.2538266181946,1090,11,2.887371935247319,0,8.754621438791645
441.64943742752075,1091,13,3.6619063405739802,0,8.915347170758135
442.04841566085815,1092,13,0.8893905810524837,0,9.189500215157835
442.446914434433,1093,13,2.277088273683909,0,9.45840312803327
442.8375244140625,1094,12,1.6763326525463083,0,9.778383379211558
443.22786378860474,1095,10,2.323602328303496,0,10.067084995832436
443.61365580558777,1096,10,2.1809054013041593,0,10.187008686847488
443.992702960968,1097,9,1.7243571574306864,0,10.139614974025765
444.3928310871124,1098,10,2.9754493420297314,1,10.120147480563219
444.78302478790283,1099,10,2.6828793022799076,0,10.191072824156276
445.1831967830658,1100,9,1.4291381530338718,0,10.265037197300785
445.58548736572266,1101,10,1.9382646533261607,0,10.197227043268132
446.0268552303314,1102,8,1.9148642617276233,0,10.277855332788539
446.4561014175415,1103,9,1.7870167114688713,0,10.068601396654172
446.8374946117401,1104,9,1.7346347986641508,0,9.888852852286453
447.2267076969147,1105,11,1.130648627924377,0,9.706498189477866
447.61864733695984,1106,10,1.5427753286150108,0,9.754950386766224
448.0058560371399,1107,11,2.0747188609675145,0,9.711038000551746
448.3897180557251,1108,10,2.6391543347165354,0,9.752396480201357
448.8179728984833,1109,11,1.8815081839547914,0,9.700647074472693
449.2463176250458,1110,11,0.6786838725139152,0,9.851420971530585
449.67351388931274,1111,11,1.722346903062911,0,10.003189437602368
450.12507486343384,1112,11,4.864782595080167,1,10.155907446130659
450.56441593170166,1113,11,3.047987422527837,1,10.250815036335307
451.00361251831055,1114,11,3.4486814102128607,1,10.285201038688934
451.39661598205566,1115,10,2.3394997381292653,0,10.37225017267166
451.780880689621,1116,11,0.8451045575995157,0,10.30862975808789
452.2319140434265,1117,12,2.66108529524315,1,10.33339228157067
453.10566568374634,1118,13,1.739925428275773,0,10.511206920175862
453.55729937553406,1119,11,1.7428172245845166,0,10.83470269781279
454.01055574417114,1120,11,1.5859971685957903,0,10.961193631247989
454.4097909927368,1121,12,2.766098098795578,1,11.198948777800812
454.86937499046326,1122,12,0.6684689301064526,0,11.478940232211919
455.2892429828644,1123,12,2.5524711952687165,0,11.753121263114444
455.7211329936981,1124,12,2.1455888822201628,0,12.024981088336112
456.1886396408081,1125,14,1.9047661557016835,0,12.298264835432711
456.57647252082825,1126,12,4.85428271124135,1,12.687624660954889
456.97115421295166,1127,15,2.5172963156908033,0,12.826044561253866
457.39238119125366,1128,15,0.647984829434653,0,13.236174568796756
457.8472626209259,1129,15,2.3336701858602416,0,13.636585332845343
458.27715277671814,1130,13,1.8015482005744852,0,14.0175709249677
458.73414182662964,1131,14,3.690163181146603,1,14.208082164509278
459.14638090133667,1132,13,2.611284203252942,0,14.525131895291452
459.5944356918335,1133,12,2.1785202985737366,0,14.696820529496563
460.01977372169495,1134,14,1.7856294424328607,0,14.603248281215443
460.47552132606506,1135,13,0.0,0,14.631014527299556
460.8494312763214,1136,10,34.44701279067397,1,14.587904898927263
461.22357726097107,1137,13,2.8604865271026743,0,14.216170977994196
461.62107372283936,1138,12,1.4942824918374307,0,14.162036486318343
462.0225462913513,1139,12,3.106107498828586,1,14.00949168336637
462.4566867351532,1140,12,1.8142061969959997,0,13.905529141023706
462.8807053565979,1141,12,0.660828166886129,0,13.791617908050945
463.29737997055054,1142,10,1.3112727897556482,0,13.66855917151851
463.71251463890076,1143,10,1.1207124215053945,0,13.523466551369445
464.13152289390564,1144,12,5.5302506345579845,1,13.382297155836852
464.595858335495,1145,12,2.4581601247847273,0,13.262862774064303
464.9451730251312,1146,12,5.636317255851696,1,13.175472540791581
465.16705107688904,1147,12,1.0618424924792556,0,13.072485329837555
465.3877546787262,1148,12,2.1101700379899504,0,13.121006919619976
465.62848353385925,1149,12,5.837896450760483,1,13.121996358081311
465.83698892593384,1150,11,2.3347538874605993,0,13.069786767705434
466.0405955314636,1151,12,3.277745085484599,0,12.98775959976454
466.2509481906891,1152,12,2.5132935396468663,0,13.084471202330572
466.4519536495209,1153,12,0.9040098835977194,0,13.183038776005496
466.6543288230896,1154,9,1.743619681636691,0,13.284917529155699
467.08553171157837,1155,10,2.6081669059252484,0,13.147635082954302
467.544148683548,1156,9,3.57219525430967,0,12.990298914281809
467.96883749961853,1157,8,2.6749351664212306,0,12.749013223951867
468.36983132362366,1158,8,1.7418494150329766,0,12.374517566162277
468.7583529949188,1159,9,0.5817023230118923,0,12.046929516383607
469.17188572883606,1160,10,3.441419818463453,0,11.796255413693373
469.5855484008789,1161,11,2.0210884780535827,0,11.566367504857578
470.1191260814667,1162,10,1.7148522809754785,0,11.462779451918374
470.5580401420593,1163,13,4.205828463669262,0,11.160293457469308
471.082332611084,1164,12,1.627442367528888,0,11.14591078333448
471.4933032989502,1165,14,0.7062404530694636,0,11.040495581076335
471.87446880340576,1166,10,2.000878497065238,0,11.21019864960373
472.26492166519165,1167,12,1.9368097961381645,0,10.978628167509601
472.65026473999023,1168,13,2.358409652380895,0,10.972056158613022
473.06403279304504,1169,11,2.0215232389791473,1,10.985862550279531
473.48458075523376,1170,14,2.8764261381108245,0,10.881360705360446
473.9461362361908,1171,15,0.855990569872626,0,11.033015767918332
474.3483073711395,1172,14,1.3666040594908984,0,11.27063547950809
474.794114112854,1173,12,1.5236136357408754,0,11.412019133841833
475.1898605823517,1174,14,2.3064133101400532,0,11.37163138140942
475.6188406944275,1175,13,1.508196219428962,0,11.506296371159216
476.05946612358093,1176,12,1.4538215203592675,0,11.480204452662916
476.51308012008667,1177,12,0.5347086567930003,0,11.418494504415156
476.82234811782837,1178,10,1.1523685148047038,0,11.423692339005745
477.0419464111328,1179,12,1.8952052786905704,1,11.313498299722006
477.2774121761322,1180,12,3.9650753797471703,2,11.269464623530464
477.4829158782959,1181,14,2.22637775384167,0,11.224717054836223
477.69430899620056,1182,13,3.166793677380054,1,11.407544718950025
477.90144658088684,1183,13,0.8537620617305043,0,11.497069318973075
478.1138586997986,1184,11,2.154165552402192,0,11.581843326517282
478.3248407840729,1185,13,1.604241351825159,0,11.498270513587782
478.5410678386688,1186,13,1.4791282241835946,0,11.692341699697389
478.7502226829529,1187,12,1.280880530544582,0,11.774823918044081
478.95129132270813,1188,13,1.8401257796904538,0,11.942493769216622
479.1374280452728,1189,13,0.6373517747079979,0,12.194201195775637
479.68006134033203,1190,13,1.0960104155971893,0,12.461551813927539
480.13024830818176,1191,12,1.0721431315488001,0,12.62586074878793
480.5222980976105,1192,14,3.230155959553165,2,12.765842025894461
481.1820800304413,1193,12,2.0448636043444424,0,13.041121646041159
481.5871789455414,1194,12,2.5299044641828035,0,13.069345798781992
481.97485399246216,1195,12,0.8060280125899747,0,13.213921263087574
482.40699315071106,1196,11,3.0546413635501732,0,13.307363867133269
482.8150634765625,1197,13,3.7846231228547604,2,13.133478416852252
483.24759459495544,1198,11,1.885933227288143,0,13.315190508631328
483.50086069107056,1199,12,2.809846020363448,1,13.240060306924985
483.7326247692108,1200,10,1.7055848139610508,0,13.2563680039924
483.9587182998657,1201,10,0.5856296402382433,0,13.09788128167721
484.1796672344208,1202,11,1.9955070854402168,0,12.947679332326999
484.3773009777069,1203,12,2.2762469034631456,0,12.778748185367661
484.5744285583496,1204,13,2.386791651277052,1,12.695661216895868
484.7876949310303,1205,13,2.5968802236084825,1,12.799886634839769
484.99426102638245,1206,13,2.1914715327124896,1,12.899550848274824
485.18977904319763,1207,15,0.822267069172359,0,12.995495689079625
485.39303755760193,1208,15,2.334763524705141,1,13.24772654359661
485.59406757354736,1209,10,14.334826509407435,4,13.493020829833974
485.79767894744873,1210,14,3.9840025826357204,0,13.348753884269385
486.0039072036743,1211,14,2.4997953870028833,0,13.46386781313857
486.20156383514404,1212,12,1.8667273759593048,0,13.629274002577183
486.4040162563324,1213,14,3.151052949273908,0,13.644360962974638
486.60209584236145,1214,14,2.452118142097788,0,13.814215625902477
486.8047528266907,1215,15,0.6740929786961064,0,13.80342818952208
487.0096459388733,1216,13,1.1719813908608099,0,13.916956542401515
487.2112784385681,1217,14,1.706047248534499,0,13.80658085595887
487.40256905555725,1218,14,1.5437043063313298,0,13.695327911510581
487.61417508125305,1219,13,2.387128977262515,0,13.566755274135069
487.8213028907776,1220,11,1.3459875456337724,0,13.40516295867527
488.0244183540344,1221,11,0.46148368554531677,0,13.13973265046699
488.2337079048157,1222,13,3.2372025699805085,0,12.930262729788483
488.4466919898987,1223,15,2.850821073852282,0,12.804334192244927
488.66067457199097,1224,12,1.5988798525330987,0,13.02243413680117
488.87004685401917,1225,14,1.650292660229126,0,12.938149151511247
489.0849668979645,1226,15,3.9348743908964665,2,13.14387086535891
489.28516697883606,1227,16,1.0025638688119634,0,13.163568226347373
489.48572182655334,1228,16,2.2018508420061362,0,13.386313342012446
489.68491983413696,1229,15,2.1273000677083194,0,13.672716425854095
489.8867688179016,1230,15,4.7396872881705185,1,13.737569177395748
490.09105110168457,1231,15,2.5675926845590737,0,14.003018331766985
490.2957422733307,1232,15,1.7404721796775908,0,14.340700246452464
490.49997448921204,1233,17,0.6084301474185304,0,14.615808990620621
490.7086458206177,1234,16,2.1755482439448186,0,14.920516348081946
490.9272563457489,1235,17,2.096266541059725,0,15.274992214519003
491.1396963596344,1236,16,1.6252258208525774,0,15.643120874724218
491.34889101982117,1237,16,2.186496387282167,0,15.84886932436811
491.5490219593048,1238,16,2.5275331785201463,0,16.041926432129458
491.74854493141174,1239,17,0.8001726702023514,0,16.09049814487996
491.95417046546936,1240,13,1.6731982267140006,0,16.350041114361517
492.1652042865753,1241,14,1.9968481684440962,0,16.253439420808633
492.372190952301,1242,15,3.4934761723979157,1,16.38580689402363
492.5749411582947,1243,15,3.0812795878388646,0,16.53905029799462
492.7835924625397,1244,16,3.194047141708435,1,16.695480763835803
493.0053117275238,1245,17,0.8731889380317178,0,16.790484889299464
493.2075550556183,1246,14,2.2189004707494107,0,17.122597485165755
493.43335485458374,1247,14,2.012837154792892,0,17.183640245789263
493.6493842601776,1248,12,3.6673193488425255,1,17.156648180722044
493.8517892360687,1249,11,2.291287679128966,0,17.01599067497459
494.0582230091095,1250,10,3.1429033424031707,1,16.78059309052267
494.27037024497986,1251,11,0.6871426259248261,0,16.431055838969968
494.4801094532013,1252,11,2.325797831752218,0,16.07910909611725
494.6918740272522,1253,13,9.638513857220888,2,15.900528228033863
494.88974165916443,1254,12,2.314299798241456,0,15.738406900919614
495.08508563041687,1255,13,2.0773903653190176,0,15.461448092646435
495.28935194015503,1256,13,2.7079402594483213,0,15.286185161542278
495.500314950943,1257,13,1.1977011299505533,0,15.022074729586258
495.7246763706207,1258,13,1.7289022563487033,0,14.914086417279513
495.94059777259827,1259,13,2.0762526087782285,0,14.646792734210685
496.1404321193695,1260,14,2.14093658896122,0,14.449467586636754
496.355028629303,1261,12,2.825489324565089,0,14.205607182016518
496.5675256252289,1262,14,2.794846874238854,0,13.73603825595956
496.7699337005615,1263,15,0.9305998025524511,0,13.552237935737798
496.9701244831085,1264,14,2.2912549221057392,0,13.542233949344691
497.16672468185425,1265,14,2.6722711432288246,0,13.491736079693275
497.37215209007263,1266,16,2.2635752430707416,0,13.438151318973528
497.58670687675476,1267,16,3.096204699046661,0,13.594080495277737
497.79130387306213,1268,16,5.097232062685724,1,13.891653124458118
497.993444442749,1269,18,0.7400586657300747,0,14.185523959481582
498.2300329208374,1270,17,2.582598301367599,0,14.312773855018634
498.4525890350342,1271,16,2.471023797663661,0,14.612049686821965
498.7629864215851,1272,14,2.0877286227918743,0,14.800306101488609
498.9986746311188,1273,12,6.742330040773248,1,14.610169787202722
499.2224214076996,1274,12,4.144117583384067,0,14.347329144603666
499.4441833496094,1275,12,1.6486288247426208,0,14.09110552774615
499.67106342315674,1276,15,4.482400333003161,0,13.917750909379953
499.9101643562317,1277,11,3.426043410815505,0,13.92959349507176
500.1423192024231,1278,12,5.46256961135862,1,13.572866164494354
500.3639211654663,1279,10,4.486587093709463,0,13.336220522506906
500.5909628868103,1280,10,2.8061700463375323,0,12.811000185276775
500.82003927230835,1281,11,0.9111421940137001,0,12.144821859444022
501.0456051826477,1282,10,3.887712059893108,0,11.594320009865257
501.2666800022125,1283,12,4.953075253447692,0,11.08939386375674
501.48697209358215,1284,11,7.503344847680496,1,10.96572026475944
501.7116975784302,1285,12,4.685727875192469,0,10.517316903895164
501.936163187027,1286,14,7.237725198656481,1,10.332807085598716
502.1658048629761,1287,14,1.196388824156316,0,10.445857861156782
502.397367477417,1288,15,4.707605215795511,0,10.635234842165659
502.631299495697,1289,14,2.986304417753364,0,10.938018075887612
502.8462927341461,1290,13,3.1776709568739276,0,11.064726189510054
503.087518453598,1291,14,3.378256177903512,0,11.0789422043798
503.31746554374695,1292,15,7.682713892753489,2,11.210333590101797
503.5453460216522,1293,17,1.3628032600378197,0,11.452606653463718
503.991765499115,1294,16,7.469192047268631,1,12.025504619731024
504.3806211948395,1295,15,5.704796163187551,1,12.447511813670488
504.782915353775,1296,16,2.6886873715882005,0,12.84202118677127
505.1885733604431,1297,17,5.211774895307324,1,13.293579800419504
505.63643980026245,1298,18,2.345581982113757,0,13.874189272666044
506.1091032028198,1299,18,0.7881515047433781,0,14.587842548790206
506.5380983352661,1300,17,2.120327450259492,0,15.377079111154998
506.9706857204437,1301,17,2.0994425324701433,0,15.721793910064875
507.4202606678009,1302,16,2.419475905250402,0,16.129124990760303
507.84981870651245,1303,17,7.648940216712352,1,16.46113114086579
508.2884466648102,1304,16,3.18450584196285,0,16.913454780157593
508.73335242271423,1305,18,2.553277376810676,1,17.28992029507893
509.1790771484375,1306,15,2.3334971055511304,0,17.98791000732902
509.6297564506531,1307,17,2.0803008599894253,0,18.049207116373296
510.04671359062195,1308,15,1.369282552376794,0,18.35213675084097
510.47551131248474,1309,16,2.463379438116186,0,18.237592009599567
510.89807963371277,1310,13,1.7799850073985826,0,18.175997161676122
511.3295738697052,1311,14,3.3854140714339085,1,17.654176625506125
511.7475109100342,1312,16,1.8207907668366832,0,17.331332633997974
512.1758365631104,1313,15,2.1254030218277964,0,17.265266008377992
512.6094148159027,1314,14,1.922742922834237,0,17.190286913810795
513.0056598186493,1315,15,1.8685480338270855,0,16.922840818749748
513.3991787433624,1316,17,4.817364218608038,1,16.84233542326428
513.9023621082306,1317,17,0.8169413027925169,0,17.01457317079648
514.3303825855255,1318,17,2.0209065457134185,0,17.15816096210321
514.7671339511871,1319,16,1.9054842917307597,0,17.287731754006657
515.192152261734,1320,19,2.2035568176746683,0,17.285827501229875
515.6350953578949,1321,17,2.575019772897228,0,17.675378950333297
516.0550031661987,1322,21,6.0874662100072685,2,17.702203059221347
516.4876494407654,1323,22,0.932241864000288,0,18.267443381242728
516.9087026119232,1324,19,1.998223293482318,0,18.955123039490942
517.3323214054108,1325,20,2.0083862798096934,0,19.228483032290413
517.75350689888,1326,18,3.2473076970605246,1,19.58730260092797
518.2188923358917,1327,19,2.137854453109136,0,19.826012013616207
518.6846268177032,1328,19,2.274437488067002,0,20.157468400697624
519.1318616867065,1329,20,0.7631145329885907,0,20.46810689807691
519.571929693222,1330,18,2.6171273697890722,0,20.964305874631094
520.0044219493866,1331,19,2.116266569939704,0,21.188423313852837
520.4340400695801,1332,17,2.0306194928611894,0,21.4553145385064
520.8633835315704,1333,18,1.918589274198811,0,21.413567549970082
521.3260293006897,1334,20,1.5474719789868798,0,21.38153188527295
521.8205757141113,1335,20,0.5001468106977724,0,21.541818770466534
522.2222917079926,1336,16,2.6911878513492455,1,21.651267204150002
522.6182670593262,1337,17,2.4833386929309422,1,21.505816881391468
523.002699136734,1338,17,1.8571707411093432,0,21.269468163577017
523.3974115848541,1339,17,2.189598697773938,0,21.081183948663366
523.8047227859497,1340,16,1.5724302998846125,0,20.8011369229648
524.1997637748718,1341,16,0.5616937042949386,0,20.422438042397474
524.6403903961182,1342,18,2.2999211977378966,1,20.09809911405425
525.3077907562256,1343,19,2.2192472631660976,1,19.94078724926797
525.7492182254791,1344,19,2.358867143429122,1,19.90352153750004
526.1481876373291,1345,21,2.5186353261906578,0,19.796603540392965
526.5619947910309,1346,19,2.042391188556092,0,19.902532970901476
526.9879505634308,1347,20,0.759622097569565,0,19.912025024524127
527.4317629337311,1348,21,2.589867280451295,1,20.001484944606048
527.8297388553619,1349,20,2.0082171856403046,0,20.20693396036087
528.2196977138519,1350,19,2.3123367304239335,1,20.26049843485633
528.6725461483002,1351,22,4.507128606290122,4,20.17446864610804
529.1035959720612,1352,22,1.9913335861971007,0,20.380000455942557
529.5673196315765,1353,22,0.7349373593355331,0,20.62511731703492
530.0318958759308,1354,20,1.8426734065834325,0,20.964192587335603
530.4944748878479,1355,21,2.6905142488060982,2,21.06474020756751
530.895441532135,1356,18,1.7153059134991049,0,21.17656155429745
531.3430967330933,1357,18,1.7682223427452526,0,21.080322037706665
531.7805297374725,1358,19,2.9779493247935043,1,21.032468166482047
532.1845061779022,1359,4,19.472109247823454,2,21.117056807138113
532.6329383850098,1360,14,7.733544124775338,0,19.92149342634621
533.0515236854553,1361,14,1.767282574219393,0,19.556791702877305
533.4746947288513,1362,13,2.8859297688060432,0,19.20077464191343
533.8928525447845,1363,12,1.966771277035678,0,18.712492374979057
534.3594636917114,1364,11,1.726690192552464,0,18.203378311627244
534.788295507431,1365,11,0.6175980517277001,0,17.56295327184006
535.3078241348267,1366,11,0.785783002535417,0,17.04227399115372
535.7138683795929,1367,13,2.5430430414165683,0,16.373266959987667
536.1192705631256,1368,13,2.4345670261889514,0,15.997508144472931
536.5591073036194,1369,13,3.0976390101947096,0,15.521639797065106
536.9414236545563,1370,13,1.3069947928038765,0,15.110972557183182
537.3480961322784,1371,15,0.4813172148337213,0,14.544848208240595
537.7711818218231,1372,14,1.4011683625203748,0,14.201005860315874
538.1718292236328,1373,14,1.7316197322384173,0,13.881479598468516
538.5818593502045,1374,15,2.173109267538996,0,13.511242274780926
538.9811699390411,1375,15,2.066097023407248,0,13.176237693189094
539.3985741138458,1376,15,2.1729788502724516,0,12.886912531787985
539.8324389457703,1377,15,0.6947001146126597,0,12.69976554865761
540.2747521400452,1378,14,2.4169319311988744,0,12.51679314419141
540.7026748657227,1379,13,2.589878403282861,1,12.257411067229441
541.0989370346069,1380,14,2.3393547775383956,1,11.874884717571774
541.5044531822205,1381,13,3.953754824766387,1,11.74224129437411
541.9012999534607,1382,12,2.473594014126947,0,11.431178451343783
542.3125352859497,1383,12,0.9425819220995465,0,11.256305037866298
542.7532844543457,1384,13,3.155027064581674,1,11.147170420548747
543.2053625583649,1385,12,2.6150554043383307,0,10.97877320201195
543.6632425785065,1386,12,3.279717915804591,1,10.792939274534973
544.1527848243713,1387,13,2.3281507851209855,0,10.50581159179157
544.6299331188202,1388,13,1.8086949563377333,0,10.378480786176226
545.0272073745728,1389,13,0.6514432784797515,0,10.29220072912176
545.4414260387421,1390,12,1.6692325957762426,0,10.268871960190893
545.8850469589233,1391,12,1.9990790150747788,0,10.057106207809284
546.3650333881378,1392,11,1.5735125402690542,0,9.9032394916197
546.7844986915588,1393,11,1.7579648399455452,0,9.589598253859833
547.1825935840607,1394,13,2.3980922313450765,1,9.352126465865354
547.5893259048462,1395,13,0.510228029759135,0,9.409431091085253
547.9851279258728,1396,13,1.7984602900812439,0,9.486166497707018
548.4305782318115,1397,13,1.4624300106470995,0,9.343319485367857
548.8792815208435,1398,13,1.8100434161948742,0,9.260606843854816
549.3396291732788,1399,13,1.8061903587466388,0,9.18290735514745
549.8061037063599,1400,13,1.5242300355993352,0,9.11275836712548
550.239919424057,1401,13,0.5813760447392359,0,9.007051245392972
550.6960353851318,1402,11,1.8842395936194807,1,8.899818053073346
551.1329488754272,1403,12,1.803739793519787,0,8.746477889206062
551.5692393779755,1404,11,1.5923216672346094,0,8.757325415759851
552.0116667747498,1405,12,3.6810794592746823,2,8.696304590805028
552.4529013633728,1406,15,1.9665382729602054,0,8.851739114424674
552.9197826385498,1407,16,0.6897308309778283,0,9.171429072193519
553.8961358070374,1408,14,1.9341778121923991,0,9.520742957951967
554.3554382324219,1409,14,1.7051786282031343,0,9.921429000371717
554.8392488956451,1410,15,2.8957745757189994,1,10.274257873327613
555.3679840564728,1411,16,3.076503552893813,1,10.667996628311855
555.816018819809,1412,16,1.5941478237083324,0,11.348290173180558
556.2491114139557,1413,17,0.5910611554521732,0,12.036609969763163
556.7737901210785,1414,17,1.4019598391419348,0,12.816212193377467
557.2275903224945,1415,14,1.6534201983315353,0,13.493895559042166
557.6846308708191,1416,13,1.5164413426236785,0,13.95245961936469
558.1459577083588,1417,14,2.2067658405769306,1,14.167328051123247
558.5909154415131,1418,14,2.2515191412027926,0,14.480034808915097
559.0450456142426,1419,14,0.8290045170937385,0,14.85305527200589
559.4874310493469,1420,15,1.507767550967218,0,14.420196122349683
559.9524590969086,1421,14,1.5716035700720488,0,14.598991983584725
560.400598526001,1422,13,1.2662027179948017,0,14.684289962460305
560.8204364776611,1423,12,2.1018661514450825,1,14.625470359513194
561.2266561985016,1424,13,1.1159093474590083,0,14.426758962891846
561.6573588848114,1425,2,40.76848684362091,2,14.267065118013443
562.0498476028442,1426,10,15.423856822975075,1,13.155218000389413
562.4469747543335,1427,12,1.4131181012995835,0,12.765353230708973
562.8425986766815,1428,14,3.1018226320648674,0,12.654211038459277
563.2465739250183,1429,13,2.6752710100753587,0,12.714364335772634
563.6474118232727,1430,14,2.176530646262925,0,12.688007777857322
564.070848941803,1431,14,0.6505624579755089,0,12.743945507923955
564.4617147445679,1432,11,3.1487948947804596,0,12.898560333214524
564.8621664047241,1433,12,3.1112457228768253,0,12.7568619979091
565.249669790268,1434,13,1.077988679436641,0,12.70483808509317
565.6514000892639,1435,13,3.3347308236300135,0,12.788666336589424
566.0350198745728,1436,11,2.8843524466840353,0,12.87685875181569
566.4247949123383,1437,11,1.0217502984431206,0,12.807956162897327
566.8101093769073,1438,11,2.3653093791095494,0,12.748337626010738
567.1924202442169,1439,10,1.3042753598431338,0,12.6477197446619
567.6138954162598,1440,10,4.417583774245086,1,12.42361533525805
568.065052986145,1441,9,4.928583747187459,1,12.255376144984517
568.5161733627319,1442,11,3.0844512812956153,0,11.963847316086557
568.9644713401794,1443,13,0.8164786566486165,0,11.788147055751395
569.3670072555542,1444,10,1.9156976935999928,0,11.77661884264084
569.8035614490509,1445,10,2.588039073574426,0,11.571380108005847
570.2382984161377,1446,8,3.1884555365477096,0,11.31928103068433
570.6938118934631,1447,12,2.8634365494314817,0,10.90647663361429
571.1764438152313,1448,11,2.3423660670801643,0,10.875631548184458
571.5738308429718,1449,11,0.8166304400837814,0,10.773729641509846
571.9648571014404,1450,11,2.3881197007239403,0,10.67608846238403
572.3571541309357,1451,12,3.403234022733505,0,10.528580232638326
572.7593371868134,1452,12,2.3429741926696406,0,10.462594889835408
573.1524724960327,1453,11,3.849418005085368,0,10.343781350282399
573.5569362640381,1454,11,3.2867530394406415,0,10.138154746510665
573.9464778900146,1455,12,1.9644406146428521,0,10.040335553365196
574.3784606456757,1456,14,3.227111657492962,0,10.021107167055987
574.8189809322357,1457,13,1.9819341436098277,0,10.165984032854979
575.2726521492004,1458,10,1.9104653420595095,0,10.226539607948965
575.7178423404694,1459,12,4.468616774412176,1,10.040668008614176
576.1602253913879,1460,10,3.548416913812025,1,10.027442149741148
576.6198358535767,1461,10,1.2053233816374689,0,9.846848113906887
577.0554869174957,1462,11,6.189483778900284,2,9.674941278770461
577.4943435192108,1463,9,2.4048454801942922,0,9.476367319278296
577.9396252632141,1464,10,3.146209758760189,0,9.162214968542614
578.3616147041321,1465,8,4.224287436535964,1,8.882307940136329
578.7900972366333,1466,9,2.7269962587688266,0,8.487838501415624
579.2213068008423,1467,9,0.9876381338384231,0,8.366112134924279
579.6651926040649,1468,8,3.701667818242814,0,8.317242380194827
580.082581281662,1469,9,2.1202404027957997,0,8.090672588694403
580.5153374671936,1470,10,5.917286367606855,1,7.962550586719857
580.9536783695221,1471,11,1.4800578034706573,0,7.991186295890188
581.3870022296906,1472,10,1.951463359097319,0,8.179074274414589
581.8106083869934,1473,10,0.6974178390085335,0,8.293708289775466
582.2345080375671,1474,9,2.2012357097461703,0,8.47984096597115
582.7037963867188,1475,12,13.544845636741087,1,8.587315052143637
583.1358668804169,1476,10,3.1187278589278327,0,8.814825648047744
583.5654714107513,1477,11,7.160529913347172,1,8.815094408801798
583.9853408336639,1478,10,3.607137508398233,0,8.967663806159564
584.3835854530334,1479,10,1.1368982968106023,0,9.04113975885609
584.8315312862396,1480,12,2.30302783366321,0,9.117801546012437
585.3125729560852,1481,7,4.123378167623216,0,9.431546827261045
586.0408134460449,1482,10,3.596902109785987,0,9.237399059907936
586.4729490280151,1483,10,2.4711770048301362,0,9.29777041072105
586.900458574295,1484,10,2.472393149446818,0,9.309527908788617
587.3506741523743,1485,11,0.8146969208549744,0,9.378818899477722
587.800895690918,1486,9,2.149089692891067,0,8.943434915499935
588.2322964668274,1487,12,3.8386184659723224,0,8.749088578206369
588.6809966564178,1488,12,8.125670086509055,1,8.93171516778429
589.1368958950043,1489,9,3.515833399451183,0,9.220920397555112
589.5896103382111,1490,8,2.3211628154303097,0,9.193448126303437
590.0417432785034,1491,9,0.8293347298728593,0,9.14093946344122
590.4807379245758,1492,8,2.423665749078241,0,9.191527578105777
590.9285457134247,1493,10,3.5618085257013337,0,9.003476627880858
591.3625130653381,1494,11,2.97233798416369,0,9.053550229694558
591.8130035400391,1495,11,2.5630171411365104,0,9.247553877994896
592.237536907196,1496,9,3.0637302697051707,0,9.446470747077552
592.7011079788208,1497,10,1.133199710032001,0,9.365611972003329
593.1296987533569,1498,4,47.88258822586857,2,9.37831888513485
593.5595440864563,1499,10,8.45116038498618,0,8.873081976830655
593.9979345798492,1500,10,4.545215875448834,0,8.850463402942133
594.4534842967987,1501,7,2.847099760614465,0,8.826506432062452
594.8849084377289,1502,10,14.565797283050621,1,8.49249185690796
595.2853693962097,1503,12,5.370687994455826,1,8.532218137998008
595.6839425563812,1504,12,1.118327428690955,0,8.849887369931174
596.0661358833313,1505,10,1.6033756358942721,0,9.009359055067009
596.4758183956146,1506,11,2.518424493804758,0,8.991853213464267
596.8996489048004,1507,12,3.7516787790693833,0,8.952541973864975
597.3526375293732,1508,11,4.2619770060554645,0,9.198058049461473
597.8034303188324,1509,11,3.9728899309800725,0,9.307567894272346
598.2383787631989,1510,12,0.8920808093746243,0,9.417731513432884
598.6843876838684,1511,10,3.1310602869262114,0,9.611185483643084
599.1132574081421,1512,9,3.854742468084901,0,9.687334084923648
599.506100654602,1513,10,5.772748812882766,1,9.685021862708728
599.9136738777161,1514,10,2.929636180935114,0,9.720120141701583
600.3835353851318,1515,11,2.1841723368886474,0,9.756198404735969
600.8443305492401,1516,12,0.6915408036982221,0,9.93237462365401
601.2775771617889,1517,12,3.0904968632843244,0,10.302790529143131
601.7201488018036,1518,12,1.7680099690978652,0,10.624955772679881
602.1470968723297,1519,13,5.100724859980374,1,10.788392754604937
602.5556535720825,1520,12,1.98795897012227,0,11.13724758127006
602.9655840396881,1521,12,3.583211335771895,1,11.292718387101974
603.3407113552094,1522,13,1.4327493266427984,0,11.440942238405782
603.7382559776306,1523,11,1.749609120552181,0,11.72219864886398
604.1188223361969,1524,10,3.848538878442453,1,11.725359889893852
604.5077106952667,1525,10,2.1066853800724417,0,11.69581694812532
604.9154007434845,1526,12,2.3742564449035073,0,11.562047637017365
605.3537447452545,1527,14,4.634710610520226,1,11.643718201454654
605.7478704452515,1528,14,0.8493627472850523,0,11.880294172770327
606.1792547702789,1529,14,3.198864948748543,0,12.055192933241528
606.6180698871613,1530,12,2.1865120056249348,0,12.271702405393476
607.0374941825867,1531,14,2.884879945300329,0,12.364471841926779
607.4901802539825,1532,14,1.9779232566439755,0,12.677365892817946
607.9380602836609,1533,14,1.2194561912955717,0,12.930218925206873
608.3408424854279,1534,14,0.38082726159391406,0,13.16955699453004
608.8289451599121,1535,13,1.3691465326274017,0,13.356922674017028
609.3017916679382,1536,12,1.8232670220682643,0,13.614507761701631
609.8042585849762,1537,13,1.6421389060413178,0,13.678444726991714
610.291962146759,1538,16,2.9731274681170436,1,13.87751657274302
610.7898163795471,1539,12,1.7356308086627945,0,14.277469489801817
611.2837793827057,1540,14,0.736453148361566,0,14.316532028972361
611.7444920539856,1541,12,1.6255219184490584,0,14.635751345963783
612.1501092910767,1542,11,3.203876503347479,1,14.472779948093176
612.5898451805115,1543,13,2.042322918458095,0,14.38619999052797
613.0172002315521,1544,12,1.2159172111749081,0,14.470567489825527
613.4172840118408,1545,13,3.5143000956382,2,14.45563223553475
613.8257439136505,1546,13,0.5941770361120526,0,14.581251795155055
614.2638719081879,1547,13,1.9544137428373145,0,14.595695691004948
614.7114729881287,1548,13,2.181318785945926,0,14.769817206953974
615.4383013248444,1549,13,2.665710444832762,2,14.99454147790567
615.89777135849,1550,13,1.7618514458444114,0,14.990433563803734
616.3369364738464,1551,13,3.729094019397478,1,14.916189639064328
616.7741675376892,1552,13,1.3846458411021032,0,14.886510878890874
617.2002022266388,1553,10,2.5934110517048956,0,14.79023228345143
617.6086957454681,1554,9,2.7034499761515116,0,14.525674370178947
618.0424025058746,1555,11,5.716471196866036,1,14.234946036431879
618.4696960449219,1556,12,4.254379087231697,0,14.125730416757094
618.8861348628998,1557,12,2.848770819152268,0,13.994841654297268
619.3142991065979,1558,12,1.0173015887189027,0,13.91415835188468
619.7613458633423,1559,14,14.889106799582562,1,13.507578586850805
620.2089912891388,1560,10,2.7424434585605018,0,13.581713541029437
620.6620733737946,1561,12,7.8870527647032755,2,13.299506401901397
621.0462441444397,1562,12,4.2297322851135934,0,13.027741265400593
621.4901821613312,1563,11,2.9767150126843065,0,12.910032525794124
621.9212927818298,1564,12,0.6145861545437075,0,12.807902456787076
622.3679623603821,1565,4,23.46448118103825,1,12.79507479529669
622.7889130115509,1566,10,8.279764889636905,0,11.990168184686224
623.2215733528137,1567,11,2.0302513762225236,0,11.76842402449053
623.6492807865143,1568,13,1.477327196042606,0,11.688215865577522
624.0977559089661,1569,13,1.3007590415185772,0,11.727362055116986
624.5534498691559,1570,13,0.7054685839188279,0,11.761958605967308
625.0093867778778,1571,13,0.2269418631570567,0,11.844994034482767
625.4502713680267,1572,13,1.2815307822101014,0,11.820276241031412
625.8876452445984,1573,12,1.8070303991754464,0,11.736175338883298
626.3103177547455,1574,12,1.0648421943193451,0,11.610927119949562
626.7465841770172,1575,13,1.8552042117134948,0,11.480696516671177
627.1805665493011,1576,12,1.1709561657193985,0,11.484053868874362
627.6169135570526,1577,12,0.4421232563934057,0,11.451018374913861
628.0399899482727,1578,13,1.634377507142218,0,11.418628077508828
628.4739034175873,1579,12,1.0631517621202027,0,11.469869472438308
628.9105756282806,1580,11,1.8239890970044523,0,11.486669190471009
629.3427908420563,1581,11,1.8614568631116695,0,11.369742084500881
629.7861285209656,1582,10,0.9446375261105855,0,11.254519649610621
630.2462723255157,1583,10,0.32101808778121554,0,11.109021249031535
630.6814513206482,1584,10,3.2227786476403444,1,10.865712785538442
631.1047811508179,1585,10,2.0864027009901296,0,10.571593590975475
631.5608127117157,1586,11,1.0721365102517286,0,10.273082082043388
632.003041267395,1587,12,1.2269923265434224,0,10.166116007667455
632.4432418346405,1588,11,1.1580656104889089,0,10.253471687678228
632.8787171840668,1589,11,0.4310525079493501,0,10.26185462742908
633.2971882820129,1590,11,1.01664040167576,0,10.278803245693787
633.7816960811615,1591,11,1.54032704994428,1,10.186987887621903
634.2431333065033,1592,11,1.4210251566791328,1,10.209616479828306
634.6949331760406,1593,11,1.6491888058125102,0,10.240697154471164
635.1256971359253,1594,11,2.1743422073731304,1,10.280991996138205
635.5760328769684,1595,11,0.7858074295594781,0,10.326905358682552
636.0378632545471,1596,10,1.107095042855425,0,10.323708596720373
636.480149269104,1597,10,1.2384686773673979,0,10.185829899952012
636.8991615772247,1598,11,2.162751094827771,1,10.11033341649464
637.2928805351257,1599,12,1.2468195268402114,0,10.29449564769785
637.7375979423523,1600,12,1.1800946895374602,0,10.351252216009044
638.183084487915,1601,13,0.41860278283161273,0,10.51766744630391
638.6224677562714,1602,12,1.2739273190486944,0,10.665434698920222
639.0725364685059,1603,13,0.9286330149675733,0,10.670273028097185
639.5147714614868,1604,12,0.9815734327040029,0,10.868351160630613
639.9633736610413,1605,12,1.1060414467151658,0,10.926084331054014
640.4231386184692,1606,11,0.9898900539104425,0,11.038946147845902
640.9601762294769,1607,11,0.3469736714933166,0,11.067115774860262
641.422287940979,1608,9,0.9842846394246736,0,11.10255042381922
641.854962348938,1609,10,0.6457345739271746,0,10.969783353971525
642.2687482833862,1610,11,3.753804296554804,1,10.932342611918433
642.7238850593567,1611,10,1.334581191190895,0,10.987241333904233
643.1598508358002,1612,10,0.7002189882634722,0,10.960644541133329
643.6015470027924,1613,11,0.2643352630434779,0,10.940898116447553
644.0450756549835,1614,10,0.5549508574523424,0,10.852408056009777
644.4709613323212,1615,9,1.2657900115815215,0,10.622174914009577
644.860102891922,1616,8,0.7558545471303094,0,10.414183898076882
645.9015762805939,1617,8,0.4367713301494546,0,10.145223449342424
646.4234311580658,1618,9,1.067731004501734,0,9.904018089143165
646.8675539493561,1619,10,0.31440013806710226,0,9.768765413640963
647.2929277420044,1620,10,4.03599397497767,1,9.843770853637324
647.7498264312744,1621,9,0.6194347101000209,0,9.704848116818852
648.1838128566742,1622,8,1.3943030379413308,0,9.589012690907644
648.6714539527893,1623,9,0.8676060246220805,0,9.388037461753242
649.2562243938446,1624,11,0.9816940634529258,0,9.223259176234109
649.7857973575592,1625,12,0.47654508203900287,0,9.302591177227548
650.2479083538055,1626,11,2.50296966296525,1,9.042976321605352
650.7547550201416,1627,11,1.066099802812207,0,8.999295422421937
651.2235162258148,1628,12,4.578639315283647,1,9.012259440877443
651.6962342262268,1629,11,2.4827721511355167,0,9.221719442804073
652.1415348052979,1630,12,3.2531881080169978,1,9.345051776107262
652.6435644626617,1631,12,0.8256538773062916,0,9.555101319427855
653.102205991745,1632,11,2.2550410414478814,0,9.769169116964868
653.5841717720032,1633,6,9.020747750828919,2,9.894109403860746
654.0061974525452,1634,13,2.6182716671745165,0,9.535749812221688
654.412365436554,1635,14,1.7733941113202174,0,9.803077985086347
654.8638689517975,1636,14,1.3424813986513984,0,10.19965251764712
655.2555530071259,1637,13,1.0256096462206579,0,10.539517507647977
655.6464805603027,1638,13,1.1150500319139052,0,10.784670901466297
656.0713105201721,1639,14,0.4369532040428674,0,11.075419540636938
656.5106675624847,1640,13,1.5762155741701733,0,11.396702484570133
656.9402456283569,1641,11,0.9597803797721584,0,11.577142611837443
657.4041783809662,1642,13,2.3328241080386416,0,11.587515342291296
657.8497908115387,1643,11,2.0357211715667702,0,11.712202808280036
658.2379291057587,1644,12,1.981375671128796,0,11.662365932953593
658.6768469810486,1645,13,0.6768758884791516,0,11.694980106723571
659.1295554637909,1646,12,2.863124999687963,1,11.805589073179082
659.5512022972107,1647,11,2.8002818180055686,0,11.877010953132535
659.9652593135834,1648,11,2.9492174756436023,0,11.91490318404896
660.411169052124,1649,10,2.444961951207445,0,11.90617332888117
660.7957978248596,1650,9,2.422601809156003,0,11.813951168306891
661.1839427947998,1651,10,0.8726679825827762,0,11.644877059500452
661.5830099582672,1652,9,1.7314980247487168,0,11.561951269936328
661.9977056980133,1653,11,4.277717676538705,1,11.402338992817555
662.3896539211273,1654,11,1.0192481327445035,0,11.40640261078931
662.8410201072693,1655,11,1.4927453233620662,0,11.412158224808525
663.2610087394714,1656,12,2.595631101940797,0,11.41721293134179
663.7165648937225,1657,12,0.6437878785087375,0,11.451927068392077
664.1236493587494,1658,10,2.5722374647942496,0,11.48108396603773
664.5789802074432,1659,12,9.122127024115287,2,11.398824768710927
664.9862146377563,1660,11,2.6935678304277926,0,11.52952985385883
665.4270946979523,1661,13,4.911498479841514,0,11.582051711043832
665.8284165859222,1662,11,4.00359964429441,0,11.849085809551251
666.228791475296,1663,11,1.4561714152369412,0,11.904550103802638
666.6149740219116,1664,9,1.927553270897357,0,12.01548674128529
667.0411813259125,1665,12,3.667681961771831,0,11.921561233050557
667.5149877071381,1666,13,3.7428860661170456,0,12.078166443960423
667.9776082038879,1667,11,2.161164873518605,0,12.262695264032068
668.3785247802734,1668,11,2.872342486942138,0,12.276480073852447
668.8111045360565,1669,11,0.7175188309190813,0,12.18353470280546
669.2236998081207,1670,10,2.8122258753872234,0,12.138752369750407
669.6833403110504,1671,10,2.0495932933974164,0,12.068354934876563
670.1092946529388,1672,13,3.855635083561765,0,11.940856547719061
670.5146899223328,1673,11,2.2013055604685148,0,12.059148594485574
670.9792804718018,1674,12,2.680857667768275,0,12.066259891936362
671.373694896698,1675,13,0.9054575530278718,0,12.094784868014731
671.8286731243134,1676,11,1.99518219630474,0,12.14728163798279
672.2326378822327,1677,14,2.4672808492103617,0,11.958651594039981
672.6697468757629,1678,12,3.0836862159582297,0,12.021852791169014
673.0567348003387,1679,13,3.9169229827893735,1,11.957021910447045
673.5128271579742,1680,15,2.0879467580480724,0,12.028324474740808
673.9140334129333,1681,14,0.5903081212278399,0,12.26051843939344
674.358270406723,1682,14,1.361337850846116,0,12.34118401941548
674.7580153942108,1683,13,2.0649545545979024,0,12.350479357892844
675.4514451026917,1684,14,2.0369212163250454,0,12.327797471499057
675.8865823745728,1685,14,1.9546106319684553,0,12.490186177659096
676.2677171230316,1686,12,1.7188875305763887,0,12.700038537799621
676.7026114463806,1687,12,0.8473730044201818,0,12.675014897915055
677.1200273036957,1688,12,2.4651131664040555,0,12.64660479249136
677.5490498542786,1689,12,2.148147755654561,0,12.672786006050508
677.9810998439789,1690,12,1.7692820870423291,0,12.642702729162565
678.4432170391083,1691,13,2.582565477465159,0,12.667626871291077
678.8345491886139,1692,12,1.7293596119676606,0,12.77592260089822
679.2575500011444,1693,12,0.6101661502565381,0,12.740615658725542
679.6814334392548,1694,12,2.651941774606991,1,12.429274175875669
680.1414406299591,1695,14,2.131682686391868,1,12.488930551361168
680.5489130020142,1696,15,1.9017375666497225,0,12.77771517748079
680.9776902198792,1697,12,1.902111224978422,0,13.152367043741833
681.3913805484772,1698,12,2.314953278454963,1,13.20907225683635
681.7994875907898,1699,12,0.7714653243186602,0,13.26812872208842
682.2110216617584,1700,1,15.464297195258048,1,13.384308945476327
682.6405889987946,1701,10,3.7146165306295673,0,12.507126296009833
683.0539405345917,1702,10,3.8241335452029466,1,12.322052479417245
683.4776947498322,1703,9,2.706473741009962,0,12.248360541406264
683.900942325592,1704,10,3.2628003197303417,0,11.988285187860944
684.3324463367462,1705,9,1.4676032576040892,0,11.872960449456258
684.7454285621643,1706,10,0.523471923644882,0,11.730496217288154
685.2538924217224,1707,8,2.750660381665133,0,11.629971096864008
685.7057530879974,1708,8,2.3906435103741344,0,11.306603944524063
686.1521892547607,1709,9,6.292488397118522,1,10.989991435509483
686.6421039104462,1710,9,2.204486133255992,0,10.711245309637704
687.1108071804047,1711,10,3.9992492271763673,0,10.379805171488485
687.6160955429077,1712,11,1.2756403382302377,0,10.1863553303862
688.0900986194611,1713,10,3.1078676735811412,0,10.026595972800578
688.5531046390533,1714,10,2.577970630359689,0,9.885411278676614
689.0613079071045,1715,10,2.2231171544597927,0,9.742480404492916
689.6748132705688,1716,11,2.7528662827782706,0,9.592462664833647
690.1987342834473,1717,10,2.706781026581325,0,9.599088393212604
690.7600157260895,1718,8,3.463797448236611,0,9.51577650798066
691.4012048244476,1719,8,1.2489366935114068,0,9.13484658417326
691.9885749816895,1720,9,3.4784828212646266,0,8.876427006966708
692.4047043323517,1721,11,5.525545599320221,1,8.686362638604578
692.8952691555023,1722,12,2.239068282303718,0,8.788545377345216
693.3607926368713,1723,8,1.9954347395304999,0,8.878126066376865
693.8091559410095,1724,8,2.6756682763195183,0,8.6015184026447
694.2566151618958,1725,9,0.8238403906721272,0,8.224064265492842
694.6901865005493,1726,7,1.5452990397971196,0,8.109481772718766
695.1364507675171,1727,8,2.042336164852995,0,7.8764260086356614
695.6361479759216,1728,10,1.9976184650803932,0,7.631964548676692
696.0939753055573,1729,8,1.4536467619928317,0,7.580827846431745
696.5266218185425,1730,9,1.6334253063704927,0,7.3594968362362465
696.9143147468567,1731,11,5.880710174666032,1,7.189528375779929
697.301860332489,1732,10,1.7882388306963892,0,7.197039043208321
697.705240726471,1733,11,2.2008704173856666,0,7.2669970131926505
698.090861082077,1734,11,2.4295709163643386,0,7.325440358099826
698.5323734283447,1735,9,2.3405856343216938,0,7.423110257966485
698.9420435428619,1736,10,2.8304541918901682,0,7.409441195232077
699.3492388725281,1737,11,0.8894813845655384,0,7.385505151809454
699.7608726024628,1738,10,3.451389019122515,1,7.597956019111237
700.1621885299683,1739,10,1.7431051437620577,0,7.631013461401693
700.587926864624,1740,8,1.812980919132505,0,7.713776375451488
700.974981546402,1741,10,2.1727725902014883,0,7.745311478558236
701.3707180023193,1742,11,2.555120366667579,1,7.902318388990125
701.7629768848419,1743,8,1.608979213295246,0,8.147955341873342
702.1698064804077,1744,9,1.9240547570702835,0,8.102935624287525
702.5820717811584,1745,10,2.332252952393514,0,8.198200473275605
703.4093704223633,1746,9,1.7201986754679128,0,8.34667590156424
703.9611701965332,1747,10,5.246417369100814,2,8.353253809096785
704.3635046482086,1748,11,2.1644964754664913,0,8.464443265465626
704.8030633926392,1749,11,0.7219083876841583,0,8.659332148426088
705.2302610874176,1750,9,1.3719110560049823,0,8.856118707348053
705.6795122623444,1751,10,7.714358874960779,1,8.886243982305004
706.0667388439178,1752,9,3.4652797478953956,0,9.060108701571277
706.450953245163,1753,8,2.278516627103415,0,9.10548333525453
706.8993954658508,1754,8,1.7162907433250618,0,9.07293313617497
707.3292870521545,1755,8,0.5165943776997525,0,9.050166344556025
707.8235368728638,1756,9,1.7642998721120944,0,9.138121568217779
708.2714717388153,1757,10,1.6773200780300321,0,9.376571631491274
708.7159299850464,1758,10,1.437035357054188,0,9.555259798298035
709.2307541370392,1759,9,0.7231428817630919,0,9.7407732031898
709.8068182468414,1760,10,1.7321517571775351,0,9.852091893682012
710.3702726364136,1761,10,0.6305686615348409,0,9.458676320733808
710.8982634544373,1762,1,40.84554220627019,1,9.531012915025556
711.4923083782196,1763,14,15.204716034538016,0,8.828960854225997
712.0391628742218,1764,13,4.454034476389884,1,9.214738402940814
712.5614967346191,1765,15,3.170570911365238,0,9.561494663765028
713.0254459381104,1766,16,2.3703217770895404,0,10.021406059706209
713.4727303981781,1767,16,3.0114045126758753,0,10.610364022183678
713.9152173995972,1768,14,1.5201974475514388,0,11.069231664657515
714.3461406230927,1769,16,0.5155043412694911,0,11.33189614268963
714.7988722324371,1770,14,4.179688730127461,0,11.812073405710692
715.2651100158691,1771,14,3.1063654131323553,0,12.102393618391673
715.6835305690765,1772,11,1.9801094791641511,0,12.432057058779108
716.1174366474152,1773,14,4.384761504759804,0,12.549170484172961
716.5799050331116,1774,13,1.8724909755956625,0,12.873420515701852
717.0436584949493,1775,13,0.5567825468560317,0,13.102330824137056
717.4692783355713,1776,11,2.2504081013641266,0,13.317769924171614
717.910617351532,1777,12,2.676020228081802,0,13.408832392753851
718.3184430599213,1778,14,8.307989049453262,3,13.524290047052943
718.7588906288147,1779,18,5.4341778331207085,2,13.701954468669953
719.1660118103027,1780,17,4.287155526370344,0,14.198746447973079
